Time	App_Name	BG_App_Cnt	Daylight	
2021-09-07 08:40:00.319005	TextLogger.exe	8	Morning
2021-09-07 08:40:03.708431	TextLogger.exe	8	Morning
2021-09-07 08:41:13.648291	TextLogger.exe	8	Morning
2021-09-07 08:41:20.288534	explorer.exe	8	Morning
2021-09-07 08:41:35.239684	TextLogger.exe	8	Morning
2021-09-07 08:41:40.948319	explorer.exe	8	Morning
2021-09-07 08:41:48.842346	OpenWith.exe	8	Morning
2021-09-07 08:41:52.846955	explorer.exe	8	Morning
2021-09-07 08:41:53.079362	notepad.exe	8	Morning
2021-09-07 08:42:11.607472	explorer.exe	8	Morning
2021-09-07 08:42:13.203073	Taskmgr.exe	8	Morning
2021-09-07 08:42:15.989029	notepad.exe	8	Morning
2021-09-07 08:42:17.160815	Taskmgr.exe	8	Morning
2021-09-07 08:42:19.361845	explorer.exe	8	Morning
2021-09-07 08:42:19.568864	notepad.exe	8	Morning
2021-09-07 08:42:25.073395	explorer.exe	8	Morning
2021-09-07 08:42:29.965016	notepad.exe	8	Morning
2021-09-07 08:42:45.338054	explorer.exe	8	Morning
2021-09-07 08:42:48.326144	TextLogger.exe	8	Morning
2021-09-07 08:42:58.904586	Taskmgr.exe	8	Morning
2021-09-07 08:43:20.873867	TextLogger.exe	8	Morning
2021-09-07 08:43:24.528906	Taskmgr.exe	8	Morning
2021-09-07 08:44:11.453651	ShellExperienceHost.exe	8	Morning
2021-09-07 08:44:11.584489	Taskmgr.exe	8	Morning
2021-09-07 08:44:13.269929	ShellExperienceHost.exe	8	Morning
2021-09-07 08:44:13.371481	Taskmgr.exe	8	Morning
2021-09-07 08:44:21.438376	explorer.exe	8	Morning
2021-09-07 08:44:22.708777	Taskmgr.exe	8	Morning
2021-09-07 08:44:23.659888	msedge.exe	8	Morning
2021-09-07 08:44:25.121709	Taskmgr.exe	8	Morning
2021-09-07 08:44:33.713931	msedge.exe	8	Morning
2021-09-07 08:44:34.746092	Taskmgr.exe	8	Morning
2021-09-07 08:44:44.515975	WINWORD.EXE	8	Morning
2021-09-07 08:44:46.593965	explorer.exe	8	Morning
2021-09-07 08:44:47.710105	TextLogger.exe	8	Morning
2021-09-07 08:44:50.295877	explorer.exe	8	Morning
2021-09-07 08:44:52.326999	ShellExperienceHost.exe	8	Morning
2021-09-07 08:44:59.532591	explorer.exe	8	Morning
2021-09-07 08:44:59.645866	TextLogger.exe	8	Morning
2021-09-07 08:45:01.416258	explorer.exe	8	Morning
2021-09-07 08:45:05.260739	IDMan.exe	8	Morning
2021-09-07 08:45:06.772361	explorer.exe	8	Morning
2021-09-07 08:45:10.480149	Taskmgr.exe	8	Morning
2021-09-07 08:45:24.237065	explorer.exe	8	Morning
2021-09-07 08:45:27.057235	explorer.exe	8	Morning
2021-09-07 08:45:27.742698	explorer.exe	8	Morning
2021-09-07 08:45:27.859878	explorer.exe	8	Morning
2021-09-07 08:45:29.354900	mblctr.exe	8	Morning
2021-09-07 08:46:07.902238	explorer.exe	8	Morning
2021-09-07 08:46:09.069156	explorer.exe	8	Morning
2021-09-07 08:46:10.896188	explorer.exe	8	Morning
2021-09-07 08:46:13.905761	explorer.exe	8	Morning
2021-09-07 08:46:18.815600	explorer.exe	8	Morning
2021-09-07 08:46:20.333083	TextLogger.exe	8	Morning
2021-09-07 08:46:20.913124	explorer.exe	8	Morning
2021-09-07 08:46:21.536132	Taskmgr.exe	8	Morning
2021-09-07 08:46:38.686400	WINWORD.EXE	8	Morning
2021-09-07 08:46:40.300554	Taskmgr.exe	8	Morning
2021-09-07 08:46:41.309278	TextLogger.exe	8	Morning
2021-09-07 08:46:51.030339	Taskmgr.exe	8	Morning
2021-09-07 08:47:36.842836	msedge.exe	8	Morning
2021-09-07 08:48:42.331808	Taskmgr.exe	8	Morning
2021-09-07 08:49:38.939513	msedge.exe	8	Morning
2021-09-07 08:49:48.614675	Taskmgr.exe	8	Morning
2021-09-07 08:49:56.884658	msedge.exe	8	Morning
2021-09-07 08:49:58.962644	TextLogger.exe	8	Morning
2021-09-07 08:50:00.960564	msedge.exe	8	Morning
2021-09-07 08:50:01.563065	WINWORD.EXE	8	Morning
2021-09-07 08:50:03.767024	msedge.exe	8	Morning
2021-09-07 08:50:37.344954	WINWORD.EXE	8	Morning
2021-09-07 08:50:38.560697	TextLogger.exe	8	Morning
2021-09-07 08:50:40.821293	Taskmgr.exe	8	Morning
2021-09-07 08:51:19.591276	TextLogger.exe	8	Morning
2021-09-07 08:51:22.527611	Taskmgr.exe	8	Morning
2021-09-07 08:52:24.023676	WINWORD.EXE	8	Morning
2021-09-07 08:52:25.590959	msedge.exe	8	Morning
2021-09-07 08:53:26.908321	explorer.exe	8	Morning
2021-09-07 08:53:27.446372	ShellExperienceHost.exe	8	Morning
2021-09-07 08:57:38.496710	msedge.exe	8	Morning
2021-09-07 09:03:30.047319	WINWORD.EXE	8	Morning
2021-09-07 09:05:14.172488	explorer.exe	8	Morning
2021-09-07 09:07:13.937286	explorer.exe	8	Morning
2021-09-07 09:07:23.128103	explorer.exe	8	Morning
2021-09-07 09:07:34.766036	WINWORD.EXE	8	Morning
2021-09-07 09:33:44.688988	TextLogger.exe	10	Morning
2021-09-07 09:34:19.225839	WINWORD.EXE	10	Morning
2021-09-07 09:34:21.376094	devenv.exe	10	Morning
2021-09-07 09:34:33.528633	msedge.exe	10	Morning
2021-09-07 09:34:34.698479	explorer.exe	10	Morning
2021-09-07 09:35:30.875547	explorer.exe	9	Morning
2021-09-07 09:35:33.812860	explorer.exe	9	Morning
2021-09-07 09:36:12.951959	explorer.exe	9	Morning
2021-09-07 09:36:29.811230	msedge.exe	9	Morning
2021-09-07 09:36:36.376253	WINWORD.EXE	9	Morning
2021-09-07 09:36:43.734682	msedge.exe	9	Morning
2021-09-07 09:36:49.511665	WINWORD.EXE	9	Morning
2021-09-07 09:36:51.698040	msedge.exe	9	Morning
2021-09-07 09:36:53.610029	explorer.exe	9	Morning
2021-09-07 09:36:53.725255	explorer.exe	9	Morning
2021-09-07 09:37:05.134687	explorer.exe	9	Morning
2021-09-07 09:37:05.226471	explorer.exe	9	Morning
2021-09-07 09:37:10.907749	Taskmgr.exe	9	Morning
2021-09-07 09:37:26.416522	explorer.exe	9	Morning
2021-09-07 09:37:29.930943	devenv.exe	9	Morning
2021-09-07 09:37:46.466994	explorer.exe	9	Morning
2021-09-07 09:38:47.828306	msedge.exe	9	Morning
2021-09-07 09:38:48.844871	explorer.exe	9	Morning
2021-09-07 09:39:00.353867	devenv.exe	9	Morning
2021-09-07 09:39:26.577774	explorer.exe	9	Morning
2021-09-07 09:39:28.634310	devenv.exe	9	Morning
2021-09-07 09:39:43.108001	dwm.exe	9	Morning
2021-09-07 09:39:47.919182	devenv.exe	9	Morning
2021-09-07 09:40:01.016976	explorer.exe	9	Morning
2021-09-07 09:40:06.562519	devenv.exe	9	Morning
2021-09-07 09:40:31.433975	explorer.exe	9	Morning
2021-09-07 09:40:35.593865	devenv.exe	9	Morning
2021-09-07 09:41:06.253036	explorer.exe	9	Morning
2021-09-07 09:41:13.271141	devenv.exe	9	Morning
2021-09-07 09:43:00.758433	explorer.exe	9	Morning
2021-09-07 09:43:06.335194	devenv.exe	9	Morning
2021-09-07 09:44:13.200054	explorer.exe	9	Morning
2021-09-07 09:44:14.809334	msedge.exe	9	Morning
2021-09-07 09:44:19.265119	explorer.exe	9	Morning
2021-09-07 09:44:20.829463	devenv.exe	9	Morning
2021-09-07 09:49:41.285496	explorer.exe	9	Morning
2021-09-07 09:49:55.093207	devenv.exe	9	Morning
2021-09-07 09:53:14.308011	TextLogger.exe	9	Morning
2021-09-07 09:53:23.896248	devenv.exe	9	Morning
2021-09-07 09:54:12.860888	TextLogger.exe	9	Morning
2021-09-07 09:54:41.226259	devenv.exe	9	Morning
2021-09-07 09:55:04.495278	explorer.exe	9	Morning
2021-09-07 09:55:06.512726	devenv.exe	9	Morning
2021-09-07 09:55:41.064227	msedge.exe	9	Morning
2021-09-07 09:55:44.001538	devenv.exe	9	Morning
2021-09-07 09:56:41.484186	explorer.exe	9	Morning
2021-09-07 09:56:43.258488	devenv.exe	9	Morning
2021-09-07 09:56:45.697784	explorer.exe	9	Morning
2021-09-07 09:56:50.850776	msedge.exe	9	Morning
2021-09-07 09:57:25.608316	TextLogger.exe	9	Morning
2021-09-07 09:57:26.696137	msedge.exe	9	Morning
2021-09-07 09:57:39.249055	TextLogger.exe	9	Morning
2021-09-07 09:57:40.201140	Taskmgr.exe	9	Morning
2021-09-07 09:57:42.014522	WINWORD.EXE	9	Morning
2021-09-07 09:57:43.619865	devenv.exe	9	Morning
2021-09-07 10:05:28.038948	TextLogger.exe	10	Morning
2021-09-07 10:05:42.106601	devenv.exe	10	Morning
2021-09-07 10:05:57.649554	msedge.exe	10	Morning
2021-09-07 10:08:17.950142	devenv.exe	10	Morning
2021-09-07 10:12:57.124991	WINWORD.EXE	9	Morning
2021-09-07 10:13:10.242306	explorer.exe	9	Morning
2021-09-07 10:13:16.477274	WINWORD.EXE	9	Morning
2021-09-07 10:13:25.039208	Taskmgr.exe	9	Morning
2021-09-07 10:13:30.735144	WINWORD.EXE	9	Morning
2021-09-07 10:13:40.515757	devenv.exe	9	Morning
2021-09-07 10:14:33.395188	explorer.exe	9	Morning
2021-09-07 10:14:44.782161	devenv.exe	9	Morning
2021-09-07 10:14:48.971335	explorer.exe	9	Morning
2021-09-07 10:17:03.516441	devenv.exe	10	Morning
2021-09-07 10:17:18.922705	WINWORD.EXE	10	Morning
2021-09-07 10:17:30.500060	explorer.exe	10	Morning
2021-09-07 10:17:30.624075	explorer.exe	10	Morning
2021-09-07 10:17:31.317392	devenv.exe	10	Morning
2021-09-07 10:17:34.758583	Ssms.exe	10	Morning
2021-09-07 10:17:39.661585	explorer.exe	10	Morning
2021-09-07 10:17:39.796340	explorer.exe	10	Morning
2021-09-07 10:17:40.723041	WINWORD.EXE	10	Morning
2021-09-07 10:17:43.867371	explorer.exe	10	Morning
2021-09-07 10:17:43.976739	explorer.exe	10	Morning
2021-09-07 10:17:44.194496	Ssms.exe	10	Morning
2021-09-07 10:17:46.808605	explorer.exe	10	Morning
2021-09-07 10:17:46.955061	explorer.exe	10	Morning
2021-09-07 10:17:47.044899	WINWORD.EXE	10	Morning
2021-09-07 10:17:52.953702	explorer.exe	10	Morning
2021-09-07 10:17:53.169508	Ssms.exe	10	Morning
2021-09-07 10:18:06.007874	explorer.exe	10	Morning
2021-09-07 10:18:06.312543	WINWORD.EXE	10	Morning
2021-09-07 10:18:13.251550	explorer.exe	10	Morning
2021-09-07 10:18:13.270104	explorer.exe	10	Morning
2021-09-07 10:18:13.337485	Ssms.exe	10	Morning
2021-09-07 10:18:17.600882	explorer.exe	10	Morning
2021-09-07 10:18:17.738567	explorer.exe	10	Morning
2021-09-07 10:18:17.806925	WINWORD.EXE	10	Morning
2021-09-07 10:18:19.330264	explorer.exe	10	Morning
2021-09-07 10:18:19.405453	explorer.exe	10	Morning
2021-09-07 10:18:19.513845	Ssms.exe	10	Morning
2021-09-07 10:18:24.484231	explorer.exe	10	Morning
2021-09-07 10:18:24.619979	explorer.exe	10	Morning
2021-09-07 10:18:24.766438	WINWORD.EXE	10	Morning
2021-09-07 10:18:27.708641	explorer.exe	10	Morning
2021-09-07 10:18:27.863902	explorer.exe	10	Morning
2021-09-07 10:18:27.968382	Ssms.exe	10	Morning
2021-09-07 10:18:45.845019	devenv.exe	10	Morning
2021-09-07 10:31:03.309961	explorer.exe	10	Morning
2021-09-07 10:31:03.327526	explorer.exe	10	Morning
2021-09-07 10:31:03.978853	Ssms.exe	10	Morning
2021-09-07 10:31:05.245372	explorer.exe	10	Morning
2021-09-07 10:31:05.509039	devenv.exe	10	Morning
2021-09-07 10:31:34.401710	explorer.exe	10	Morning
2021-09-07 10:31:35.493436	devenv.exe	10	Morning
2021-09-07 10:31:56.250896	explorer.exe	10	Morning
2021-09-07 10:31:58.583755	explorer.exe	10	Morning
2021-09-07 10:31:59.838557	explorer.exe	10	Morning
2021-09-07 10:32:03.444815	devenv.exe	10	Morning
2021-09-07 10:32:18.121567	explorer.exe	10	Morning
2021-09-07 10:32:18.239726	explorer.exe	10	Morning
2021-09-07 10:32:20.024766	msedge.exe	10	Morning
2021-09-07 10:33:51.004296	devenv.exe	10	Morning
2021-09-07 10:33:57.613274	msedge.exe	10	Morning
2021-09-07 10:34:00.316210	explorer.exe	10	Morning
2021-09-07 10:35:26.214996	explorer.exe	10	Morning
2021-09-07 10:36:01.736175	TextLogger.exe	10	Morning
2021-09-07 10:36:17.709750	explorer.exe	10	Morning
2021-09-07 10:37:19.963576	explorer.exe	10	Morning
2021-09-07 10:37:23.090329	devenv.exe	10	Morning
2021-09-07 10:37:34.939179	explorer.exe	10	Morning
2021-09-07 10:37:40.958326	devenv.exe	10	Morning
2021-09-07 10:37:45.838873	explorer.exe	10	Morning
2021-09-07 10:37:45.928739	explorer.exe	10	Morning
2021-09-07 10:37:46.183577	explorer.exe	10	Morning
2021-09-07 10:37:48.605300	devenv.exe	10	Morning
2021-09-07 10:39:17.947234	explorer.exe	10	Morning
2021-09-07 10:39:27.482758	devenv.exe	10	Morning
2021-09-07 10:39:43.872332	explorer.exe	10	Morning
2021-09-07 10:39:53.501600	devenv.exe	10	Morning
2021-09-07 10:39:55.889147	msedge.exe	10	Morning
2021-09-07 10:40:53.303623	explorer.exe	10	Morning
2021-09-07 10:41:03.550038	explorer.exe	10	Morning
2021-09-07 10:41:21.011809	explorer.exe	10	Morning
2021-09-07 10:41:24.696144	explorer.exe	10	Morning
2021-09-07 10:42:01.901771	explorer.exe	10	Morning
2021-09-07 10:42:05.074419	explorer.exe	10	Morning
2021-09-07 10:42:09.893457	explorer.exe	10	Morning
2021-09-07 10:42:13.929321	explorer.exe	10	Morning
2021-09-07 10:42:24.171831	explorer.exe	10	Morning
2021-09-07 10:42:31.126475	explorer.exe	10	Morning
2021-09-07 10:42:39.052719	explorer.exe	10	Morning
2021-09-07 10:42:40.979347	explorer.exe	10	Morning
2021-09-07 10:42:52.689536	explorer.exe	10	Morning
2021-09-07 10:42:54.991146	explorer.exe	10	Morning
2021-09-07 10:42:57.138474	explorer.exe	10	Morning
2021-09-07 10:42:58.619837	explorer.exe	10	Morning
2021-09-07 10:43:04.280591	explorer.exe	10	Morning
2021-09-07 10:43:06.823400	explorer.exe	10	Morning
2021-09-07 10:43:21.847842	explorer.exe	10	Morning
2021-09-07 10:43:23.239339	explorer.exe	10	Morning
2021-09-07 10:43:24.967743	explorer.exe	10	Morning
2021-09-07 10:43:31.500528	explorer.exe	10	Morning
2021-09-07 10:43:32.203608	explorer.exe	10	Morning
2021-09-07 10:43:35.000315	explorer.exe	10	Morning
2021-09-07 10:43:52.246271	explorer.exe	10	Morning
2021-09-07 10:43:56.648343	explorer.exe	10	Morning
2021-09-07 10:43:58.163862	explorer.exe	10	Morning
2021-09-07 10:44:03.830490	explorer.exe	10	Morning
2021-09-07 10:44:09.864284	explorer.exe	10	Morning
2021-09-07 10:44:11.825094	explorer.exe	10	Morning
2021-09-07 10:44:14.110106	explorer.exe	10	Morning
2021-09-07 10:44:28.360172	explorer.exe	10	Morning
2021-09-07 10:44:33.499490	explorer.exe	10	Morning
2021-09-07 10:44:37.413302	explorer.exe	10	Morning
2021-09-07 10:44:41.666938	explorer.exe	10	Morning
2021-09-07 10:44:44.237084	explorer.exe	10	Morning
2021-09-07 10:44:47.814021	explorer.exe	10	Morning
2021-09-07 10:44:49.678141	explorer.exe	10	Morning
2021-09-07 10:45:02.648991	explorer.exe	10	Morning
2021-09-07 10:45:14.984140	explorer.exe	10	Morning
2021-09-07 10:45:18.664611	explorer.exe	10	Morning
2021-09-07 10:45:24.382960	explorer.exe	10	Morning
2021-09-07 10:45:31.677408	explorer.exe	10	Morning
2021-09-07 10:45:36.206430	explorer.exe	10	Morning
2021-09-07 10:46:39.292227	explorer.exe	10	Morning
2021-09-07 10:46:40.555813	explorer.exe	10	Morning
2021-09-07 10:46:42.842775	explorer.exe	10	Morning
2021-09-07 10:46:47.962566	explorer.exe	10	Morning
2021-09-07 10:46:51.169389	explorer.exe	10	Morning
2021-09-07 10:46:58.121094	explorer.exe	10	Morning
2021-09-07 10:47:01.330848	explorer.exe	10	Morning
2021-09-07 10:47:09.493410	explorer.exe	10	Morning
2021-09-07 10:47:09.705312	devenv.exe	10	Morning
2021-09-07 10:47:18.165732	explorer.exe	10	Morning
2021-09-07 10:47:22.955461	explorer.exe	10	Morning
2021-09-07 10:47:29.672784	devenv.exe	10	Morning
2021-09-07 10:48:19.572912	explorer.exe	10	Morning
2021-09-07 10:48:19.695950	explorer.exe	10	Morning
2021-09-07 10:48:23.390054	devenv.exe	10	Morning
2021-09-07 10:48:49.791679	explorer.exe	10	Morning
2021-09-07 10:48:51.108002	explorer.exe	10	Morning
2021-09-07 10:48:59.296932	devenv.exe	10	Morning
2021-09-07 10:49:02.033097	explorer.exe	10	Morning
2021-09-07 10:49:05.765267	devenv.exe	10	Morning
2021-09-07 10:49:27.146711	explorer.exe	10	Morning
2021-09-07 10:49:27.220926	explorer.exe	10	Morning
2021-09-07 10:49:41.886980	devenv.exe	10	Morning
2021-09-07 10:49:58.481643	msedge.exe	10	Morning
2021-09-07 10:51:05.691184	devenv.exe	10	Morning
2021-09-07 10:52:29.960212	explorer.exe	10	Morning
2021-09-07 10:52:30.045188	explorer.exe	10	Morning
2021-09-07 10:52:32.308688	msedge.exe	10	Morning
2021-09-07 10:52:42.539480	explorer.exe	10	Morning
2021-09-07 10:52:44.010087	devenv.exe	10	Morning
2021-09-07 10:53:17.069497	explorer.exe	10	Morning
2021-09-07 10:53:17.178862	explorer.exe	10	Morning
2021-09-07 10:53:17.297022	explorer.exe	10	Morning
2021-09-07 10:53:20.123986	explorer.exe	10	Morning
2021-09-07 10:53:20.298784	explorer.exe	10	Morning
2021-09-07 10:53:21.178609	explorer.exe	10	Morning
2021-09-07 10:53:22.506648	devenv.exe	10	Morning
2021-09-07 10:54:45.740469	msedge.exe	10	Morning
2021-09-07 10:54:54.163887	explorer.exe	10	Morning
2021-09-07 10:54:54.287898	explorer.exe	10	Morning
2021-09-07 10:54:54.419725	devenv.exe	10	Morning
2021-09-07 10:54:55.562231	explorer.exe	10	Morning
2021-09-07 10:54:55.630588	msedge.exe	10	Morning
2021-09-07 10:55:04.084146	explorer.exe	10	Morning
2021-09-07 10:55:04.195465	explorer.exe	10	Morning
2021-09-07 10:55:04.544079	devenv.exe	10	Morning
2021-09-07 10:55:22.345672	explorer.exe	10	Morning
2021-09-07 10:55:23.427635	explorer.exe	10	Morning
2021-09-07 10:55:23.428612	explorer.exe	10	Morning
2021-09-07 10:55:42.778934	explorer.exe	10	Morning
2021-09-07 10:55:44.105695	explorer.exe	10	Morning
2021-09-07 10:55:45.103732	explorer.exe	10	Morning
2021-09-07 10:55:49.574422	explorer.exe	10	Morning
2021-09-07 10:56:04.170706	devenv.exe	10	Morning
2021-09-07 10:57:19.553636	explorer.exe	10	Morning
2021-09-07 10:57:25.635068	devenv.exe	10	Morning
2021-09-07 11:03:17.707928	msedge.exe	10	Afternoon
2021-09-07 11:05:20.664920	devenv.exe	10	Afternoon
2021-09-07 11:05:23.309265	msedge.exe	10	Afternoon
2021-09-07 11:05:31.141769	explorer.exe	10	Afternoon
2021-09-07 11:05:31.259925	explorer.exe	10	Afternoon
2021-09-07 11:05:32.890700	explorer.exe	10	Afternoon
2021-09-07 11:05:43.185938	explorer.exe	10	Afternoon
2021-09-07 11:05:43.272828	devenv.exe	10	Afternoon
2021-09-07 11:05:44.540326	explorer.exe	10	Afternoon
2021-09-07 11:05:44.728789	explorer.exe	10	Afternoon
2021-09-07 11:05:45.602758	devenv.exe	10	Afternoon
2021-09-07 11:05:50.892456	explorer.exe	10	Afternoon
2021-09-07 11:06:05.230419	devenv.exe	10	Afternoon
2021-09-07 11:06:09.537748	explorer.exe	10	Afternoon
2021-09-07 11:06:12.274879	devenv.exe	10	Afternoon
2021-09-07 11:06:16.474806	explorer.exe	10	Afternoon
2021-09-07 11:06:17.524542	OpenWith.exe	10	Afternoon
2021-09-07 11:06:21.609242	explorer.exe	10	Afternoon
2021-09-07 11:06:22.787877	TextLogger.exe	10	Afternoon
2021-09-07 11:06:48.799884	explorer.exe	10	Afternoon
2021-09-07 11:07:00.512027	devenv.exe	10	Afternoon
2021-09-07 11:07:06.095651	explorer.exe	10	Afternoon
2021-09-07 11:07:21.157188	devenv.exe	10	Afternoon
2021-09-07 11:07:45.353882	explorer.exe	10	Afternoon
2021-09-07 11:07:51.704072	devenv.exe	10	Afternoon
2021-09-07 11:07:54.292762	explorer.exe	10	Afternoon
2021-09-07 11:08:04.365360	devenv.exe	10	Afternoon
2021-09-07 11:08:16.930966	explorer.exe	10	Afternoon
2021-09-07 11:08:24.751750	devenv.exe	10	Afternoon
2021-09-07 11:08:31.277704	explorer.exe	10	Afternoon
2021-09-07 11:08:35.188583	devenv.exe	10	Afternoon
2021-09-07 11:08:36.937492	explorer.exe	10	Afternoon
2021-09-07 11:08:42.251618	devenv.exe	10	Afternoon
2021-09-07 11:08:48.508053	explorer.exe	10	Afternoon
2021-09-07 11:09:10.626173	devenv.exe	10	Afternoon
2021-09-07 11:09:12.159284	explorer.exe	10	Afternoon
2021-09-07 11:09:15.452035	devenv.exe	10	Afternoon
2021-09-07 11:09:17.769271	explorer.exe	10	Afternoon
2021-09-07 11:09:26.307800	devenv.exe	10	Afternoon
2021-09-07 11:09:31.072129	explorer.exe	10	Afternoon
2021-09-07 11:09:37.812925	devenv.exe	10	Afternoon
2021-09-07 11:09:39.987575	explorer.exe	10	Afternoon
2021-09-07 11:09:47.360153	devenv.exe	10	Afternoon
2021-09-07 11:09:51.411649	explorer.exe	10	Afternoon
2021-09-07 11:09:54.933884	devenv.exe	10	Afternoon
2021-09-07 11:09:56.917154	explorer.exe	10	Afternoon
2021-09-07 11:10:03.170685	devenv.exe	10	Afternoon
2021-09-07 11:10:15.879809	explorer.exe	10	Afternoon
2021-09-07 11:10:37.095094	devenv.exe	10	Afternoon
2021-09-07 11:10:39.150625	explorer.exe	10	Afternoon
2021-09-07 11:10:45.585765	devenv.exe	10	Afternoon
2021-09-07 11:12:13.949247	explorer.exe	10	Afternoon
2021-09-07 11:12:14.074279	explorer.exe	10	Afternoon
2021-09-07 11:12:17.475389	explorer.exe	10	Afternoon
2021-09-07 11:12:17.592567	explorer.exe	10	Afternoon
2021-09-07 11:12:19.654967	explorer.exe	10	Afternoon
2021-09-07 11:12:38.683996	devenv.exe	10	Afternoon
2021-09-07 11:12:51.234944	explorer.exe	10	Afternoon
2021-09-07 11:14:36.820217	devenv.exe	10	Afternoon
2021-09-07 11:20:02.728069	explorer.exe	10	Afternoon
2021-09-07 11:20:16.326808	devenv.exe	10	Afternoon
2021-09-07 11:22:27.169018	explorer.exe	10	Afternoon
2021-09-07 11:22:45.205950	devenv.exe	10	Afternoon
2021-09-07 11:25:31.340018	msedge.exe	10	Afternoon
2021-09-07 11:25:46.852697	explorer.exe	10	Afternoon
2021-09-07 11:25:46.996241	explorer.exe	10	Afternoon
2021-09-07 11:25:48.422932	devenv.exe	10	Afternoon
2021-09-07 11:27:38.326029	msedge.exe	10	Afternoon
2021-09-07 11:28:01.670241	devenv.exe	10	Afternoon
2021-09-07 11:28:04.374164	explorer.exe	10	Afternoon
2021-09-07 11:28:05.186614	ShellExperienceHost.exe	10	Afternoon
2021-09-07 11:28:06.700188	explorer.exe	10	Afternoon
2021-09-07 11:28:09.039886	devenv.exe	10	Afternoon
2021-09-07 11:28:33.406278	Taskmgr.exe	10	Afternoon
2021-09-07 11:28:37.022258	devenv.exe	10	Afternoon
2021-09-07 11:28:57.403764	devenv.exe	10	Afternoon
2021-09-07 11:29:21.850452	msedge.exe	10	Afternoon
2021-09-07 11:29:31.934756	explorer.exe	10	Afternoon
2021-09-07 11:29:32.679827	devenv.exe	10	Afternoon
2021-09-07 11:30:17.936697	msedge.exe	10	Afternoon
2021-09-07 11:30:56.043632	explorer.exe	10	Afternoon
2021-09-07 11:30:56.210612	explorer.exe	10	Afternoon
2021-09-07 11:30:56.969366	devenv.exe	10	Afternoon
2021-09-07 11:31:02.620360	explorer.exe	10	Afternoon
2021-09-07 11:31:02.708244	devenv.exe	10	Afternoon
2021-09-07 11:32:29.249836	explorer.exe	10	Afternoon
2021-09-07 11:32:29.452947	explorer.exe	10	Afternoon
2021-09-07 11:32:30.563230	msedge.exe	10	Afternoon
2021-09-07 11:33:00.791772	explorer.exe	10	Afternoon
2021-09-07 11:33:00.961674	explorer.exe	10	Afternoon
2021-09-07 11:33:02.872685	devenv.exe	10	Afternoon
2021-09-07 11:33:09.808765	explorer.exe	10	Afternoon
2021-09-07 11:33:09.905437	devenv.exe	10	Afternoon
2021-09-07 11:33:35.531728	explorer.exe	10	Afternoon
2021-09-07 11:33:36.261173	devenv.exe	10	Afternoon
2021-09-07 11:34:00.462750	devenv.exe	10	Afternoon
2021-09-07 11:34:34.591422	devenv.exe	10	Afternoon
2021-09-07 11:35:11.089179	devenv.exe	11	Afternoon
2021-09-07 11:35:19.465581	devenv.exe	11	Afternoon
2021-09-07 11:35:26.326706	devenv.exe	11	Afternoon
2021-09-07 11:36:14.720094	explorer.exe	11	Afternoon
2021-09-07 11:36:14.855827	devenv.exe	11	Afternoon
2021-09-07 11:36:59.436958	TextLogger.exe	11	Afternoon
2021-09-07 11:37:11.111993	devenv.exe	11	Afternoon
2021-09-07 11:37:50.237417	explorer.exe	11	Afternoon
2021-09-07 11:37:50.338975	explorer.exe	11	Afternoon
2021-09-07 11:37:51.343346	devenv.exe	11	Afternoon
2021-09-07 11:38:22.628456	devenv.exe	11	Afternoon
2021-09-07 11:41:34.857366	Ssms.exe	11	Afternoon
2021-09-07 11:41:35.702034	msedge.exe	11	Afternoon
2021-09-07 11:41:42.843178	explorer.exe	11	Afternoon
2021-09-07 11:41:42.845133	explorer.exe	11	Afternoon
2021-09-07 11:41:43.497435	Ssms.exe	11	Afternoon
2021-09-07 11:41:43.977871	explorer.exe	11	Afternoon
2021-09-07 11:41:44.089200	explorer.exe	11	Afternoon
2021-09-07 11:41:44.543265	devenv.exe	11	Afternoon
2021-09-07 11:41:49.017587	explorer.exe	11	Afternoon
2021-09-07 11:41:49.172857	explorer.exe	11	Afternoon
2021-09-07 11:41:50.034124	msedge.exe	11	Afternoon
2021-09-07 11:42:02.067534	explorer.exe	11	Afternoon
2021-09-07 11:42:02.252100	explorer.exe	11	Afternoon
2021-09-07 11:42:03.075283	devenv.exe	11	Afternoon
2021-09-07 11:42:26.751754	msedge.exe	11	Afternoon
2021-09-07 11:42:43.031964	explorer.exe	11	Afternoon
2021-09-07 11:42:43.220428	explorer.exe	11	Afternoon
2021-09-07 11:42:43.993815	devenv.exe	11	Afternoon
2021-09-07 11:42:58.699903	Ssms.exe	11	Afternoon
2021-09-07 11:43:00.978077	WINWORD.EXE	11	Afternoon
2021-09-07 11:43:18.969115	Ssms.exe	11	Afternoon
2021-09-07 11:43:33.696043	WINWORD.EXE	11	Afternoon
2021-09-07 11:43:53.019046	msedge.exe	11	Afternoon
2021-09-07 11:43:55.108729	explorer.exe	11	Afternoon
2021-09-07 11:43:55.931918	devenv.exe	11	Afternoon
2021-09-07 11:44:08.062003	msedge.exe	11	Afternoon
2021-09-07 11:44:09.593154	WINWORD.EXE	11	Afternoon
2021-09-07 11:54:16.880075	msedge.exe	11	Afternoon
2021-09-07 11:54:27.360848	explorer.exe	11	Afternoon
2021-09-07 11:54:27.463383	devenv.exe	11	Afternoon
2021-09-07 11:55:23.984180	explorer.exe	11	Afternoon
2021-09-07 11:55:24.163853	explorer.exe	11	Afternoon
2021-09-07 11:55:24.581794	msedge.exe	11	Afternoon
2021-09-07 11:55:55.919637	explorer.exe	11	Afternoon
2021-09-07 11:55:56.443044	devenv.exe	11	Afternoon
2021-09-07 11:56:01.745436	msedge.exe	11	Afternoon
2021-09-07 11:56:12.947850	explorer.exe	11	Afternoon
2021-09-07 11:56:13.063069	explorer.exe	11	Afternoon
2021-09-07 11:56:14.607893	devenv.exe	11	Afternoon
2021-09-07 11:57:31.576598	msedge.exe	11	Afternoon
2021-09-07 11:57:37.064527	devenv.exe	11	Afternoon
2021-09-07 11:57:55.742044	msedge.exe	11	Afternoon
2021-09-07 11:58:01.785603	devenv.exe	11	Afternoon
2021-09-07 11:58:14.453746	explorer.exe	11	Afternoon
2021-09-07 11:58:27.614026	devenv.exe	11	Afternoon
2021-09-07 12:00:34.634174	msedge.exe	11	Afternoon
2021-09-07 12:02:23.576420	explorer.exe	11	Afternoon
2021-09-07 12:02:24.281454	devenv.exe	11	Afternoon
2021-09-07 12:04:36.375190	msedge.exe	11	Afternoon
2021-09-07 12:04:50.404566	explorer.exe	11	Afternoon
2021-09-07 12:04:50.569594	explorer.exe	11	Afternoon
2021-09-07 12:04:51.015858	msedge.exe	11	Afternoon
2021-09-07 12:04:51.711142	explorer.exe	11	Afternoon
2021-09-07 12:04:51.849807	explorer.exe	11	Afternoon
2021-09-07 12:04:52.574350	msedge.exe	11	Afternoon
2021-09-07 12:05:03.699612	WINWORD.EXE	11	Afternoon
2021-09-07 12:05:04.838214	msedge.exe	11	Afternoon
2021-09-07 12:05:06.252184	explorer.exe	11	Afternoon
2021-09-07 12:05:06.342999	devenv.exe	11	Afternoon
2021-09-07 12:05:31.695868	explorer.exe	11	Afternoon
2021-09-07 12:05:31.876519	devenv.exe	11	Afternoon
2021-09-07 12:05:46.344346	explorer.exe	11	Afternoon
2021-09-07 12:05:46.674407	devenv.exe	11	Afternoon
2021-09-07 12:05:57.508670	explorer.exe	11	Afternoon
2021-09-07 12:05:58.731248	devenv.exe	11	Afternoon
2021-09-07 12:06:21.887967	explorer.exe	11	Afternoon
2021-09-07 12:06:22.055927	explorer.exe	11	Afternoon
2021-09-07 12:06:22.701393	devenv.exe	11	Afternoon
2021-09-07 12:06:29.138481	explorer.exe	11	Afternoon
2021-09-07 12:06:29.329878	explorer.exe	11	Afternoon
2021-09-07 12:06:29.810314	devenv.exe	11	Afternoon
2021-09-07 12:06:34.406698	explorer.exe	11	Afternoon
2021-09-07 12:06:34.583445	explorer.exe	11	Afternoon
2021-09-07 12:06:34.679144	devenv.exe	11	Afternoon
2021-09-07 12:06:54.377100	explorer.exe	11	Afternoon
2021-09-07 12:06:54.553848	explorer.exe	11	Afternoon
2021-09-07 12:06:54.662239	devenv.exe	11	Afternoon
2021-09-07 12:07:25.325315	TextLogger.exe	11	Afternoon
2021-09-07 12:07:39.659359	devenv.exe	11	Afternoon
2021-09-07 12:08:18.842398	explorer.exe	11	Afternoon
2021-09-07 12:08:19.005473	explorer.exe	11	Afternoon
2021-09-07 12:08:19.540597	devenv.exe	11	Afternoon
2021-09-07 12:08:21.213339	explorer.exe	11	Afternoon
2021-09-07 12:08:21.403754	explorer.exe	11	Afternoon
2021-09-07 12:08:23.483703	devenv.exe	11	Afternoon
2021-09-07 12:08:28.931595	explorer.exe	11	Afternoon
2021-09-07 12:08:29.039009	explorer.exe	11	Afternoon
2021-09-07 12:08:29.421809	devenv.exe	11	Afternoon
2021-09-07 12:09:22.724051	explorer.exe	11	Afternoon
2021-09-07 12:09:22.732841	explorer.exe	11	Afternoon
2021-09-07 12:09:23.370493	devenv.exe	11	Afternoon
2021-09-07 12:10:12.886856	msedge.exe	11	Afternoon
2021-09-07 12:10:23.494576	explorer.exe	11	Afternoon
2021-09-07 12:10:24.390025	devenv.exe	11	Afternoon
2021-09-07 12:10:45.943334	explorer.exe	11	Afternoon
2021-09-07 12:10:46.130823	explorer.exe	11	Afternoon
2021-09-07 12:10:46.246063	msedge.exe	11	Afternoon
2021-09-07 12:10:59.390716	devenv.exe	11	Afternoon
2021-09-07 12:12:19.560392	explorer.exe	11	Afternoon
2021-09-07 12:12:26.127350	devenv.exe	11	Afternoon
2021-09-07 12:12:55.866658	explorer.exe	11	Afternoon
2021-09-07 12:13:07.504586	devenv.exe	11	Afternoon
2021-09-07 12:13:37.701871	explorer.exe	11	Afternoon
2021-09-07 12:13:41.297346	devenv.exe	11	Afternoon
2021-09-07 12:13:44.976797	explorer.exe	11	Afternoon
2021-09-07 12:13:45.148673	explorer.exe	11	Afternoon
2021-09-07 12:13:45.162332	explorer.exe	11	Afternoon
2021-09-07 12:13:51.280105	devenv.exe	11	Afternoon
2021-09-07 12:13:53.231150	explorer.exe	11	Afternoon
2021-09-07 12:13:53.488948	explorer.exe	11	Afternoon
2021-09-07 12:13:53.495783	explorer.exe	11	Afternoon
2021-09-07 12:13:56.787565	devenv.exe	11	Afternoon
2021-09-07 12:14:45.922115	explorer.exe	11	Afternoon
2021-09-07 12:14:46.018787	devenv.exe	11	Afternoon
2021-09-07 12:15:11.293537	explorer.exe	10	Afternoon
2021-09-07 12:15:22.722493	devenv.exe	10	Afternoon
2021-09-07 12:15:31.600831	explorer.exe	10	Afternoon
2021-09-07 12:15:44.592189	devenv.exe	10	Afternoon
2021-09-07 12:15:57.486871	explorer.exe	10	Afternoon
2021-09-07 12:15:57.660688	explorer.exe	10	Afternoon
2021-09-07 12:15:58.577622	explorer.exe	10	Afternoon
2021-09-07 12:16:03.239431	devenv.exe	10	Afternoon
2021-09-07 12:16:05.323283	explorer.exe	10	Afternoon
2021-09-07 12:16:05.958984	devenv.exe	10	Afternoon
2021-09-07 12:16:07.150314	explorer.exe	10	Afternoon
2021-09-07 12:16:07.318273	explorer.exe	10	Afternoon
2021-09-07 12:16:08.701973	explorer.exe	10	Afternoon
2021-09-07 12:16:12.627502	devenv.exe	10	Afternoon
2021-09-07 12:18:33.294280	explorer.exe	10	Afternoon
2021-09-07 12:18:34.871328	devenv.exe	10	Afternoon
2021-09-07 12:18:35.987469	msedge.exe	10	Afternoon
2021-09-07 12:19:16.694830	devenv.exe	10	Afternoon
2021-09-07 12:19:30.407816	explorer.exe	10	Afternoon
2021-09-07 12:19:30.527924	devenv.exe	10	Afternoon
2021-09-07 12:19:55.918875	explorer.exe	10	Afternoon
2021-09-07 12:19:56.038984	devenv.exe	10	Afternoon
2021-09-07 12:21:03.997130	explorer.exe	11	Afternoon
2021-09-07 12:21:04.123098	devenv.exe	11	Afternoon
2021-09-07 12:21:08.135528	explorer.exe	11	Afternoon
2021-09-07 12:21:08.247826	devenv.exe	11	Afternoon
2021-09-07 12:21:24.616895	explorer.exe	11	Afternoon
2021-09-07 12:21:24.768253	explorer.exe	11	Afternoon
2021-09-07 12:21:25.056321	devenv.exe	11	Afternoon
2021-09-07 12:22:51.156277	explorer.exe	11	Afternoon
2021-09-07 12:23:06.813477	devenv.exe	11	Afternoon
2021-09-07 12:23:18.599835	explorer.exe	11	Afternoon
2021-09-07 12:23:28.047470	devenv.exe	11	Afternoon
2021-09-07 12:23:31.797265	explorer.exe	11	Afternoon
2021-09-07 12:23:34.259013	devenv.exe	11	Afternoon
2021-09-07 12:23:40.771268	explorer.exe	11	Afternoon
2021-09-07 12:23:40.842554	devenv.exe	11	Afternoon
2021-09-07 12:24:13.602174	explorer.exe	11	Afternoon
2021-09-07 12:24:13.690057	devenv.exe	11	Afternoon
2021-09-07 12:24:43.343445	explorer.exe	11	Afternoon
2021-09-07 12:24:43.443041	devenv.exe	11	Afternoon
2021-09-07 12:27:18.474130	explorer.exe	11	Afternoon
2021-09-07 12:27:18.561038	devenv.exe	11	Afternoon
2021-09-07 12:29:57.171028	msedge.exe	11	Afternoon
2021-09-07 12:30:16.248885	explorer.exe	11	Afternoon
2021-09-07 12:30:16.435394	explorer.exe	11	Afternoon
2021-09-07 12:30:17.438261	msedge.exe	11	Afternoon
2021-09-07 12:30:18.216532	explorer.exe	11	Afternoon
2021-09-07 12:30:18.339569	explorer.exe	11	Afternoon
2021-09-07 12:30:18.794619	devenv.exe	11	Afternoon
2021-09-07 12:30:30.354426	explorer.exe	11	Afternoon
2021-09-07 12:30:30.552657	explorer.exe	11	Afternoon
2021-09-07 12:30:30.629800	msedge.exe	11	Afternoon
2021-09-07 12:30:36.171438	explorer.exe	11	Afternoon
2021-09-07 12:30:36.333538	explorer.exe	11	Afternoon
2021-09-07 12:30:36.594262	msedge.exe	11	Afternoon
2021-09-07 12:30:37.229962	explorer.exe	11	Afternoon
2021-09-07 12:30:37.390110	explorer.exe	11	Afternoon
2021-09-07 12:30:37.857851	devenv.exe	11	Afternoon
2021-09-07 12:30:40.646737	explorer.exe	11	Afternoon
2021-09-07 12:30:40.823482	explorer.exe	11	Afternoon
2021-09-07 12:30:42.328288	msedge.exe	11	Afternoon
2021-09-07 12:31:29.312569	explorer.exe	11	Afternoon
2021-09-07 12:31:29.847690	devenv.exe	11	Afternoon
2021-09-07 12:31:37.061670	explorer.exe	11	Afternoon
2021-09-07 12:31:37.063622	explorer.exe	11	Afternoon
2021-09-07 12:31:37.122212	msedge.exe	11	Afternoon
2021-09-07 12:31:39.136734	explorer.exe	11	Afternoon
2021-09-07 12:31:39.410152	devenv.exe	11	Afternoon
2021-09-07 12:31:45.288681	explorer.exe	11	Afternoon
2021-09-07 12:31:45.467385	explorer.exe	11	Afternoon
2021-09-07 12:31:45.743730	msedge.exe	11	Afternoon
2021-09-07 12:31:50.244420	explorer.exe	11	Afternoon
2021-09-07 12:31:50.414332	explorer.exe	11	Afternoon
2021-09-07 12:31:50.481711	devenv.exe	11	Afternoon
2021-09-07 12:32:39.302804	explorer.exe	11	Afternoon
2021-09-07 12:32:39.499136	explorer.exe	11	Afternoon
2021-09-07 12:32:39.656354	msedge.exe	11	Afternoon
2021-09-07 12:32:58.099509	explorer.exe	11	Afternoon
2021-09-07 12:32:58.262585	explorer.exe	11	Afternoon
2021-09-07 12:32:58.337775	devenv.exe	11	Afternoon
2021-09-07 12:33:29.337744	msedge.exe	11	Afternoon
2021-09-07 12:33:37.750291	IDMan.exe	11	Afternoon
2021-09-07 12:33:37.849895	msedge.exe	11	Afternoon
2021-09-07 12:33:39.921051	explorer.exe	11	Afternoon
2021-09-07 12:33:40.101704	explorer.exe	11	Afternoon
2021-09-07 12:33:40.657356	devenv.exe	11	Afternoon
2021-09-07 12:34:26.840009	explorer.exe	11	Afternoon
2021-09-07 12:34:27.037264	explorer.exe	11	Afternoon
2021-09-07 12:34:27.812604	msedge.exe	11	Afternoon
2021-09-07 12:35:44.344814	explorer.exe	11	Afternoon
2021-09-07 12:35:44.415149	devenv.exe	11	Afternoon
2021-09-07 12:36:09.806075	explorer.exe	11	Afternoon
2021-09-07 12:36:09.885171	devenv.exe	11	Afternoon
2021-09-07 12:36:33.669785	explorer.exe	11	Afternoon
2021-09-07 12:36:33.742044	devenv.exe	11	Afternoon
2021-09-07 12:37:02.139641	explorer.exe	11	Afternoon
2021-09-07 12:37:02.312483	explorer.exe	11	Afternoon
2021-09-07 12:37:02.653279	devenv.exe	11	Afternoon
2021-09-07 12:37:03.615140	explorer.exe	11	Afternoon
2021-09-07 12:37:04.303565	msedge.exe	11	Afternoon
2021-09-07 12:37:40.888139	explorer.exe	11	Afternoon
2021-09-07 12:37:41.063908	explorer.exe	11	Afternoon
2021-09-07 12:37:42.891917	devenv.exe	11	Afternoon
2021-09-07 12:37:46.677806	explorer.exe	11	Afternoon
2021-09-07 12:37:46.886788	explorer.exe	11	Afternoon
2021-09-07 12:37:46.936583	msedge.exe	11	Afternoon
2021-09-07 12:37:48.769469	explorer.exe	11	Afternoon
2021-09-07 12:37:49.005781	explorer.exe	11	Afternoon
2021-09-07 12:37:49.114174	devenv.exe	11	Afternoon
2021-09-07 12:37:52.432333	explorer.exe	11	Afternoon
2021-09-07 12:37:52.632503	explorer.exe	11	Afternoon
2021-09-07 12:37:52.734065	msedge.exe	11	Afternoon
2021-09-07 12:37:56.548269	explorer.exe	11	Afternoon
2021-09-07 12:37:56.743568	devenv.exe	11	Afternoon
2021-09-07 12:38:09.490798	explorer.exe	11	Afternoon
2021-09-07 12:38:09.647041	explorer.exe	11	Afternoon
2021-09-07 12:38:10.242703	msedge.exe	11	Afternoon
2021-09-07 12:38:23.840466	explorer.exe	11	Afternoon
2021-09-07 12:38:24.005496	explorer.exe	11	Afternoon
2021-09-07 12:38:24.130487	devenv.exe	11	Afternoon
2021-09-07 12:38:32.839891	explorer.exe	11	Afternoon
2021-09-07 12:38:33.032261	explorer.exe	11	Afternoon
2021-09-07 12:38:33.511725	msedge.exe	11	Afternoon
2021-09-07 12:38:43.991521	explorer.exe	11	Afternoon
2021-09-07 12:38:44.153620	explorer.exe	11	Afternoon
2021-09-07 12:38:44.264939	devenv.exe	11	Afternoon
2021-09-07 12:38:55.271073	explorer.exe	11	Afternoon
2021-09-07 12:38:55.445879	explorer.exe	11	Afternoon
2021-09-07 12:38:55.693909	msedge.exe	11	Afternoon
2021-09-07 12:39:13.670287	explorer.exe	11	Afternoon
2021-09-07 12:39:13.839219	explorer.exe	11	Afternoon
2021-09-07 12:39:14.261068	devenv.exe	11	Afternoon
2021-09-07 12:39:20.829005	msedge.exe	11	Afternoon
2021-09-07 12:39:22.930447	explorer.exe	11	Afternoon
2021-09-07 12:39:23.382554	ShellExperienceHost.exe	11	Afternoon
2021-09-07 12:39:25.825759	msedge.exe	11	Afternoon
2021-09-07 12:39:26.249562	explorer.exe	11	Afternoon
2021-09-07 12:39:27.116700	SearchApp.exe	11	Afternoon
2021-09-07 12:39:38.940150	explorer.exe	11	Afternoon
2021-09-07 12:39:42.284336	devenv.exe	11	Afternoon
2021-09-07 12:41:56.490590	msedge.exe	12	Afternoon
2021-09-07 12:42:15.060690	explorer.exe	12	Afternoon
2021-09-07 12:42:15.171034	devenv.exe	12	Afternoon
2021-09-07 12:42:18.514571	explorer.exe	12	Afternoon
2021-09-07 12:42:18.629799	devenv.exe	12	Afternoon
2021-09-07 12:42:51.897226	explorer.exe	12	Afternoon
2021-09-07 12:43:19.099560	msedge.exe	12	Afternoon
2021-09-07 12:43:20.529155	explorer.exe	12	Afternoon
2021-09-07 12:43:37.684307	explorer.exe	12	Afternoon
2021-09-07 12:43:53.299546	explorer.exe	12	Afternoon
2021-09-07 12:44:30.063780	explorer.exe	12	Afternoon
2021-09-07 12:44:32.369284	explorer.exe	12	Afternoon
2021-09-07 12:44:37.326976	explorer.exe	12	Afternoon
2021-09-07 12:44:38.989954	explorer.exe	12	Afternoon
2021-09-07 12:44:39.059285	devenv.exe	12	Afternoon
2021-09-07 12:44:46.758989	dwm.exe	12	Afternoon
2021-09-07 12:44:50.265623	devenv.exe	12	Afternoon
2021-09-07 12:44:50.532208	Taskmgr.exe	12	Afternoon
2021-09-07 12:44:52.768370	devenv.exe	12	Afternoon
2021-09-07 12:46:18.954259	explorer.exe	12	Afternoon
2021-09-07 12:46:19.048003	devenv.exe	12	Afternoon
2021-09-07 12:52:53.358886	explorer.exe	12	Afternoon
2021-09-07 12:52:53.421383	TextLogger.exe	12	Afternoon
2021-09-07 12:53:37.459584	devenv.exe	12	Afternoon
2021-09-07 12:54:30.323385	TextLogger.exe	12	Afternoon
2021-09-07 12:54:31.398516	devenv.exe	12	Afternoon
2021-09-07 12:54:41.447670	explorer.exe	12	Afternoon
2021-09-07 12:54:41.506262	devenv.exe	12	Afternoon
2021-09-07 12:54:42.761065	explorer.exe	12	Afternoon
2021-09-07 12:54:42.842115	devenv.exe	12	Afternoon
2021-09-07 12:55:04.691302	msedge.exe	11	Afternoon
2021-09-07 12:56:59.454472	explorer.exe	11	Afternoon
2021-09-07 12:57:00.437812	devenv.exe	11	Afternoon
2021-09-07 12:57:18.705184	msedge.exe	11	Afternoon
2021-09-07 12:57:21.600511	devenv.exe	11	Afternoon
2021-09-07 12:58:50.220120	devenv.exe	11	Afternoon
2021-09-07 12:58:57.041951	Taskmgr.exe	11	Afternoon
2021-09-07 12:59:35.359813	devenv.exe	11	Afternoon
2021-09-07 13:00:01.364983	VSIXInstaller.exe	11	Afternoon
2021-09-07 13:00:15.045750	devenv.exe	11	Afternoon
2021-09-07 13:00:18.245750	Taskmgr.exe	11	Afternoon
2021-09-07 13:00:24.140870	devenv.exe	11	Afternoon
2021-09-07 13:01:55.235623	msedge.exe	11	Afternoon
2021-09-07 13:05:28.114583	explorer.exe	11	Afternoon
2021-09-07 13:05:28.179040	devenv.exe	11	Afternoon
2021-09-07 13:05:32.567434	msedge.exe	11	Afternoon
2021-09-07 13:05:35.335795	devenv.exe	11	Afternoon
2021-09-07 13:06:06.126794	msedge.exe	11	Afternoon
2021-09-07 13:06:10.408745	devenv.exe	11	Afternoon
2021-09-07 13:06:39.683239	msedge.exe	11	Afternoon
2021-09-07 13:14:12.656456	explorer.exe	11	Afternoon
2021-09-07 13:14:12.772199	devenv.exe	11	Afternoon
2021-09-07 13:14:27.922183	msedge.exe	11	Afternoon
2021-09-07 13:14:59.823638	explorer.exe	11	Afternoon
2021-09-07 13:15:01.076755	devenv.exe	11	Afternoon
2021-09-07 13:15:07.046248	explorer.exe	11	Afternoon
2021-09-07 13:15:07.133155	explorer.exe	11	Afternoon
2021-09-07 13:15:15.504932	explorer.exe	11	Afternoon
2021-09-07 13:15:27.514884	explorer.exe	11	Afternoon
2021-09-07 13:15:35.020525	explorer.exe	11	Afternoon
2021-09-07 13:15:45.317625	explorer.exe	11	Afternoon
2021-09-07 13:15:53.000617	devenv.exe	11	Afternoon
2021-09-07 13:17:52.685656	explorer.exe	11	Afternoon
2021-09-07 13:17:52.781363	devenv.exe	11	Afternoon
2021-09-07 13:18:11.417229	explorer.exe	11	Afternoon
2021-09-07 13:18:11.675026	explorer.exe	11	Afternoon
2021-09-07 13:18:12.198429	devenv.exe	11	Afternoon
2021-09-07 13:18:16.231541	explorer.exe	11	Afternoon
2021-09-07 13:18:16.278414	explorer.exe	11	Afternoon
2021-09-07 13:18:17.464605	msedge.exe	11	Afternoon
2021-09-07 13:20:43.214308	explorer.exe	11	Afternoon
2021-09-07 13:20:43.376407	explorer.exe	11	Afternoon
2021-09-07 13:20:46.162723	msedge.exe	11	Afternoon
2021-09-07 13:20:49.157072	explorer.exe	11	Afternoon
2021-09-07 13:20:49.335771	explorer.exe	11	Afternoon
2021-09-07 13:20:51.497002	devenv.exe	11	Afternoon
2021-09-07 13:20:56.514797	explorer.exe	11	Afternoon
2021-09-07 13:20:56.515775	explorer.exe	11	Afternoon
2021-09-07 13:20:56.604636	msedge.exe	11	Afternoon
2021-09-07 13:21:01.797043	explorer.exe	11	Afternoon
2021-09-07 13:21:01.979253	explorer.exe	11	Afternoon
2021-09-07 13:21:02.028145	devenv.exe	11	Afternoon
2021-09-07 13:21:02.857244	explorer.exe	11	Afternoon
2021-09-07 13:21:03.005254	explorer.exe	11	Afternoon
2021-09-07 13:21:06.184135	devenv.exe	11	Afternoon
2021-09-07 13:21:18.840835	explorer.exe	11	Afternoon
2021-09-07 13:21:19.017573	explorer.exe	11	Afternoon
2021-09-07 13:21:19.848304	msedge.exe	11	Afternoon
2021-09-07 13:21:29.114326	explorer.exe	11	Afternoon
2021-09-07 13:21:29.304731	explorer.exe	11	Afternoon
2021-09-07 13:21:30.798975	devenv.exe	11	Afternoon
2021-09-07 13:22:04.977931	explorer.exe	11	Afternoon
2021-09-07 13:22:05.247071	explorer.exe	11	Afternoon
2021-09-07 13:22:07.211602	devenv.exe	11	Afternoon
2021-09-07 13:22:13.617552	explorer.exe	11	Afternoon
2021-09-07 13:22:13.659524	explorer.exe	11	Afternoon
2021-09-07 13:22:14.457436	devenv.exe	11	Afternoon
2021-09-07 13:22:16.442358	explorer.exe	11	Afternoon
2021-09-07 13:22:17.012216	explorer.exe	11	Afternoon
2021-09-07 13:22:26.607009	explorer.exe	11	Afternoon
2021-09-07 13:22:26.725168	explorer.exe	11	Afternoon
2021-09-07 13:22:33.590742	explorer.exe	11	Afternoon
2021-09-07 13:22:37.629456	explorer.exe	11	Afternoon
2021-09-07 13:22:41.459595	explorer.exe	11	Afternoon
2021-09-07 13:22:45.119993	devenv.exe	11	Afternoon
2021-09-07 13:22:46.040447	explorer.exe	11	Afternoon
2021-09-07 13:22:46.213839	explorer.exe	11	Afternoon
2021-09-07 13:22:47.151841	devenv.exe	11	Afternoon
2021-09-07 13:22:53.031758	explorer.exe	11	Afternoon
2021-09-07 13:22:53.137800	explorer.exe	11	Afternoon
2021-09-07 13:22:57.656146	devenv.exe	11	Afternoon
2021-09-07 13:22:59.068343	explorer.exe	11	Afternoon
2021-09-07 13:22:59.264617	explorer.exe	11	Afternoon
2021-09-07 13:22:59.333952	explorer.exe	11	Afternoon
2021-09-07 13:23:04.064108	devenv.exe	11	Afternoon
2021-09-07 13:23:11.954874	explorer.exe	11	Afternoon
2021-09-07 13:23:12.202519	explorer.exe	11	Afternoon
2021-09-07 13:23:12.298216	explorer.exe	11	Afternoon
2021-09-07 13:23:17.358520	devenv.exe	11	Afternoon
2021-09-07 13:23:22.013511	explorer.exe	11	Afternoon
2021-09-07 13:23:22.915918	explorer.exe	11	Afternoon
2021-09-07 13:23:26.347799	devenv.exe	11	Afternoon
2021-09-07 13:23:45.593453	TextLogger.exe	11	Afternoon
2021-09-07 13:24:12.807789	devenv.exe	11	Afternoon
2021-09-07 13:24:37.986838	explorer.exe	11	Afternoon
2021-09-07 13:24:38.012226	explorer.exe	11	Afternoon
2021-09-07 13:24:38.289555	explorer.exe	11	Afternoon
2021-09-07 13:24:42.379861	devenv.exe	11	Afternoon
2021-09-07 13:24:52.495546	explorer.exe	11	Afternoon
2021-09-07 13:24:52.710887	explorer.exe	11	Afternoon
2021-09-07 13:24:52.845181	explorer.exe	11	Afternoon
2021-09-07 13:24:56.695962	devenv.exe	11	Afternoon
2021-09-07 13:25:14.945093	explorer.exe	11	Afternoon
2021-09-07 13:25:16.671245	devenv.exe	11	Afternoon
2021-09-07 13:25:19.136213	explorer.exe	11	Afternoon
2021-09-07 13:25:19.334519	explorer.exe	11	Afternoon
2021-09-07 13:25:19.724141	devenv.exe	11	Afternoon
2021-09-07 13:26:14.575234	explorer.exe	11	Afternoon
2021-09-07 13:26:14.700220	devenv.exe	11	Afternoon
2021-09-07 13:26:36.435732	explorer.exe	11	Afternoon
2021-09-07 13:26:36.611098	explorer.exe	11	Afternoon
2021-09-07 13:26:39.240638	devenv.exe	11	Afternoon
2021-09-07 13:27:02.767731	explorer.exe	11	Afternoon
2021-09-07 13:27:03.356705	devenv.exe	11	Afternoon
2021-09-07 13:32:29.837260	explorer.exe	10	Afternoon
2021-09-07 13:32:30.077631	explorer.exe	10	Afternoon
2021-09-07 13:32:31.255880	devenv.exe	10	Afternoon
2021-09-07 13:32:35.279285	explorer.exe	10	Afternoon
2021-09-07 13:32:35.548401	devenv.exe	10	Afternoon
2021-09-07 13:36:12.179904	msedge.exe	11	Afternoon
2021-09-07 13:36:40.276426	devenv.exe	11	Afternoon
2021-09-07 13:38:20.759683	msedge.exe	11	Afternoon
2021-09-07 13:54:30.090910	TextLogger.exe	11	Afternoon
2021-09-07 13:54:42.796771	msedge.exe	11	Afternoon
2021-09-07 14:11:13.536924	explorer.exe	11	Afternoon
2021-09-07 14:11:13.656572	devenv.exe	11	Afternoon
2021-09-07 14:11:40.384562	explorer.exe	11	Afternoon
2021-09-07 14:11:40.484177	devenv.exe	11	Afternoon
2021-09-07 14:15:21.988449	msedge.exe	11	Afternoon
2021-09-07 14:15:33.577388	explorer.exe	11	Afternoon
2021-09-07 14:15:33.656017	devenv.exe	11	Afternoon
2021-09-07 14:15:37.195808	explorer.exe	11	Afternoon
2021-09-07 14:15:37.293975	devenv.exe	11	Afternoon
2021-09-07 14:16:05.446256	explorer.exe	11	Afternoon
2021-09-07 14:16:05.602958	devenv.exe	11	Afternoon
2021-09-07 14:16:20.689192	explorer.exe	11	Afternoon
2021-09-07 14:16:20.786363	devenv.exe	11	Afternoon
2021-09-07 14:16:47.438432	explorer.exe	11	Afternoon
2021-09-07 14:16:47.542918	devenv.exe	11	Afternoon
2021-09-07 14:16:49.529382	explorer.exe	11	Afternoon
2021-09-07 14:16:49.625079	devenv.exe	11	Afternoon
2021-09-07 14:17:04.709106	explorer.exe	11	Afternoon
2021-09-07 14:17:04.987407	explorer.exe	11	Afternoon
2021-09-07 14:17:05.049906	devenv.exe	11	Afternoon
2021-09-07 14:17:06.026449	explorer.exe	11	Afternoon
2021-09-07 14:17:06.290737	explorer.exe	11	Afternoon
2021-09-07 14:17:08.140546	explorer.exe	11	Afternoon
2021-09-07 14:17:08.305576	devenv.exe	11	Afternoon
2021-09-07 14:17:08.571182	explorer.exe	11	Afternoon
2021-09-07 14:17:08.820840	explorer.exe	11	Afternoon
2021-09-07 14:17:11.123620	msedge.exe	11	Afternoon
2021-09-07 14:24:55.715320	TextLogger.exe	11	Afternoon
2021-09-07 14:25:12.089286	msedge.exe	12	Afternoon
2021-09-07 14:51:07.640371	WINWORD.EXE	11	Afternoon
2021-09-07 14:51:09.119196	msedge.exe	11	Afternoon
2021-09-07 14:51:15.310144	explorer.exe	11	Afternoon
2021-09-07 14:51:19.609939	Taskmgr.exe	11	Afternoon
2021-09-07 14:51:33.297425	explorer.exe	11	Afternoon
2021-09-07 14:51:33.377035	TextLogger.exe	11	Afternoon
2021-09-07 14:51:34.882516	msedge.exe	11	Afternoon
2021-09-07 14:51:37.682936	explorer.exe	11	Afternoon
2021-09-07 14:51:37.933247	explorer.exe	11	Afternoon
2021-09-07 14:51:39.248423	msedge.exe	11	Afternoon
2021-09-07 14:55:18.290000	explorer.exe	11	Afternoon
2021-09-07 14:55:18.367281	TextLogger.exe	11	Afternoon
2021-09-07 14:55:29.327060	msedge.exe	11	Afternoon
2021-09-07 14:55:41.673925	explorer.exe	11	Afternoon
2021-09-07 14:55:41.963094	explorer.exe	11	Afternoon
2021-09-07 14:55:43.083446	msedge.exe	11	Afternoon
2021-09-07 14:55:48.321746	explorer.exe	11	Afternoon
2021-09-07 14:55:48.478539	msedge.exe	11	Afternoon
2021-09-07 14:58:32.848009	explorer.exe	11	Afternoon
2021-09-07 14:58:32.852896	explorer.exe	11	Afternoon
2021-09-07 14:58:33.560855	msedge.exe	11	Afternoon
2021-09-07 14:58:39.360528	explorer.exe	11	Afternoon
2021-09-07 14:58:40.752617	devenv.exe	11	Afternoon
2021-09-07 14:58:42.743015	explorer.exe	11	Afternoon
2021-09-07 14:58:42.939292	explorer.exe	11	Afternoon
2021-09-07 14:58:45.718666	devenv.exe	11	Afternoon
2021-09-07 14:58:47.059567	explorer.exe	11	Afternoon
2021-09-07 14:58:47.261702	explorer.exe	11	Afternoon
2021-09-07 14:58:49.241843	devenv.exe	11	Afternoon
2021-09-07 14:58:59.186672	explorer.exe	11	Afternoon
2021-09-07 14:59:01.933339	msedge.exe	11	Afternoon
2021-09-07 14:59:02.546976	explorer.exe	11	Afternoon
2021-09-07 14:59:02.739957	explorer.exe	11	Afternoon
2021-09-07 14:59:05.809637	devenv.exe	11	Afternoon
2021-09-07 14:59:43.991919	explorer.exe	11	Afternoon
2021-09-07 14:59:44.264764	explorer.exe	11	Afternoon
2021-09-07 14:59:45.737537	msedge.exe	11	Afternoon
2021-09-07 14:59:47.497781	explorer.exe	11	Afternoon
2021-09-07 14:59:47.709968	explorer.exe	11	Afternoon
2021-09-07 14:59:48.156739	devenv.exe	11	Afternoon
2021-09-07 14:59:48.776458	explorer.exe	11	Afternoon
2021-09-07 14:59:49.005982	explorer.exe	11	Afternoon
2021-09-07 14:59:51.284737	msedge.exe	11	Afternoon
2021-09-07 15:00:57.619623	explorer.exe	10	Afternoon
2021-09-07 15:00:57.806135	explorer.exe	10	Afternoon
2021-09-07 15:00:58.042448	devenv.exe	10	Afternoon
2021-09-07 15:01:09.858812	explorer.exe	10	Afternoon
2021-09-07 15:01:09.859788	explorer.exe	10	Afternoon
2021-09-07 15:01:10.793369	msedge.exe	10	Afternoon
2021-09-07 15:01:14.715996	explorer.exe	10	Afternoon
2021-09-07 15:01:15.024359	explorer.exe	10	Afternoon
2021-09-07 15:01:15.353482	devenv.exe	10	Afternoon
2021-09-07 15:01:28.529092	WINWORD.EXE	10	Afternoon
2021-09-07 15:01:37.598618	explorer.exe	10	Afternoon
2021-09-07 15:01:37.680643	devenv.exe	10	Afternoon
2021-09-07 15:02:01.277754	explorer.exe	10	Afternoon
2021-09-07 15:02:01.382237	WINWORD.EXE	10	Afternoon
2021-09-07 15:02:02.247117	explorer.exe	10	Afternoon
2021-09-07 15:02:04.260973	msedge.exe	10	Afternoon
2021-09-07 15:02:06.359767	explorer.exe	10	Afternoon
2021-09-07 15:02:06.590293	explorer.exe	10	Afternoon
2021-09-07 15:02:06.656695	WINWORD.EXE	10	Afternoon
2021-09-07 15:02:07.888727	explorer.exe	10	Afternoon
2021-09-07 15:02:09.211165	msedge.exe	10	Afternoon
2021-09-07 15:02:57.211495	explorer.exe	10	Afternoon
2021-09-07 15:02:57.391368	explorer.exe	10	Afternoon
2021-09-07 15:03:05.811514	WINWORD.EXE	10	Afternoon
2021-09-07 15:03:09.702797	explorer.exe	10	Afternoon
2021-09-07 15:03:09.977558	explorer.exe	10	Afternoon
2021-09-07 15:03:10.777412	msedge.exe	10	Afternoon
2021-09-07 15:03:17.183997	explorer.exe	10	Afternoon
2021-09-07 15:03:17.388601	explorer.exe	10	Afternoon
2021-09-07 15:03:18.913144	devenv.exe	10	Afternoon
2021-09-07 15:04:58.261759	WINWORD.EXE	10	Afternoon
2021-09-07 15:04:59.830261	devenv.exe	10	Afternoon
2021-09-07 15:05:02.326959	WINWORD.EXE	10	Afternoon
2021-09-07 15:05:04.445723	devenv.exe	11	Afternoon
2021-09-07 15:05:06.066980	WINWORD.EXE	11	Afternoon
2021-09-07 15:05:07.134848	devenv.exe	11	Afternoon
2021-09-07 15:05:47.073880	explorer.exe	11	Afternoon
2021-09-07 15:05:47.114894	explorer.exe	11	Afternoon
2021-09-07 15:05:48.457427	msedge.exe	11	Afternoon
2021-09-07 15:05:49.010584	explorer.exe	11	Afternoon
2021-09-07 15:05:49.855768	msedge.exe	11	Afternoon
2021-09-07 15:05:59.853168	explorer.exe	11	Afternoon
2021-09-07 15:06:00.202497	explorer.exe	11	Afternoon
2021-09-07 15:06:00.902269	msedge.exe	11	Afternoon
2021-09-07 15:06:01.700983	explorer.exe	11	Afternoon
2021-09-07 15:06:01.948325	explorer.exe	11	Afternoon
2021-09-07 15:06:02.547427	devenv.exe	11	Afternoon
2021-09-07 15:07:21.812420	msedge.exe	11	Afternoon
2021-09-07 15:09:32.937029	explorer.exe	11	Afternoon
2021-09-07 15:09:33.131412	devenv.exe	11	Afternoon
2021-09-07 15:09:35.395758	msedge.exe	11	Afternoon
2021-09-07 15:14:51.834394	explorer.exe	11	Afternoon
2021-09-07 15:14:53.417985	devenv.exe	11	Afternoon
2021-09-07 15:15:00.372407	msedge.exe	11	Afternoon
2021-09-07 15:15:21.653145	explorer.exe	11	Afternoon
2021-09-07 15:15:21.657052	explorer.exe	11	Afternoon
2021-09-07 15:15:22.996942	devenv.exe	11	Afternoon
2021-09-07 15:15:39.029207	explorer.exe	11	Afternoon
2021-09-07 15:15:39.247943	explorer.exe	11	Afternoon
2021-09-07 15:15:40.142038	msedge.exe	11	Afternoon
2021-09-07 15:15:42.232504	explorer.exe	11	Afternoon
2021-09-07 15:15:42.442247	explorer.exe	11	Afternoon
2021-09-07 15:15:42.513533	devenv.exe	11	Afternoon
2021-09-07 15:16:16.890501	msedge.exe	11	Afternoon
2021-09-07 15:16:17.818741	devenv.exe	11	Afternoon
2021-09-07 15:16:19.122245	explorer.exe	11	Afternoon
2021-09-07 15:16:19.327314	explorer.exe	11	Afternoon
2021-09-07 15:16:19.914189	msedge.exe	11	Afternoon
2021-09-07 15:16:45.963863	explorer.exe	11	Afternoon
2021-09-07 15:16:46.156833	devenv.exe	11	Afternoon
2021-09-07 15:17:04.611317	msedge.exe	11	Afternoon
2021-09-07 15:17:13.317511	explorer.exe	11	Afternoon
2021-09-07 15:17:13.508040	explorer.exe	11	Afternoon
2021-09-07 15:17:13.657497	devenv.exe	11	Afternoon
2021-09-07 15:17:16.562866	explorer.exe	11	Afternoon
2021-09-07 15:17:16.609735	explorer.exe	11	Afternoon
2021-09-07 15:17:17.137570	msedge.exe	11	Afternoon
2021-09-07 15:17:18.169512	explorer.exe	11	Afternoon
2021-09-07 15:17:18.223301	devenv.exe	11	Afternoon
2021-09-07 15:17:23.203055	explorer.exe	11	Afternoon
2021-09-07 15:17:23.280199	msedge.exe	11	Afternoon
2021-09-07 15:17:23.993097	explorer.exe	11	Afternoon
2021-09-07 15:17:24.305067	explorer.exe	11	Afternoon
2021-09-07 15:17:24.340229	devenv.exe	11	Afternoon
2021-09-07 15:17:47.376170	explorer.exe	11	Afternoon
2021-09-07 15:17:47.608421	explorer.exe	11	Afternoon
2021-09-07 15:17:48.007811	msedge.exe	11	Afternoon
2021-09-07 15:17:48.673917	explorer.exe	11	Afternoon
2021-09-07 15:17:48.842851	explorer.exe	11	Afternoon
2021-09-07 15:17:48.922958	devenv.exe	11	Afternoon
2021-09-07 15:17:49.627017	explorer.exe	11	Afternoon
2021-09-07 15:17:49.849673	explorer.exe	11	Afternoon
2021-09-07 15:17:50.725453	msedge.exe	11	Afternoon
2021-09-07 15:18:07.207650	explorer.exe	11	Afternoon
2021-09-07 15:18:07.413693	explorer.exe	11	Afternoon
2021-09-07 15:18:09.139237	WINWORD.EXE	11	Afternoon
2021-09-07 15:18:13.484112	explorer.exe	11	Afternoon
2021-09-07 15:18:13.677573	explorer.exe	11	Afternoon
2021-09-07 15:18:14.452913	msedge.exe	11	Afternoon
2021-09-07 15:18:15.793452	explorer.exe	11	Afternoon
2021-09-07 15:18:15.997087	explorer.exe	11	Afternoon
2021-09-07 15:18:16.581124	devenv.exe	11	Afternoon
2021-09-07 15:18:26.312557	explorer.exe	11	Afternoon
2021-09-07 15:18:26.313524	explorer.exe	11	Afternoon
2021-09-07 15:18:26.712989	msedge.exe	11	Afternoon
2021-09-07 15:18:49.293235	explorer.exe	11	Afternoon
2021-09-07 15:18:49.313284	explorer.exe	11	Afternoon
2021-09-07 15:18:49.746053	devenv.exe	11	Afternoon
2021-09-07 15:18:56.224534	explorer.exe	11	Afternoon
2021-09-07 15:18:56.239182	explorer.exe	11	Afternoon
2021-09-07 15:18:57.014493	msedge.exe	11	Afternoon
2021-09-07 15:18:57.923251	explorer.exe	11	Afternoon
2021-09-07 15:18:58.122566	explorer.exe	11	Afternoon
2021-09-07 15:18:58.639135	devenv.exe	11	Afternoon
2021-09-07 15:19:23.174082	explorer.exe	11	Afternoon
2021-09-07 15:19:23.278224	msedge.exe	11	Afternoon
2021-09-07 15:19:24.243784	explorer.exe	11	Afternoon
2021-09-07 15:19:24.601518	explorer.exe	11	Afternoon
2021-09-07 15:19:26.037340	msedge.exe	11	Afternoon
2021-09-07 15:19:48.162853	explorer.exe	11	Afternoon
2021-09-07 15:19:48.399267	explorer.exe	11	Afternoon
2021-09-07 15:19:49.197574	devenv.exe	11	Afternoon
2021-09-07 15:19:58.682030	explorer.exe	11	Afternoon
2021-09-07 15:19:58.717182	explorer.exe	11	Afternoon
2021-09-07 15:19:59.522832	msedge.exe	11	Afternoon
2021-09-07 15:20:04.433191	explorer.exe	11	Afternoon
2021-09-07 15:20:04.777134	devenv.exe	11	Afternoon
2021-09-07 15:20:16.709215	explorer.exe	11	Afternoon
2021-09-07 15:20:16.905629	explorer.exe	11	Afternoon
2021-09-07 15:20:17.746064	msedge.exe	11	Afternoon
2021-09-07 15:20:39.312535	explorer.exe	11	Afternoon
2021-09-07 15:20:40.024107	devenv.exe	11	Afternoon
2021-09-07 15:20:48.179899	explorer.exe	11	Afternoon
2021-09-07 15:20:48.429118	explorer.exe	11	Afternoon
2021-09-07 15:20:48.836321	msedge.exe	11	Afternoon
2021-09-07 15:23:43.494167	explorer.exe	11	Afternoon
2021-09-07 15:23:43.695937	explorer.exe	11	Afternoon
2021-09-07 15:23:45.077728	devenv.exe	11	Afternoon
2021-09-07 15:24:01.116238	explorer.exe	11	Afternoon
2021-09-07 15:24:01.354506	explorer.exe	11	Afternoon
2021-09-07 15:24:01.682609	msedge.exe	11	Afternoon
2021-09-07 15:24:17.361452	explorer.exe	11	Afternoon
2021-09-07 15:24:17.564265	explorer.exe	11	Afternoon
2021-09-07 15:24:18.094256	devenv.exe	11	Afternoon
2021-09-07 15:24:19.986407	explorer.exe	11	Afternoon
2021-09-07 15:24:20.093820	msedge.exe	11	Afternoon
2021-09-07 15:24:26.827798	explorer.exe	11	Afternoon
2021-09-07 15:24:27.000638	explorer.exe	11	Afternoon
2021-09-07 15:24:27.628528	devenv.exe	11	Afternoon
2021-09-07 15:24:29.812275	explorer.exe	11	Afternoon
2021-09-07 15:24:29.841617	explorer.exe	11	Afternoon
2021-09-07 15:24:29.986139	msedge.exe	11	Afternoon
2021-09-07 15:24:32.161113	explorer.exe	11	Afternoon
2021-09-07 15:24:32.319308	devenv.exe	11	Afternoon
2021-09-07 15:25:12.991671	msedge.exe	11	Afternoon
2021-09-07 15:25:41.279601	TextLogger.exe	11	Afternoon
2021-09-07 15:25:46.662659	msedge.exe	11	Afternoon
2021-09-07 15:26:09.023031	explorer.exe	11	Afternoon
2021-09-07 15:26:09.214424	explorer.exe	11	Afternoon
2021-09-07 15:26:09.618065	msedge.exe	11	Afternoon
2021-09-07 15:26:11.383727	explorer.exe	11	Afternoon
2021-09-07 15:26:11.539029	explorer.exe	11	Afternoon
2021-09-07 15:26:12.157149	msedge.exe	11	Afternoon
2021-09-07 15:26:40.883865	Ssms.exe	11	Afternoon
2021-09-07 15:26:45.194605	explorer.exe	11	Afternoon
2021-09-07 15:26:45.452849	explorer.exe	11	Afternoon
2021-09-07 15:26:47.960903	msedge.exe	11	Afternoon
2021-09-07 15:29:05.627664	WINWORD.EXE	11	Afternoon
2021-09-07 15:29:21.961061	explorer.exe	11	Afternoon
2021-09-07 15:29:22.208683	explorer.exe	11	Afternoon
2021-09-07 15:29:22.278992	msedge.exe	11	Afternoon
2021-09-07 15:29:33.543361	Ssms.exe	11	Afternoon
2021-09-07 15:29:44.932763	explorer.exe	11	Afternoon
2021-09-07 15:29:45.172619	explorer.exe	11	Afternoon
2021-09-07 15:29:45.841167	msedge.exe	11	Afternoon
2021-09-07 15:32:32.675195	WINWORD.EXE	11	Afternoon
2021-09-07 15:32:45.020431	msedge.exe	11	Afternoon
2021-09-07 17:18:42.186399	Ssms.exe	12	Evening
2021-09-07 17:18:57.069235	WINWORD.EXE	12	Evening
2021-09-07 17:19:16.328743	Ssms.exe	12	Evening
2021-09-07 17:19:31.232805	WINWORD.EXE	12	Evening
2021-09-07 17:19:32.883107	Ssms.exe	12	Evening
2021-09-07 17:19:34.032431	WINWORD.EXE	12	Evening
2021-09-07 17:19:38.902252	Ssms.exe	12	Evening
2021-09-07 17:19:43.622640	WINWORD.EXE	12	Evening
2021-09-07 17:21:27.159000	Ssms.exe	12	Evening
2021-09-07 17:21:30.448806	msedge.exe	12	Evening
2021-09-07 17:21:32.380334	WINWORD.EXE	12	Evening
2021-09-07 17:21:34.351877	msedge.exe	12	Evening
2021-09-07 17:21:34.946567	WINWORD.EXE	12	Evening
2021-09-07 17:21:36.015847	Ssms.exe	12	Evening
2021-09-07 17:21:38.641643	WINWORD.EXE	12	Evening
2021-09-07 17:21:40.666909	Ssms.exe	12	Evening
2021-09-07 17:21:43.572968	WINWORD.EXE	12	Evening
2021-09-07 17:21:46.062118	Ssms.exe	12	Evening
2021-09-07 17:21:47.746576	WINWORD.EXE	12	Evening
2021-09-07 17:21:54.524465	Ssms.exe	12	Evening
2021-09-07 17:21:59.289784	WINWORD.EXE	12	Evening
2021-09-07 17:22:02.309169	WINWORD.EXE	12	Evening
2021-09-07 17:22:03.474092	WINWORD.EXE	12	Evening
2021-09-07 17:22:05.306982	Ssms.exe	12	Evening
2021-09-07 17:22:41.375172	msedge.exe	12	Evening
2021-09-07 17:23:10.742434	explorer.exe	12	Evening
2021-09-07 17:23:15.757737	Ssms.exe	12	Evening
2021-09-07 17:23:18.382570	WINWORD.EXE	12	Evening
2021-09-07 17:23:19.948874	Ssms.exe	12	Evening
2021-09-07 17:23:22.530745	WINWORD.EXE	12	Evening
2021-09-07 17:23:24.109740	Ssms.exe	12	Evening
2021-09-07 17:23:41.118419	explorer.exe	12	Evening
2021-09-07 17:23:41.333247	explorer.exe	12	Evening
2021-09-07 17:23:41.788297	WINWORD.EXE	12	Evening
2021-09-07 17:23:46.803603	explorer.exe	12	Evening
2021-09-07 17:23:47.028197	explorer.exe	12	Evening
2021-09-07 17:23:47.079953	Ssms.exe	12	Evening
2021-09-07 17:23:49.042719	explorer.exe	12	Evening
2021-09-07 17:23:49.258523	explorer.exe	12	Evening
2021-09-07 17:23:49.312232	WINWORD.EXE	12	Evening
2021-09-07 17:23:58.039210	explorer.exe	12	Evening
2021-09-07 17:23:58.302868	Ssms.exe	12	Evening
2021-09-07 17:24:16.123043	msedge.exe	12	Evening
2021-09-07 17:26:40.337646	WINWORD.EXE	12	Evening
2021-09-07 17:26:52.058573	Ssms.exe	12	Evening
2021-09-07 17:26:54.819138	explorer.exe	12	Evening
2021-09-07 17:26:55.013468	explorer.exe	12	Evening
2021-09-07 17:26:55.199977	WINWORD.EXE	12	Evening
2021-09-07 17:27:06.917973	explorer.exe	12	Evening
2021-09-07 17:27:07.121086	explorer.exe	12	Evening
2021-09-07 17:27:07.566370	Ssms.exe	12	Evening
2021-09-07 17:27:08.169845	explorer.exe	12	Evening
2021-09-07 17:27:08.344645	explorer.exe	12	Evening
2021-09-07 17:27:09.069205	msedge.exe	12	Evening
2021-09-07 17:27:21.747105	explorer.exe	12	Evening
2021-09-07 17:27:22.963823	WINWORD.EXE	12	Evening
2021-09-07 17:27:26.728230	explorer.exe	12	Evening
2021-09-07 17:27:27.006532	explorer.exe	12	Evening
2021-09-07 17:27:27.063169	msedge.exe	12	Evening
2021-09-07 17:27:31.843137	explorer.exe	12	Evening
2021-09-07 17:27:32.031602	explorer.exe	12	Evening
2021-09-07 17:27:32.090191	WINWORD.EXE	12	Evening
2021-09-07 17:27:36.015721	explorer.exe	12	Evening
2021-09-07 17:27:36.341874	msedge.exe	12	Evening
2021-09-07 17:28:13.773069	Ssms.exe	12	Evening
2021-09-07 17:28:24.297785	explorer.exe	12	Evening
2021-09-07 17:28:35.736507	msedge.exe	12	Evening
2021-09-07 17:28:38.885732	WINWORD.EXE	12	Evening
2021-09-07 17:28:41.793740	msedge.exe	12	Evening
2021-09-07 17:28:43.509451	WINWORD.EXE	12	Evening
2021-09-07 17:28:45.323784	msedge.exe	12	Evening
2021-09-07 17:28:47.030706	WINWORD.EXE	12	Evening
2021-09-07 17:28:49.161429	msedge.exe	12	Evening
2021-09-07 17:28:51.102262	WINWORD.EXE	12	Evening
2021-09-07 17:28:52.493774	msedge.exe	12	Evening
2021-09-07 17:28:54.301280	WINWORD.EXE	12	Evening
2021-09-07 17:28:54.910148	msedge.exe	12	Evening
2021-09-07 17:30:58.982286	WINWORD.EXE	12	Evening
2021-09-07 17:32:35.689214	msedge.exe	12	Evening
2021-09-07 17:54:02.477813	msedge.exe	12	Evening
2021-09-07 17:54:06.626958	msedge.exe	12	Evening
2021-09-07 18:00:13.797348	explorer.exe	12	Evening
2021-09-07 18:00:13.839340	explorer.exe	12	Evening
2021-09-07 18:00:21.499985	ApplicationFrameHost.exe	12	Evening
2021-09-07 18:01:08.443265	explorer.exe	12	Evening
2021-09-07 18:01:10.449972	msedge.exe	12	Evening
2021-09-07 18:01:38.084926	explorer.exe	12	Evening
2021-09-07 18:01:38.154255	explorer.exe	12	Evening
2021-09-07 18:01:40.949976	explorer.exe	12	Evening
2021-09-07 18:01:41.034929	explorer.exe	12	Evening
2021-09-07 18:01:42.735015	msedge.exe	12	Evening
2021-09-07 18:02:39.646159	Ssms.exe	12	Evening
2021-09-07 18:03:14.818714	WINWORD.EXE	12	Evening
2021-09-07 18:05:21.347721	Ssms.exe	12	Evening
2021-09-07 18:05:22.680653	msedge.exe	12	Evening
2021-09-07 18:09:48.104087	explorer.exe	12	Evening
2021-09-07 18:09:48.171463	explorer.exe	12	Evening
2021-09-07 18:09:51.575544	ApplicationFrameHost.exe	12	Evening
2021-09-07 18:11:55.290282	explorer.exe	12	Evening
2021-09-07 18:11:58.263729	explorer.exe	12	Evening
2021-09-07 18:11:58.320368	ApplicationFrameHost.exe	12	Evening
2021-09-07 18:11:59.582976	explorer.exe	12	Evening
2021-09-07 18:12:00.787976	ApplicationFrameHost.exe	12	Evening
2021-09-07 18:12:35.275064	explorer.exe	12	Evening
2021-09-07 18:12:36.997576	msedge.exe	12	Evening
2021-09-07 18:13:14.059654	IDMan.exe	12	Evening
2021-09-07 18:13:15.201184	msedge.exe	12	Evening
2021-09-07 18:13:15.528307	IDMan.exe	12	Evening
2021-09-07 18:13:16.500954	msedge.exe	12	Evening
2021-09-07 18:13:25.631179	explorer.exe	12	Evening
2021-09-07 18:13:25.732734	explorer.exe	12	Evening
2021-09-07 18:13:32.252826	msedge.exe	12	Evening
2021-09-07 18:28:19.300300	Ssms.exe	12	Evening
2021-09-07 18:29:15.051619	WINWORD.EXE	12	Evening
2021-09-07 18:29:16.273233	explorer.exe	12	Evening
2021-09-07 18:29:17.080810	TextLogger.exe	12	Evening
2021-09-07 18:29:56.056809	WINWORD.EXE	12	Evening
2021-09-07 18:29:57.773493	TextLogger.exe	12	Evening
2021-09-07 18:29:58.456067	WINWORD.EXE	12	Evening
2021-09-07 18:30:00.079008	msedge.exe	12	Evening
2021-09-07 18:38:38.811451	explorer.exe	11	Evening
2021-09-07 18:38:39.001851	explorer.exe	11	Evening
2021-09-07 18:38:39.827971	msedge.exe	11	Evening
2021-09-07 18:43:55.424326	IDMan.exe	11	Evening
2021-09-07 18:44:00.219921	msedge.exe	11	Evening
2021-09-07 18:44:00.360535	IDMan.exe	11	Evening
2021-09-07 18:44:02.203190	explorer.exe	11	Evening
2021-09-07 18:44:02.892600	explorer.exe	11	Evening
2021-09-07 18:44:12.476994	WinRAR.exe	11	Evening
2021-09-07 18:44:22.660867	notepad.exe	11	Evening
2021-09-07 18:44:26.034674	WinRAR.exe	11	Evening
2021-09-07 18:44:28.053708	WinRAR.exe	11	Evening
2021-09-07 18:44:41.055812	msedge.exe	11	Evening
2021-09-07 19:00:03.271779	TextLogger.exe	13	Evening
2021-09-07 19:00:17.113229	msedge.exe	14	Evening
2021-09-07 19:00:19.393642	explorer.exe	14	Evening
2021-09-07 19:00:19.461987	TextLogger.exe	14	Evening
2021-09-08 08:05:29.563549	TextLogger.exe	10	Morning
2021-09-08 08:05:32.022377	TextLogger.exe	10	Morning
2021-09-08 08:06:01.640157	TextLogger.exe	10	Morning
2021-09-08 08:06:03.563862	devenv.exe	10	Morning
2021-09-08 08:06:06.403554	Taskmgr.exe	10	Morning
2021-09-08 08:06:38.358509	devenv.exe	10	Morning
2021-09-08 08:06:40.548806	Taskmgr.exe	10	Morning
2021-09-08 08:06:46.542556	explorer.exe	10	Morning
2021-09-08 08:06:57.484523	Ssms.exe	10	Morning
2021-09-08 08:10:55.732726	msedge.exe	9	Morning
2021-09-08 08:15:24.467479	TextLogger.exe	9	Morning
2021-09-08 08:15:25.337201	msedge.exe	9	Morning
2021-09-08 08:17:20.386007	explorer.exe	9	Morning
2021-09-08 08:17:22.787222	WINWORD.EXE	9	Morning
2021-09-08 08:17:22.877065	WINWORD.EXE	9	Morning
2021-09-08 08:17:24.326185	WINWORD.EXE	9	Morning
2021-09-08 08:21:48.010479	TextLogger.exe	9	Morning
2021-09-08 08:21:49.187161	WINWORD.EXE	9	Morning
2021-09-08 08:22:06.790526	TextLogger.exe	9	Morning
2021-09-08 08:22:08.214263	WINWORD.EXE	9	Morning
2021-09-08 08:23:06.141221	explorer.exe	9	Morning
2021-09-08 08:23:10.344078	explorer.exe	9	Morning
2021-09-08 08:23:11.112583	WINWORD.EXE	9	Morning
2021-09-08 08:29:45.597878	Ssms.exe	9	Morning
2021-09-08 08:30:25.093797	devenv.exe	9	Morning
2021-09-08 08:30:26.086897	Ssms.exe	9	Morning
2021-09-08 08:30:29.279075	WINWORD.EXE	9	Morning
2021-09-08 08:30:38.847797	Ssms.exe	9	Morning
2021-09-08 08:30:40.152404	WINWORD.EXE	9	Morning
2021-09-08 08:30:41.253895	Ssms.exe	9	Morning
2021-09-08 08:30:42.718646	WINWORD.EXE	9	Morning
2021-09-08 08:30:44.955807	Ssms.exe	9	Morning
2021-09-08 08:30:49.278771	WINWORD.EXE	9	Morning
2021-09-08 08:30:50.674201	Ssms.exe	9	Morning
2021-09-08 08:30:55.133880	WINWORD.EXE	9	Morning
2021-09-08 08:31:19.783658	Ssms.exe	9	Morning
2021-09-08 08:31:33.012307	WINWORD.EXE	9	Morning
2021-09-08 08:31:37.541306	Ssms.exe	9	Morning
2021-09-08 08:31:40.170045	WINWORD.EXE	9	Morning
2021-09-08 08:34:33.756762	Ssms.exe	9	Morning
2021-09-08 08:34:44.917174	WINWORD.EXE	9	Morning
2021-09-08 08:34:57.279660	Ssms.exe	9	Morning
2021-09-08 08:36:10.219328	TextLogger.exe	9	Morning
2021-09-08 08:36:24.423495	Ssms.exe	9	Morning
2021-09-08 08:36:39.631504	WINWORD.EXE	9	Morning
2021-09-08 08:37:10.561859	Ssms.exe	9	Morning
2021-09-08 09:02:51.745165	WINWORD.EXE	9	Morning
2021-09-08 09:03:06.851620	Ssms.exe	9	Morning
2021-09-08 09:03:40.054120	WINWORD.EXE	9	Morning
2021-09-08 09:03:49.693151	Ssms.exe	9	Morning
2021-09-08 09:03:51.320028	WINWORD.EXE	9	Morning
2021-09-08 09:06:19.920038	msedge.exe	9	Morning
2021-09-08 09:06:22.580028	devenv.exe	9	Morning
2021-09-08 09:06:26.213588	msedge.exe	9	Morning
2021-09-08 09:06:28.874579	explorer.exe	9	Morning
2021-09-08 09:06:28.943873	TextLogger.exe	9	Morning
2021-09-08 09:06:42.538719	msedge.exe	9	Morning
2021-09-08 09:12:48.255534	msedge.exe	9	Morning
2021-09-08 09:13:14.147807	msedge.exe	9	Morning
2021-09-08 09:13:23.967487	devenv.exe	9	Morning
2021-09-08 09:13:59.085360	WINWORD.EXE	9	Morning
2021-09-08 09:14:05.498032	devenv.exe	9	Morning
2021-09-08 09:14:07.224483	WINWORD.EXE	9	Morning
2021-09-08 09:14:08.706812	devenv.exe	9	Morning
2021-09-08 09:14:10.409825	WINWORD.EXE	9	Morning
2021-09-08 09:14:17.315653	explorer.exe	9	Morning
2021-09-08 09:14:17.698513	devenv.exe	9	Morning
2021-09-08 09:14:27.285804	explorer.exe	9	Morning
2021-09-08 09:14:27.339498	explorer.exe	9	Morning
2021-09-08 09:14:27.488903	WINWORD.EXE	9	Morning
2021-09-08 09:14:28.663654	explorer.exe	9	Morning
2021-09-08 09:14:28.730039	explorer.exe	9	Morning
2021-09-08 09:14:28.816946	devenv.exe	9	Morning
2021-09-08 09:14:30.217243	explorer.exe	9	Morning
2021-09-08 09:14:30.268021	explorer.exe	9	Morning
2021-09-08 09:14:30.467229	WINWORD.EXE	9	Morning
2021-09-08 09:14:39.290883	explorer.exe	9	Morning
2021-09-08 09:14:39.334824	explorer.exe	9	Morning
2021-09-08 09:14:39.650235	devenv.exe	9	Morning
2021-09-08 09:15:23.413059	msedge.exe	9	Morning
2021-09-08 09:15:30.190942	devenv.exe	9	Morning
2021-09-08 09:15:31.336379	msedge.exe	9	Morning
2021-09-08 09:15:42.202870	Ssms.exe	9	Morning
2021-09-08 09:16:31.816882	msedge.exe	9	Morning
2021-09-08 09:16:32.796313	Ssms.exe	9	Morning
2021-09-08 09:18:33.046430	explorer.exe	9	Morning
2021-09-08 09:18:33.078652	explorer.exe	9	Morning
2021-09-08 09:18:34.257287	msedge.exe	9	Morning
2021-09-08 09:30:42.531561	IDMan.exe	9	Morning
2021-09-08 09:30:46.235890	msedge.exe	9	Morning
2021-09-08 09:30:47.730019	explorer.exe	9	Morning
2021-09-08 09:30:51.150233	msedge.exe	9	Morning
2021-09-08 09:36:52.398456	TextLogger.exe	9	Morning
2021-09-08 09:37:02.344100	msedge.exe	9	Morning
2021-09-08 09:37:03.994385	TextLogger.exe	9	Morning
2021-09-08 09:37:13.562133	msedge.exe	9	Morning
2021-09-08 09:39:08.719034	IDMan.exe	9	Morning
2021-09-08 09:39:10.133979	msedge.exe	9	Morning
2021-09-08 09:39:11.238384	explorer.exe	9	Morning
2021-09-08 09:39:13.871043	msedge.exe	9	Morning
2021-09-08 09:40:56.264867	IDMan.exe	9	Morning
2021-09-08 09:41:02.166833	msedge.exe	9	Morning
2021-09-08 09:41:08.699617	IDMan.exe	9	Morning
2021-09-08 09:41:09.998362	msedge.exe	9	Morning
2021-09-08 09:41:20.826770	explorer.exe	9	Morning
2021-09-08 09:41:25.237621	msedge.exe	9	Morning
2021-09-08 09:41:38.688908	explorer.exe	9	Morning
2021-09-08 09:41:43.030428	msedge.exe	9	Morning
2021-09-08 09:42:12.363508	explorer.exe	9	Morning
2021-09-08 09:42:13.713035	msedge.exe	9	Morning
2021-09-08 09:42:39.279758	POWERPNT.EXE	9	Morning
2021-09-08 09:42:42.198548	POWERPNT.EXE	9	Morning
2021-09-08 09:42:43.237512	msedge.exe	9	Morning
2021-09-08 09:42:45.474706	POWERPNT.EXE	9	Morning
2021-09-08 10:10:02.100211	TextLogger.exe	10	Morning
2021-09-08 10:10:06.291368	Ssms.exe	10	Morning
2021-09-08 10:10:32.321908	WINWORD.EXE	11	Morning
2021-09-08 10:10:36.072669	explorer.exe	11	Morning
2021-09-08 10:10:46.386453	msedge.exe	11	Morning
2021-09-08 10:10:50.608823	explorer.exe	11	Morning
2021-09-08 10:10:55.022604	msedge.exe	11	Morning
2021-09-08 10:11:08.806877	WINWORD.EXE	11	Morning
2021-09-08 10:12:35.055264	msedge.exe	11	Morning
2021-09-08 10:12:39.352844	WINWORD.EXE	11	Morning
2021-09-08 10:19:13.768572	explorer.exe	11	Morning
2021-09-08 10:19:14.172842	TextLogger.exe	11	Morning
2021-09-08 10:19:28.597701	WINWORD.EXE	11	Morning
2021-09-08 10:23:05.190504	msedge.exe	10	Morning
2021-09-08 10:24:31.744534	devenv.exe	10	Morning
2021-09-08 10:24:52.492227	WINWORD.EXE	10	Morning
2021-09-08 10:25:23.617188	Ssms.exe	10	Morning
2021-09-08 10:25:35.924019	WINWORD.EXE	10	Morning
2021-09-08 10:26:34.232786	devenv.exe	10	Morning
2021-09-08 10:26:59.590538	WINWORD.EXE	10	Morning
2021-09-08 10:27:37.026645	msedge.exe	10	Morning
2021-09-08 10:29:02.403462	POWERPNT.EXE	10	Morning
2021-09-08 10:29:45.897112	msedge.exe	10	Morning
2021-09-08 10:40:02.081870	devenv.exe	10	Morning
2021-09-08 10:40:38.757925	WINWORD.EXE	10	Morning
2021-09-08 10:41:04.665345	explorer.exe	10	Morning
2021-09-08 10:41:04.843632	explorer.exe	10	Morning
2021-09-08 10:41:04.895389	devenv.exe	10	Morning
2021-09-08 10:41:31.983903	WINWORD.EXE	10	Morning
2021-09-08 10:41:50.090678	explorer.exe	10	Morning
2021-09-08 10:41:50.093569	devenv.exe	10	Morning
2021-09-08 10:42:13.268865	msedge.exe	10	Morning
2021-09-08 10:42:16.927123	devenv.exe	10	Morning
2021-09-08 10:42:25.119124	explorer.exe	10	Morning
2021-09-08 10:42:25.281287	explorer.exe	10	Morning
2021-09-08 10:42:26.128420	WINWORD.EXE	10	Morning
2021-09-08 10:42:34.431581	explorer.exe	10	Morning
2021-09-08 10:42:34.578113	explorer.exe	10	Morning
2021-09-08 10:42:40.365025	WINWORD.EXE	10	Morning
2021-09-08 10:42:43.373522	explorer.exe	10	Morning
2021-09-08 10:42:43.826717	devenv.exe	10	Morning
2021-09-08 10:45:02.376976	WINWORD.EXE	10	Morning
2021-09-08 10:45:06.957853	explorer.exe	10	Morning
2021-09-08 10:45:07.121987	explorer.exe	10	Morning
2021-09-08 10:45:07.141063	devenv.exe	10	Morning
2021-09-08 10:49:53.171290	explorer.exe	10	Morning
2021-09-08 10:49:53.271869	TextLogger.exe	10	Morning
2021-09-08 10:49:59.314203	devenv.exe	10	Morning
2021-09-08 10:56:49.755014	explorer.exe	10	Morning
2021-09-08 10:57:04.970713	msedge.exe	10	Morning
2021-09-08 10:58:05.463143	explorer.exe	10	Morning
2021-09-08 10:58:05.613574	explorer.exe	10	Morning
2021-09-08 10:58:09.908844	msedge.exe	10	Morning
2021-09-08 10:58:24.907392	WINWORD.EXE	10	Morning
2021-09-08 10:58:27.963665	msedge.exe	10	Morning
2021-09-08 10:58:29.946260	devenv.exe	10	Morning
2021-09-08 10:58:32.577691	explorer.exe	10	Morning
2021-09-08 10:58:55.000240	devenv.exe	10	Morning
2021-09-08 10:58:57.437917	POWERPNT.EXE	10	Morning
2021-09-08 10:58:58.956673	devenv.exe	10	Morning
2021-09-08 10:59:03.091175	WINWORD.EXE	10	Morning
2021-09-08 10:59:04.008709	devenv.exe	10	Morning
2021-09-08 10:59:05.133890	Code.exe	10	Morning
2021-09-08 10:59:23.668354	devenv.exe	10	Morning
2021-09-08 11:00:15.120558	msedge.exe	10	Afternoon
2021-09-08 11:00:33.128431	devenv.exe	10	Afternoon
2021-09-08 11:01:17.082071	explorer.exe	10	Afternoon
2021-09-08 11:01:26.906268	msedge.exe	10	Afternoon
2021-09-08 11:01:27.807638	explorer.exe	10	Afternoon
2021-09-08 11:01:30.172525	devenv.exe	10	Afternoon
2021-09-08 11:01:55.959620	explorer.exe	10	Afternoon
2021-09-08 11:01:56.126192	explorer.exe	10	Afternoon
2021-09-08 11:01:56.924514	explorer.exe	10	Afternoon
2021-09-08 11:02:05.588898	devenv.exe	10	Afternoon
2021-09-08 11:02:43.710256	explorer.exe	10	Afternoon
2021-09-08 11:02:43.898316	explorer.exe	10	Afternoon
2021-09-08 11:02:44.952090	devenv.exe	10	Afternoon
2021-09-08 11:02:46.421952	explorer.exe	10	Afternoon
2021-09-08 11:02:46.651533	explorer.exe	10	Afternoon
2021-09-08 11:02:46.673545	explorer.exe	10	Afternoon
2021-09-08 11:02:47.424697	explorer.exe	10	Afternoon
2021-09-08 11:02:47.660149	explorer.exe	10	Afternoon
2021-09-08 11:02:48.132822	msedge.exe	10	Afternoon
2021-09-08 11:03:08.207352	explorer.exe	10	Afternoon
2021-09-08 11:03:09.263571	devenv.exe	10	Afternoon
2021-09-08 11:04:09.533277	explorer.exe	10	Afternoon
2021-09-08 11:04:09.692447	explorer.exe	10	Afternoon
2021-09-08 11:04:12.989954	msedge.exe	10	Afternoon
2021-09-08 11:04:17.644563	explorer.exe	10	Afternoon
2021-09-08 11:04:17.733938	devenv.exe	10	Afternoon
2021-09-08 11:04:19.942592	explorer.exe	10	Afternoon
2021-09-08 11:04:20.150124	explorer.exe	10	Afternoon
2021-09-08 11:04:21.047624	msedge.exe	10	Afternoon
2021-09-08 11:04:30.438423	explorer.exe	10	Afternoon
2021-09-08 11:04:30.609310	explorer.exe	10	Afternoon
2021-09-08 11:04:31.905677	devenv.exe	10	Afternoon
2021-09-08 11:04:32.957522	explorer.exe	10	Afternoon
2021-09-08 11:04:33.158682	explorer.exe	10	Afternoon
2021-09-08 11:04:33.503386	msedge.exe	10	Afternoon
2021-09-08 11:04:35.535261	explorer.exe	10	Afternoon
2021-09-08 11:04:35.608490	devenv.exe	10	Afternoon
2021-09-08 11:04:39.670739	msedge.exe	10	Afternoon
2021-09-08 11:05:05.382715	explorer.exe	10	Afternoon
2021-09-08 11:05:05.577199	explorer.exe	10	Afternoon
2021-09-08 11:05:06.228056	devenv.exe	10	Afternoon
2021-09-08 11:05:44.016988	explorer.exe	10	Afternoon
2021-09-08 11:05:44.217169	explorer.exe	10	Afternoon
2021-09-08 11:05:44.369515	msedge.exe	10	Afternoon
2021-09-08 11:06:02.921700	explorer.exe	10	Afternoon
2021-09-08 11:06:05.017006	devenv.exe	10	Afternoon
2021-09-08 11:10:04.748427	explorer.exe	10	Afternoon
2021-09-08 11:10:04.940799	explorer.exe	10	Afternoon
2021-09-08 11:10:05.036497	msedge.exe	10	Afternoon
2021-09-08 11:10:07.222336	explorer.exe	10	Afternoon
2021-09-08 11:10:07.223314	explorer.exe	10	Afternoon
2021-09-08 11:10:07.305356	devenv.exe	10	Afternoon
2021-09-08 11:13:50.501451	msedge.exe	10	Afternoon
2021-09-08 11:13:52.594460	explorer.exe	10	Afternoon
2021-09-08 11:14:03.282320	msedge.exe	10	Afternoon
2021-09-08 11:14:48.337009	explorer.exe	10	Afternoon
2021-09-08 11:14:48.546554	explorer.exe	10	Afternoon
2021-09-08 11:14:49.010391	explorer.exe	10	Afternoon
2021-09-08 11:15:03.219732	msedge.exe	10	Afternoon
2021-09-08 11:18:52.972671	WINWORD.EXE	10	Afternoon
2021-09-08 11:19:02.693686	msedge.exe	10	Afternoon
2021-09-08 11:20:03.102247	msedge.exe	10	Afternoon
2021-09-08 11:20:07.401146	msedge.exe	10	Afternoon
2021-09-08 11:20:14.415280	explorer.exe	10	Afternoon
2021-09-08 11:20:14.415280	explorer.exe	10	Afternoon
2021-09-08 11:20:16.026217	explorer.exe	10	Afternoon
2021-09-08 11:20:23.318512	explorer.exe	10	Afternoon
2021-09-08 11:20:23.319477	explorer.exe	10	Afternoon
2021-09-08 11:20:24.155943	msedge.exe	10	Afternoon
2021-09-08 11:20:24.800052	ApplicationFrameHost.exe	10	Afternoon
2021-09-08 11:20:28.845279	msedge.exe	10	Afternoon
2021-09-08 11:20:37.069299	explorer.exe	11	Afternoon
2021-09-08 11:20:38.176341	msedge.exe	11	Afternoon
2021-09-08 11:20:43.795719	msedge.exe	11	Afternoon
2021-09-08 11:20:48.834323	msedge.exe	11	Afternoon
2021-09-08 11:21:17.302235	explorer.exe	11	Afternoon
2021-09-08 11:21:17.506323	explorer.exe	11	Afternoon
2021-09-08 11:21:20.027424	devenv.exe	11	Afternoon
2021-09-08 11:21:39.972552	msedge.exe	11	Afternoon
2021-09-08 11:22:28.820669	WINWORD.EXE	11	Afternoon
2021-09-08 11:22:37.254275	explorer.exe	11	Afternoon
2021-09-08 11:22:37.528888	explorer.exe	11	Afternoon
2021-09-08 11:22:37.663807	msedge.exe	11	Afternoon
2021-09-08 11:24:21.475221	devenv.exe	11	Afternoon
2021-09-08 11:25:21.513788	explorer.exe	11	Afternoon
2021-09-08 11:25:27.726883	devenv.exe	11	Afternoon
2021-09-08 11:26:57.244287	explorer.exe	11	Afternoon
2021-09-08 11:26:57.498755	explorer.exe	11	Afternoon
2021-09-08 11:26:59.283942	devenv.exe	11	Afternoon
2021-09-08 11:27:03.046972	explorer.exe	11	Afternoon
2021-09-08 11:27:03.259001	explorer.exe	11	Afternoon
2021-09-08 11:27:05.976894	explorer.exe	11	Afternoon
2021-09-08 11:27:12.187825	devenv.exe	11	Afternoon
2021-09-08 11:28:04.360796	explorer.exe	11	Afternoon
2021-09-08 11:28:04.563907	explorer.exe	11	Afternoon
2021-09-08 11:28:06.388781	msedge.exe	11	Afternoon
2021-09-08 11:28:14.235342	devenv.exe	11	Afternoon
2021-09-08 11:28:19.046092	msedge.exe	11	Afternoon
2021-09-08 11:28:19.963668	Code.exe	11	Afternoon
2021-09-08 11:28:22.003945	msedge.exe	11	Afternoon
2021-09-08 11:28:24.061753	ApplicationFrameHost.exe	11	Afternoon
2021-09-08 11:28:25.302978	msedge.exe	11	Afternoon
2021-09-08 11:29:16.375245	explorer.exe	11	Afternoon
2021-09-08 11:29:17.190255	devenv.exe	11	Afternoon
2021-09-08 11:29:20.913612	explorer.exe	11	Afternoon
2021-09-08 11:29:21.124541	explorer.exe	11	Afternoon
2021-09-08 11:29:21.258317	msedge.exe	11	Afternoon
2021-09-08 11:30:47.061981	msedge.exe	9	Afternoon
2021-09-08 11:30:52.799438	msedge.exe	9	Afternoon
2021-09-08 11:30:59.300993	explorer.exe	9	Afternoon
2021-09-08 11:30:59.900109	devenv.exe	9	Afternoon
2021-09-08 11:31:06.150107	explorer.exe	9	Afternoon
2021-09-08 11:31:06.368845	explorer.exe	9	Afternoon
2021-09-08 11:31:08.030100	msedge.exe	9	Afternoon
2021-09-08 11:31:10.209980	explorer.exe	9	Afternoon
2021-09-08 11:31:10.384312	explorer.exe	9	Afternoon
2021-09-08 11:31:11.001462	devenv.exe	9	Afternoon
2021-09-08 11:31:40.264852	explorer.exe	9	Afternoon
2021-09-08 11:31:40.429879	explorer.exe	9	Afternoon
2021-09-08 11:31:40.837107	explorer.exe	9	Afternoon
2021-09-08 11:31:40.838058	msedge.exe	9	Afternoon
2021-09-08 11:31:44.338416	explorer.exe	9	Afternoon
2021-09-08 11:31:44.512776	explorer.exe	9	Afternoon
2021-09-08 11:31:44.561603	devenv.exe	9	Afternoon
2021-09-08 11:31:53.301083	explorer.exe	9	Afternoon
2021-09-08 11:31:53.499315	explorer.exe	9	Afternoon
2021-09-08 11:31:53.537397	msedge.exe	9	Afternoon
2021-09-08 11:32:09.879172	explorer.exe	9	Afternoon
2021-09-08 11:32:10.066659	explorer.exe	9	Afternoon
2021-09-08 11:32:10.473866	devenv.exe	9	Afternoon
2021-09-08 11:32:11.719433	explorer.exe	9	Afternoon
2021-09-08 11:32:14.256154	devenv.exe	9	Afternoon
2021-09-08 11:32:42.460005	explorer.exe	9	Afternoon
2021-09-08 11:32:44.156972	explorer.exe	9	Afternoon
2021-09-08 11:32:44.972851	explorer.exe	9	Afternoon
2021-09-08 11:32:45.134951	explorer.exe	9	Afternoon
2021-09-08 11:32:45.409397	devenv.exe	9	Afternoon
2021-09-08 11:32:47.399797	explorer.exe	9	Afternoon
2021-09-08 11:32:47.589950	explorer.exe	9	Afternoon
2021-09-08 11:32:48.057375	explorer.exe	9	Afternoon
2021-09-08 11:32:52.123008	devenv.exe	9	Afternoon
2021-09-08 11:33:16.834168	msedge.exe	9	Afternoon
2021-09-08 11:34:20.868736	msedge.exe	9	Afternoon
2021-09-08 11:34:30.842746	msedge.exe	9	Afternoon
2021-09-08 11:34:32.116189	explorer.exe	9	Afternoon
2021-09-08 11:34:36.567413	msedge.exe	9	Afternoon
2021-09-08 11:34:39.787814	explorer.exe	9	Afternoon
2021-09-08 11:34:40.383065	explorer.exe	9	Afternoon
2021-09-08 11:34:41.064662	explorer.exe	9	Afternoon
2021-09-08 11:34:41.179428	explorer.exe	9	Afternoon
2021-09-08 11:34:42.397440	devenv.exe	9	Afternoon
2021-09-08 11:34:45.948950	explorer.exe	9	Afternoon
2021-09-08 11:34:50.986918	devenv.exe	9	Afternoon
2021-09-08 11:34:51.728348	explorer.exe	9	Afternoon
2021-09-08 11:34:51.860177	explorer.exe	9	Afternoon
2021-09-08 11:34:51.926117	explorer.exe	9	Afternoon
2021-09-08 11:34:54.141066	devenv.exe	9	Afternoon
2021-09-08 11:35:39.717711	explorer.exe	9	Afternoon
2021-09-08 11:35:39.879347	explorer.exe	9	Afternoon
2021-09-08 11:35:41.164006	msedge.exe	9	Afternoon
2021-09-08 11:35:56.816664	explorer.exe	9	Afternoon
2021-09-08 11:35:57.412415	devenv.exe	9	Afternoon
2021-09-08 11:36:03.786072	explorer.exe	9	Afternoon
2021-09-08 11:36:03.963341	explorer.exe	9	Afternoon
2021-09-08 11:36:05.822457	devenv.exe	9	Afternoon
2021-09-08 11:36:09.160746	msedge.exe	9	Afternoon
2021-09-08 11:36:24.494531	devenv.exe	9	Afternoon
2021-09-08 11:36:31.242971	explorer.exe	9	Afternoon
2021-09-08 11:36:32.347905	msedge.exe	9	Afternoon
2021-09-08 12:10:54.470450	WINWORD.EXE	9	Afternoon
2021-09-08 12:10:57.706508	explorer.exe	9	Afternoon
2021-09-08 12:10:57.906754	explorer.exe	9	Afternoon
2021-09-08 12:10:58.535727	msedge.exe	9	Afternoon
2021-09-08 12:11:01.507787	devenv.exe	9	Afternoon
2021-09-08 12:11:19.595057	explorer.exe	9	Afternoon
2021-09-08 12:11:19.771873	explorer.exe	9	Afternoon
2021-09-08 12:11:21.053080	msedge.exe	9	Afternoon
2021-09-08 12:11:39.364803	explorer.exe	9	Afternoon
2021-09-08 12:11:39.971318	devenv.exe	9	Afternoon
2021-09-08 12:12:02.977785	explorer.exe	9	Afternoon
2021-09-08 12:12:03.205310	explorer.exe	9	Afternoon
2021-09-08 12:12:03.587121	msedge.exe	9	Afternoon
2021-09-08 12:12:04.265773	explorer.exe	9	Afternoon
2021-09-08 12:12:04.754085	msedge.exe	9	Afternoon
2021-09-08 12:12:05.858275	explorer.exe	9	Afternoon
2021-09-08 12:12:06.046460	explorer.exe	9	Afternoon
2021-09-08 12:12:06.594848	devenv.exe	9	Afternoon
2021-09-08 12:12:12.284504	explorer.exe	9	Afternoon
2021-09-08 12:12:12.462227	explorer.exe	9	Afternoon
2021-09-08 12:12:13.453516	msedge.exe	9	Afternoon
2021-09-08 12:12:34.342531	WINWORD.EXE	9	Afternoon
2021-09-08 12:13:34.956065	explorer.exe	9	Afternoon
2021-09-08 12:13:35.612399	msedge.exe	9	Afternoon
2021-09-08 12:13:35.995686	explorer.exe	9	Afternoon
2021-09-08 12:13:36.144114	explorer.exe	9	Afternoon
2021-09-08 12:13:38.598912	msedge.exe	9	Afternoon
2021-09-08 12:13:53.440304	explorer.exe	9	Afternoon
2021-09-08 12:13:53.603581	explorer.exe	9	Afternoon
2021-09-08 12:13:55.536982	WINWORD.EXE	9	Afternoon
2021-09-08 12:13:56.516540	explorer.exe	9	Afternoon
2021-09-08 12:13:56.708103	explorer.exe	9	Afternoon
2021-09-08 12:13:57.799976	msedge.exe	9	Afternoon
2021-09-08 12:14:40.350980	explorer.exe	9	Afternoon
2021-09-08 12:14:40.514569	explorer.exe	9	Afternoon
2021-09-08 12:14:42.025821	devenv.exe	9	Afternoon
2021-09-08 12:15:10.315683	explorer.exe	9	Afternoon
2021-09-08 12:15:10.492428	explorer.exe	9	Afternoon
2021-09-08 12:15:10.638484	msedge.exe	9	Afternoon
2021-09-08 12:15:14.902487	explorer.exe	9	Afternoon
2021-09-08 12:15:15.278439	devenv.exe	9	Afternoon
2021-09-08 12:15:21.104410	explorer.exe	9	Afternoon
2021-09-08 12:15:21.297719	explorer.exe	9	Afternoon
2021-09-08 12:15:21.362472	msedge.exe	9	Afternoon
2021-09-08 12:16:47.177739	WINWORD.EXE	9	Afternoon
2021-09-08 12:16:57.991709	explorer.exe	9	Afternoon
2021-09-08 12:16:58.526920	msedge.exe	9	Afternoon
2021-09-08 12:17:52.994520	explorer.exe	9	Afternoon
2021-09-08 12:17:53.126351	explorer.exe	9	Afternoon
2021-09-08 12:17:53.586328	msedge.exe	9	Afternoon
2021-09-08 12:17:54.853452	explorer.exe	9	Afternoon
2021-09-08 12:17:54.977003	explorer.exe	9	Afternoon
2021-09-08 12:17:55.207972	msedge.exe	9	Afternoon
2021-09-08 12:17:55.988285	explorer.exe	9	Afternoon
2021-09-08 12:17:56.114764	explorer.exe	9	Afternoon
2021-09-08 12:17:56.165086	msedge.exe	9	Afternoon
2021-09-08 12:17:56.728617	explorer.exe	9	Afternoon
2021-09-08 12:17:56.869233	explorer.exe	9	Afternoon
2021-09-08 12:17:57.400013	WINWORD.EXE	9	Afternoon
2021-09-08 12:19:00.977235	msedge.exe	9	Afternoon
2021-09-08 12:19:02.001771	WINWORD.EXE	9	Afternoon
2021-09-08 12:19:08.393991	msedge.exe	9	Afternoon
2021-09-08 12:20:40.687410	devenv.exe	9	Afternoon
2021-09-08 12:20:48.505280	vsgraphics.exe	9	Afternoon
2021-09-08 12:20:50.902465	devenv.exe	9	Afternoon
2021-09-08 12:20:56.246911	explorer.exe	9	Afternoon
2021-09-08 12:20:56.518545	explorer.exe	9	Afternoon
2021-09-08 12:20:56.892083	explorer.exe	9	Afternoon
2021-09-08 12:20:56.898919	msedge.exe	9	Afternoon
2021-09-08 12:21:50.154488	explorer.exe	9	Afternoon
2021-09-08 12:21:51.023194	devenv.exe	9	Afternoon
2021-09-08 12:21:55.370972	vsgraphics.exe	9	Afternoon
2021-09-08 12:21:55.837370	devenv.exe	9	Afternoon
2021-09-08 12:21:59.693480	explorer.exe	9	Afternoon
2021-09-08 12:21:59.915361	explorer.exe	9	Afternoon
2021-09-08 12:22:00.504722	msedge.exe	9	Afternoon
2021-09-08 12:28:00.238671	explorer.exe	9	Afternoon
2021-09-08 12:28:04.635177	msedge.exe	9	Afternoon
2021-09-08 12:28:08.441466	explorer.exe	9	Afternoon
2021-09-08 12:28:10.261866	ApplicationFrameHost.exe	9	Afternoon
2021-09-08 12:28:19.608905	explorer.exe	9	Afternoon
2021-09-08 12:28:20.990870	msedge.exe	9	Afternoon
2021-09-08 12:28:38.864550	explorer.exe	9	Afternoon
2021-09-08 12:29:01.978576	devenv.exe	9	Afternoon
2021-09-08 12:29:04.375671	explorer.exe	9	Afternoon
2021-09-08 12:29:04.742191	explorer.exe	9	Afternoon
2021-09-08 12:29:04.766149	explorer.exe	9	Afternoon
2021-09-08 12:29:07.715644	devenv.exe	9	Afternoon
2021-09-08 12:30:22.354418	msedge.exe	9	Afternoon
2021-09-08 12:32:07.585668	explorer.exe	9	Afternoon
2021-09-08 12:32:07.785965	explorer.exe	9	Afternoon
2021-09-08 12:32:08.891245	devenv.exe	9	Afternoon
2021-09-08 12:32:24.573434	explorer.exe	9	Afternoon
2021-09-08 12:32:24.821241	explorer.exe	9	Afternoon
2021-09-08 12:32:26.769382	devenv.exe	9	Afternoon
2021-09-08 12:32:44.075677	explorer.exe	9	Afternoon
2021-09-08 12:32:44.311015	explorer.exe	9	Afternoon
2021-09-08 12:32:44.675248	msedge.exe	9	Afternoon
2021-09-08 12:32:46.208114	explorer.exe	9	Afternoon
2021-09-08 12:32:46.382908	explorer.exe	9	Afternoon
2021-09-08 12:32:46.414155	devenv.exe	9	Afternoon
2021-09-08 12:32:52.015790	explorer.exe	9	Afternoon
2021-09-08 12:32:52.259198	explorer.exe	9	Afternoon
2021-09-08 12:32:52.396154	msedge.exe	9	Afternoon
2021-09-08 12:32:54.642055	explorer.exe	9	Afternoon
2021-09-08 12:32:54.825638	explorer.exe	9	Afternoon
2021-09-08 12:32:54.924481	devenv.exe	9	Afternoon
2021-09-08 12:33:06.256309	explorer.exe	9	Afternoon
2021-09-08 12:33:06.506300	explorer.exe	9	Afternoon
2021-09-08 12:33:09.062443	msedge.exe	9	Afternoon
2021-09-08 12:33:13.894445	explorer.exe	9	Afternoon
2021-09-08 12:33:13.895421	explorer.exe	9	Afternoon
2021-09-08 12:33:14.101514	devenv.exe	9	Afternoon
2021-09-08 12:33:15.275449	explorer.exe	9	Afternoon
2021-09-08 12:33:15.505900	explorer.exe	9	Afternoon
2021-09-08 12:33:15.556679	msedge.exe	9	Afternoon
2021-09-08 12:33:15.867218	explorer.exe	9	Afternoon
2021-09-08 12:33:16.130531	explorer.exe	9	Afternoon
2021-09-08 12:33:16.185367	devenv.exe	9	Afternoon
2021-09-08 12:33:17.936316	explorer.exe	9	Afternoon
2021-09-08 12:33:18.138967	explorer.exe	9	Afternoon
2021-09-08 12:33:18.205372	msedge.exe	9	Afternoon
2021-09-08 12:33:38.607928	explorer.exe	9	Afternoon
2021-09-08 12:33:38.781847	explorer.exe	9	Afternoon
2021-09-08 12:33:40.837977	msedge.exe	9	Afternoon
2021-09-08 12:33:57.050001	explorer.exe	9	Afternoon
2021-09-08 12:33:57.228751	explorer.exe	9	Afternoon
2021-09-08 12:33:58.843989	devenv.exe	9	Afternoon
2021-09-08 12:34:00.606551	msedge.exe	9	Afternoon
2021-09-08 12:34:38.716386	explorer.exe	9	Afternoon
2021-09-08 12:34:38.865790	explorer.exe	9	Afternoon
2021-09-08 12:34:39.655049	devenv.exe	9	Afternoon
2021-09-08 12:35:19.799693	explorer.exe	9	Afternoon
2021-09-08 12:35:19.963342	explorer.exe	9	Afternoon
2021-09-08 12:35:20.578537	msedge.exe	9	Afternoon
2021-09-08 12:35:25.416130	explorer.exe	9	Afternoon
2021-09-08 12:35:27.335908	devenv.exe	9	Afternoon
2021-09-08 12:35:34.614427	explorer.exe	9	Afternoon
2021-09-08 12:35:34.824891	explorer.exe	9	Afternoon
2021-09-08 12:35:35.126276	msedge.exe	9	Afternoon
2021-09-08 12:35:36.486938	explorer.exe	9	Afternoon
2021-09-08 12:35:36.617803	explorer.exe	9	Afternoon
2021-09-08 12:35:36.657830	devenv.exe	9	Afternoon
2021-09-08 12:36:33.001090	explorer.exe	9	Afternoon
2021-09-08 12:36:33.159399	explorer.exe	9	Afternoon
2021-09-08 12:36:33.659364	msedge.exe	9	Afternoon
2021-09-08 12:36:36.727301	explorer.exe	9	Afternoon
2021-09-08 12:36:36.829372	devenv.exe	9	Afternoon
2021-09-08 12:36:39.504263	explorer.exe	9	Afternoon
2021-09-08 12:36:39.693357	explorer.exe	9	Afternoon
2021-09-08 12:36:39.767114	msedge.exe	9	Afternoon
2021-09-08 12:36:41.648021	explorer.exe	9	Afternoon
2021-09-08 12:36:41.791565	explorer.exe	9	Afternoon
2021-09-08 12:36:41.950734	devenv.exe	9	Afternoon
2021-09-08 12:38:36.782529	explorer.exe	9	Afternoon
2021-09-08 12:38:36.986624	explorer.exe	9	Afternoon
2021-09-08 12:38:37.642364	msedge.exe	9	Afternoon
2021-09-08 12:38:44.537353	explorer.exe	9	Afternoon
2021-09-08 12:38:44.796749	explorer.exe	9	Afternoon
2021-09-08 12:38:44.937368	msedge.exe	9	Afternoon
2021-09-08 12:38:45.847259	explorer.exe	9	Afternoon
2021-09-08 12:38:46.443496	devenv.exe	9	Afternoon
2021-09-08 12:38:59.724269	explorer.exe	9	Afternoon
2021-09-08 12:38:59.926405	explorer.exe	9	Afternoon
2021-09-08 12:39:00.018337	msedge.exe	9	Afternoon
2021-09-08 12:39:00.845491	explorer.exe	9	Afternoon
2021-09-08 12:39:00.990525	explorer.exe	9	Afternoon
2021-09-08 12:39:01.582432	msedge.exe	9	Afternoon
2021-09-08 12:40:53.691511	explorer.exe	9	Afternoon
2021-09-08 12:40:53.853614	explorer.exe	9	Afternoon
2021-09-08 12:40:56.708904	msedge.exe	9	Afternoon
2021-09-08 12:42:02.380473	explorer.exe	9	Afternoon
2021-09-08 12:42:02.729087	msedge.exe	9	Afternoon
2021-09-08 12:42:03.693866	explorer.exe	9	Afternoon
2021-09-08 12:42:03.828622	explorer.exe	9	Afternoon
2021-09-08 12:42:04.939881	msedge.exe	9	Afternoon
2021-09-08 12:42:05.617570	explorer.exe	9	Afternoon
2021-09-08 12:42:05.739634	explorer.exe	9	Afternoon
2021-09-08 12:42:06.395840	devenv.exe	9	Afternoon
2021-09-08 12:42:12.425729	explorer.exe	9	Afternoon
2021-09-08 12:42:12.630791	explorer.exe	9	Afternoon
2021-09-08 12:42:13.476443	msedge.exe	9	Afternoon
2021-09-08 12:42:13.912939	explorer.exe	9	Afternoon
2021-09-08 12:42:14.034035	explorer.exe	9	Afternoon
2021-09-08 12:42:14.677539	msedge.exe	9	Afternoon
2021-09-08 12:42:15.425538	explorer.exe	9	Afternoon
2021-09-08 12:42:16.082736	explorer.exe	9	Afternoon
2021-09-08 12:42:16.083702	msedge.exe	9	Afternoon
2021-09-08 12:42:16.315129	explorer.exe	9	Afternoon
2021-09-08 12:42:16.440122	explorer.exe	9	Afternoon
2021-09-08 12:42:17.159803	msedge.exe	9	Afternoon
2021-09-08 12:42:21.720058	explorer.exe	9	Afternoon
2021-09-08 12:42:23.161370	devenv.exe	9	Afternoon
2021-09-08 12:42:55.284313	explorer.exe	9	Afternoon
2021-09-08 12:42:55.504026	explorer.exe	9	Afternoon
2021-09-08 12:42:56.002042	msedge.exe	9	Afternoon
2021-09-08 12:44:52.220189	explorer.exe	9	Afternoon
2021-09-08 12:44:52.442833	explorer.exe	9	Afternoon
2021-09-08 12:44:55.804918	msedge.exe	9	Afternoon
2021-09-08 12:45:04.258552	devenv.exe	9	Afternoon
2021-09-08 12:46:22.037683	explorer.exe	9	Afternoon
2021-09-08 12:46:22.291572	explorer.exe	9	Afternoon
2021-09-08 12:46:22.733933	msedge.exe	9	Afternoon
2021-09-08 12:47:00.189536	explorer.exe	9	Afternoon
2021-09-08 12:47:01.209993	ShellExperienceHost.exe	9	Afternoon
2021-09-08 12:47:05.754611	msedge.exe	9	Afternoon
2021-09-08 12:47:23.818883	explorer.exe	9	Afternoon
2021-09-08 12:47:24.036642	explorer.exe	9	Afternoon
2021-09-08 12:47:24.658674	devenv.exe	9	Afternoon
2021-09-08 12:47:40.205531	msedge.exe	9	Afternoon
2021-09-08 12:49:24.347339	devenv.exe	9	Afternoon
2021-09-08 12:49:30.183843	msedge.exe	9	Afternoon
2021-09-08 12:49:55.678305	devenv.exe	9	Afternoon
2021-09-08 12:50:26.984895	explorer.exe	9	Afternoon
2021-09-08 12:50:27.405768	msedge.exe	9	Afternoon
2021-09-08 12:50:47.532408	explorer.exe	9	Afternoon
2021-09-08 12:50:47.711108	explorer.exe	9	Afternoon
2021-09-08 12:50:48.259901	devenv.exe	9	Afternoon
2021-09-08 12:52:56.128669	explorer.exe	9	Afternoon
2021-09-08 12:52:56.383536	explorer.exe	9	Afternoon
2021-09-08 12:52:56.870810	msedge.exe	9	Afternoon
2021-09-08 12:53:45.955561	explorer.exe	9	Afternoon
2021-09-08 12:53:46.149882	explorer.exe	9	Afternoon
2021-09-08 12:53:46.511186	devenv.exe	9	Afternoon
2021-09-08 12:53:49.525643	explorer.exe	9	Afternoon
2021-09-08 12:53:49.733638	explorer.exe	9	Afternoon
2021-09-08 12:53:51.947363	devenv.exe	9	Afternoon
2021-09-08 12:54:49.954396	explorer.exe	9	Afternoon
2021-09-08 12:54:49.970017	explorer.exe	9	Afternoon
2021-09-08 12:54:50.455336	msedge.exe	9	Afternoon
2021-09-08 12:56:44.939221	WINWORD.EXE	9	Afternoon
2021-09-08 12:57:02.042618	explorer.exe	9	Afternoon
2021-09-08 12:57:02.273072	explorer.exe	9	Afternoon
2021-09-08 12:57:03.486864	WINWORD.EXE	9	Afternoon
2021-09-08 12:57:38.168234	explorer.exe	9	Afternoon
2021-09-08 12:57:38.430914	explorer.exe	9	Afternoon
2021-09-08 12:57:38.861550	msedge.exe	9	Afternoon
2021-09-08 12:57:46.080824	explorer.exe	9	Afternoon
2021-09-08 12:57:46.258536	explorer.exe	9	Afternoon
2021-09-08 12:57:46.315174	WINWORD.EXE	9	Afternoon
2021-09-08 12:58:13.526371	explorer.exe	9	Afternoon
2021-09-08 12:58:13.751074	explorer.exe	9	Afternoon
2021-09-08 12:58:14.130936	msedge.exe	9	Afternoon
2021-09-08 12:58:23.743599	devenv.exe	9	Afternoon
2021-09-08 12:59:24.052239	explorer.exe	9	Afternoon
2021-09-08 12:59:24.325658	explorer.exe	9	Afternoon
2021-09-08 12:59:24.853947	msedge.exe	9	Afternoon
2021-09-08 12:59:30.005958	explorer.exe	9	Afternoon
2021-09-08 12:59:30.082127	devenv.exe	9	Afternoon
2021-09-08 12:59:35.743875	explorer.exe	9	Afternoon
2021-09-08 12:59:35.983116	explorer.exe	9	Afternoon
2021-09-08 12:59:36.047564	msedge.exe	9	Afternoon
2021-09-08 12:59:47.842707	explorer.exe	9	Afternoon
2021-09-08 12:59:48.056560	explorer.exe	9	Afternoon
2021-09-08 12:59:48.192296	devenv.exe	9	Afternoon
2021-09-08 13:01:22.823935	explorer.exe	9	Afternoon
2021-09-08 13:01:23.032904	explorer.exe	9	Afternoon
2021-09-08 13:01:23.912732	msedge.exe	9	Afternoon
2021-09-08 13:01:52.287869	explorer.exe	9	Afternoon
2021-09-08 13:01:52.517346	explorer.exe	9	Afternoon
2021-09-08 13:01:52.942125	devenv.exe	9	Afternoon
2021-09-08 13:01:58.691756	explorer.exe	9	Afternoon
2021-09-08 13:01:58.957363	explorer.exe	9	Afternoon
2021-09-08 13:01:59.267890	msedge.exe	9	Afternoon
2021-09-08 13:05:47.890953	WINWORD.EXE	9	Afternoon
2021-09-08 13:06:48.066992	explorer.exe	9	Afternoon
2021-09-08 13:06:48.302331	explorer.exe	9	Afternoon
2021-09-08 13:06:49.526863	devenv.exe	9	Afternoon
2021-09-08 13:06:53.946498	msedge.exe	9	Afternoon
2021-09-08 13:06:55.997150	devenv.exe	9	Afternoon
2021-09-08 13:20:58.101205	explorer.exe	9	Afternoon
2021-09-08 13:21:37.817395	Code.exe	9	Afternoon
2021-09-08 13:22:36.718898	msedge.exe	9	Afternoon
2021-09-08 13:34:36.775430	explorer.exe	11	Afternoon
2021-09-08 13:34:42.375011	msedge.exe	11	Afternoon
2021-09-08 13:35:46.095196	Teams.exe	11	Afternoon
2021-09-08 13:35:47.596081	explorer.exe	11	Afternoon
2021-09-08 13:35:50.007058	Code.exe	11	Afternoon
2021-09-08 13:36:28.442101	explorer.exe	11	Afternoon
2021-09-08 13:36:29.009445	msedge.exe	11	Afternoon
2021-09-08 13:39:23.531477	explorer.exe	11	Afternoon
2021-09-08 13:39:25.039193	msedge.exe	11	Afternoon
2021-09-08 13:39:26.022529	explorer.exe	11	Afternoon
2021-09-08 13:39:26.041083	explorer.exe	11	Afternoon
2021-09-08 13:39:26.169004	msedge.exe	11	Afternoon
2021-09-08 13:39:26.750021	explorer.exe	11	Afternoon
2021-09-08 13:39:26.931649	explorer.exe	11	Afternoon
2021-09-08 13:39:27.484348	Code.exe	11	Afternoon
2021-09-08 13:39:41.451228	devenv.exe	11	Afternoon
2021-09-08 13:41:30.628010	dwm.exe	10	Afternoon
2021-09-08 13:41:36.704771	devenv.exe	10	Afternoon
2021-09-08 13:55:49.675886	WINWORD.EXE	10	Afternoon
2021-09-08 13:57:49.843505	explorer.exe	10	Afternoon
2021-09-08 13:57:50.427451	devenv.exe	10	Afternoon
2021-09-08 13:58:01.094737	explorer.exe	10	Afternoon
2021-09-08 13:58:01.326169	explorer.exe	10	Afternoon
2021-09-08 13:58:07.021114	TextLogger.exe	10	Afternoon
2021-09-08 13:58:25.654690	devenv.exe	10	Afternoon
2021-09-08 13:58:28.078361	explorer.exe	10	Afternoon
2021-09-08 13:58:28.311746	explorer.exe	10	Afternoon
2021-09-08 13:58:28.617390	WINWORD.EXE	10	Afternoon
2021-09-08 13:58:30.351655	explorer.exe	10	Afternoon
2021-09-08 13:58:30.387785	explorer.exe	10	Afternoon
2021-09-08 13:58:31.070358	Code.exe	10	Afternoon
2021-09-08 13:58:33.443252	WINWORD.EXE	10	Afternoon
2021-09-08 13:59:18.045877	explorer.exe	10	Afternoon
2021-09-08 13:59:18.266556	explorer.exe	10	Afternoon
2021-09-08 13:59:18.804608	devenv.exe	10	Afternoon
2021-09-08 14:03:07.065389	WINWORD.EXE	8	Afternoon
2021-09-08 14:03:24.850384	msedge.exe	8	Afternoon
2021-09-08 14:03:25.472414	WINWORD.EXE	8	Afternoon
2021-09-08 14:03:26.475299	devenv.exe	8	Afternoon
2021-09-08 14:07:26.222629	WINWORD.EXE	8	Afternoon
2021-09-08 14:07:49.786767	explorer.exe	8	Afternoon
2021-09-08 14:07:49.995738	explorer.exe	8	Afternoon
2021-09-08 14:07:50.443952	explorer.exe	8	Afternoon
2021-09-08 14:07:50.444927	devenv.exe	8	Afternoon
2021-09-08 14:13:22.139681	msedge.exe	8	Afternoon
2021-09-08 14:13:26.051538	devenv.exe	8	Afternoon
2021-09-08 14:13:32.903640	msedge.exe	8	Afternoon
2021-09-08 14:16:08.103669	explorer.exe	8	Afternoon
2021-09-08 14:16:08.259908	explorer.exe	8	Afternoon
2021-09-08 14:16:08.799912	devenv.exe	8	Afternoon
2021-09-08 14:16:12.554618	WINWORD.EXE	8	Afternoon
2021-09-08 14:16:25.180700	explorer.exe	8	Afternoon
2021-09-08 14:16:25.525405	explorer.exe	8	Afternoon
2021-09-08 14:16:25.594736	devenv.exe	8	Afternoon
2021-09-08 14:16:37.821492	explorer.exe	8	Afternoon
2021-09-08 14:16:38.062689	explorer.exe	8	Afternoon
2021-09-08 14:16:38.087102	WINWORD.EXE	8	Afternoon
2021-09-08 14:17:29.117037	explorer.exe	8	Afternoon
2021-09-08 14:17:29.326985	explorer.exe	8	Afternoon
2021-09-08 14:17:29.813283	devenv.exe	8	Afternoon
2021-09-08 14:17:39.055855	explorer.exe	8	Afternoon
2021-09-08 14:17:39.264826	explorer.exe	8	Afternoon
2021-09-08 14:17:39.344902	WINWORD.EXE	8	Afternoon
2021-09-08 14:17:46.610059	explorer.exe	8	Afternoon
2021-09-08 14:17:46.864925	explorer.exe	8	Afternoon
2021-09-08 14:17:47.024096	devenv.exe	8	Afternoon
2021-09-08 14:17:52.919225	explorer.exe	8	Afternoon
2021-09-08 14:17:53.143821	explorer.exe	8	Afternoon
2021-09-08 14:17:53.189733	WINWORD.EXE	8	Afternoon
2021-09-08 14:18:01.554492	explorer.exe	8	Afternoon
2021-09-08 14:18:01.835363	devenv.exe	8	Afternoon
2021-09-08 14:18:03.962859	explorer.exe	8	Afternoon
2021-09-08 14:18:04.228468	WINWORD.EXE	8	Afternoon
2021-09-08 14:18:06.628602	explorer.exe	8	Afternoon
2021-09-08 14:18:06.833665	explorer.exe	8	Afternoon
2021-09-08 14:18:06.869797	devenv.exe	8	Afternoon
2021-09-08 14:18:16.594701	explorer.exe	8	Afternoon
2021-09-08 14:18:16.868336	WINWORD.EXE	8	Afternoon
2021-09-08 14:18:30.996388	msedge.exe	8	Afternoon
2021-09-08 14:19:55.677755	explorer.exe	8	Afternoon
2021-09-08 14:19:56.634725	msedge.exe	8	Afternoon
2021-09-08 14:19:57.385653	explorer.exe	8	Afternoon
2021-09-08 14:19:57.401279	explorer.exe	8	Afternoon
2021-09-08 14:19:58.047722	WINWORD.EXE	8	Afternoon
2021-09-08 14:20:05.428108	msedge.exe	8	Afternoon
2021-09-08 14:26:13.397574	WINWORD.EXE	8	Afternoon
2021-09-08 14:26:19.974301	msedge.exe	8	Afternoon
2021-09-08 14:28:29.570503	TextLogger.exe	8	Afternoon
2021-09-08 14:28:29.651579	msedge.exe	8	Afternoon
2021-09-08 14:31:23.187318	IDMan.exe	9	Afternoon
2021-09-08 14:31:23.564250	msedge.exe	9	Afternoon
2021-09-08 14:31:26.928288	IDMan.exe	9	Afternoon
2021-09-08 14:31:27.058185	msedge.exe	9	Afternoon
2021-09-08 14:31:27.310099	IDMan.exe	9	Afternoon
2021-09-08 14:31:28.565879	explorer.exe	9	Afternoon
2021-09-08 14:31:36.501896	WinRAR.exe	9	Afternoon
2021-09-08 14:31:45.465189	Brackets.exe	9	Afternoon
2021-09-08 14:31:48.578269	WinRAR.exe	9	Afternoon
2021-09-08 14:32:00.339235	explorer.exe	9	Afternoon
2021-09-08 14:32:01.600878	msedge.exe	9	Afternoon
2021-09-08 14:34:03.685636	explorer.exe	9	Afternoon
2021-09-08 14:34:06.634664	msedge.exe	9	Afternoon
2021-09-08 14:34:10.438144	explorer.exe	9	Afternoon
2021-09-08 14:34:14.043391	msedge.exe	9	Afternoon
2021-09-08 14:37:07.078194	explorer.exe	9	Afternoon
2021-09-08 14:37:07.108466	explorer.exe	9	Afternoon
2021-09-08 14:37:08.968700	msedge.exe	9	Afternoon
2021-09-08 14:37:09.969611	explorer.exe	9	Afternoon
2021-09-08 14:37:10.124875	explorer.exe	9	Afternoon
2021-09-08 14:37:12.082755	WINWORD.EXE	9	Afternoon
2021-09-08 14:38:39.126014	explorer.exe	9	Afternoon
2021-09-08 14:38:40.865160	devenv.exe	9	Afternoon
2021-09-08 14:38:48.442798	msedge.exe	9	Afternoon
2021-09-08 14:38:49.170294	devenv.exe	9	Afternoon
2021-09-08 14:38:51.512916	WINWORD.EXE	9	Afternoon
2021-09-08 14:38:53.033326	devenv.exe	9	Afternoon
2021-09-08 14:38:54.535183	WINWORD.EXE	9	Afternoon
2021-09-08 14:39:05.350977	msedge.exe	9	Afternoon
2021-09-08 14:40:01.768465	explorer.exe	9	Afternoon
2021-09-08 14:40:02.641455	msedge.exe	9	Afternoon
2021-09-08 14:40:56.282563	explorer.exe	9	Afternoon
2021-09-08 14:40:56.471017	explorer.exe	9	Afternoon
2021-09-08 14:40:57.347915	msedge.exe	9	Afternoon
2021-09-08 14:40:57.993383	explorer.exe	9	Afternoon
2021-09-08 14:40:58.119349	explorer.exe	9	Afternoon
2021-09-08 14:40:58.967930	msedge.exe	9	Afternoon
2021-09-08 14:41:39.894029	explorer.exe	9	Afternoon
2021-09-08 14:41:40.068813	explorer.exe	9	Afternoon
2021-09-08 14:41:42.382140	devenv.exe	9	Afternoon
2021-09-08 14:41:47.134765	WINWORD.EXE	9	Afternoon
2021-09-08 14:42:13.379181	explorer.exe	9	Afternoon
2021-09-08 14:42:13.567713	explorer.exe	9	Afternoon
2021-09-08 14:42:13.909492	devenv.exe	9	Afternoon
2021-09-08 14:42:22.188252	explorer.exe	9	Afternoon
2021-09-08 14:42:22.377694	explorer.exe	9	Afternoon
2021-09-08 14:42:22.851298	WINWORD.EXE	9	Afternoon
2021-09-08 14:42:24.397097	explorer.exe	9	Afternoon
2021-09-08 14:42:24.399049	explorer.exe	9	Afternoon
2021-09-08 14:42:24.500606	devenv.exe	9	Afternoon
2021-09-08 14:47:36.489758	msedge.exe	9	Afternoon
2021-09-08 15:16:47.874217	devenv.exe	9	Afternoon
2021-09-08 15:17:58.487855	explorer.exe	9	Afternoon
2021-09-08 15:17:58.625541	explorer.exe	9	Afternoon
2021-09-08 15:18:02.010091	WINWORD.EXE	9	Afternoon
2021-09-08 15:18:34.500199	explorer.exe	9	Afternoon
2021-09-08 15:18:35.849721	SearchApp.exe	9	Afternoon
2021-09-08 15:18:36.917033	explorer.exe	9	Afternoon
2021-09-08 15:18:37.916971	SearchApp.exe	9	Afternoon
2021-09-08 15:18:47.921214	explorer.exe	9	Afternoon
2021-09-08 15:18:50.180834	explorer.exe	9	Afternoon
2021-09-08 15:18:50.258956	TextLogger.exe	9	Afternoon
2021-09-08 15:19:19.137966	Code.exe	9	Afternoon
2021-09-08 15:19:37.290126	WINWORD.EXE	9	Afternoon
2021-09-08 15:19:38.681636	explorer.exe	9	Afternoon
2021-09-08 15:19:42.417731	msedge.exe	9	Afternoon
2021-09-08 15:19:46.960404	explorer.exe	9	Afternoon
2021-09-08 15:19:54.772405	Code.exe	9	Afternoon
2021-09-08 15:25:07.166657	devenv.exe	9	Afternoon
2021-09-08 15:25:14.311708	explorer.exe	9	Afternoon
2021-09-08 15:25:14.519701	explorer.exe	9	Afternoon
2021-09-08 15:25:14.634930	explorer.exe	9	Afternoon
2021-09-08 15:25:14.641764	Code.exe	9	Afternoon
2021-09-08 15:25:24.202677	explorer.exe	9	Afternoon
2021-09-08 15:25:24.390182	explorer.exe	9	Afternoon
2021-09-08 15:25:24.480983	devenv.exe	9	Afternoon
2021-09-08 15:25:40.944769	Code.exe	9	Afternoon
2021-09-08 15:26:43.697587	devenv.exe	9	Afternoon
2021-09-08 15:28:52.269438	explorer.exe	9	Afternoon
2021-09-08 15:28:52.441303	explorer.exe	9	Afternoon
2021-09-08 15:28:53.035014	Code.exe	9	Afternoon
2021-09-08 15:29:34.545054	explorer.exe	9	Afternoon
2021-09-08 15:29:34.790155	explorer.exe	9	Afternoon
2021-09-08 15:29:35.259851	devenv.exe	9	Afternoon
2021-09-08 15:32:58.235159	explorer.exe	9	Afternoon
2021-09-08 15:32:58.422628	explorer.exe	9	Afternoon
2021-09-08 15:32:59.068095	Code.exe	9	Afternoon
2021-09-08 15:32:59.775082	explorer.exe	9	Afternoon
2021-09-08 15:32:59.934275	explorer.exe	9	Afternoon
2021-09-08 15:33:00.305317	devenv.exe	9	Afternoon
2021-09-08 15:33:01.786668	msedge.exe	9	Afternoon
2021-09-08 15:34:04.821699	explorer.exe	9	Afternoon
2021-09-08 15:34:05.757185	devenv.exe	9	Afternoon
2021-09-08 15:35:15.425578	msedge.exe	9	Afternoon
2021-09-08 15:35:22.287445	explorer.exe	9	Afternoon
2021-09-08 15:35:22.317715	devenv.exe	9	Afternoon
2021-09-08 15:35:48.163750	explorer.exe	9	Afternoon
2021-09-08 15:35:48.378547	explorer.exe	9	Afternoon
2021-09-08 15:35:48.553343	msedge.exe	9	Afternoon
2021-09-08 15:35:49.039638	explorer.exe	9	Afternoon
2021-09-08 15:35:49.108969	devenv.exe	9	Afternoon
2021-09-08 15:35:50.909633	explorer.exe	9	Afternoon
2021-09-08 15:35:51.092240	explorer.exe	9	Afternoon
2021-09-08 15:35:51.145949	msedge.exe	9	Afternoon
2021-09-08 15:36:15.974437	explorer.exe	9	Afternoon
2021-09-08 15:36:16.158020	explorer.exe	9	Afternoon
2021-09-08 15:36:17.139402	devenv.exe	9	Afternoon
2021-09-08 15:37:11.728681	explorer.exe	9	Afternoon
2021-09-08 15:37:11.970854	explorer.exe	9	Afternoon
2021-09-08 15:37:12.936613	msedge.exe	9	Afternoon
2021-09-08 15:37:21.969243	explorer.exe	9	Afternoon
2021-09-08 15:37:22.131336	explorer.exe	9	Afternoon
2021-09-08 15:37:23.085377	devenv.exe	9	Afternoon
2021-09-08 15:38:33.587700	explorer.exe	9	Afternoon
2021-09-08 15:38:33.772256	explorer.exe	9	Afternoon
2021-09-08 15:38:34.120867	msedge.exe	9	Afternoon
2021-09-08 15:38:40.011118	explorer.exe	9	Afternoon
2021-09-08 15:38:40.182002	explorer.exe	9	Afternoon
2021-09-08 15:38:40.570651	devenv.exe	9	Afternoon
2021-09-08 15:38:45.544941	Code.exe	9	Afternoon
2021-09-08 15:39:12.881082	explorer.exe	9	Afternoon
2021-09-08 15:39:13.087158	explorer.exe	9	Afternoon
2021-09-08 15:39:13.614440	devenv.exe	9	Afternoon
2021-09-08 15:39:30.220793	explorer.exe	9	Afternoon
2021-09-08 15:39:30.462965	explorer.exe	9	Afternoon
2021-09-08 15:39:30.532298	Code.exe	9	Afternoon
2021-09-08 15:39:37.008444	explorer.exe	9	Afternoon
2021-09-08 15:39:37.440059	devenv.exe	9	Afternoon
2021-09-08 15:39:46.595721	explorer.exe	9	Afternoon
2021-09-08 15:39:46.785164	explorer.exe	9	Afternoon
2021-09-08 15:39:46.870122	Code.exe	9	Afternoon
2021-09-08 15:39:47.751897	explorer.exe	9	Afternoon
2021-09-08 15:39:48.346587	msedge.exe	9	Afternoon
2021-09-08 15:39:53.493717	explorer.exe	9	Afternoon
2021-09-08 15:39:53.664607	explorer.exe	9	Afternoon
2021-09-08 15:39:53.771043	Code.exe	9	Afternoon
2021-09-08 15:39:57.148777	explorer.exe	9	Afternoon
2021-09-08 15:39:57.304021	explorer.exe	9	Afternoon
2021-09-08 15:39:58.153576	devenv.exe	9	Afternoon
2021-09-08 15:40:23.003547	explorer.exe	9	Afternoon
2021-09-08 15:40:23.362902	Code.exe	9	Afternoon
2021-09-08 15:40:23.818926	explorer.exe	9	Afternoon
2021-09-08 15:40:23.963450	explorer.exe	9	Afternoon
2021-09-08 15:40:24.338422	msedge.exe	9	Afternoon
2021-09-08 15:40:55.771958	explorer.exe	9	Afternoon
2021-09-08 15:40:55.771958	explorer.exe	9	Afternoon
2021-09-08 15:40:56.335410	Code.exe	9	Afternoon
2021-09-08 15:40:58.522759	explorer.exe	9	Afternoon
2021-09-08 15:41:49.672807	explorer.exe	9	Afternoon
2021-09-08 15:41:49.927221	explorer.exe	9	Afternoon
2021-09-08 15:41:50.570737	Code.exe	9	Afternoon
2021-09-08 15:44:59.998075	explorer.exe	9	Afternoon
2021-09-08 15:45:02.041880	devenv.exe	9	Afternoon
2021-09-08 15:46:21.069053	explorer.exe	9	Afternoon
2021-09-08 15:46:21.259470	explorer.exe	9	Afternoon
2021-09-08 15:46:23.146065	msedge.exe	9	Afternoon
2021-09-08 15:47:03.092728	explorer.exe	9	Afternoon
2021-09-08 15:47:03.271112	explorer.exe	9	Afternoon
2021-09-08 15:47:04.523000	devenv.exe	9	Afternoon
2021-09-08 15:47:25.169127	explorer.exe	9	Afternoon
2021-09-08 15:47:25.371255	explorer.exe	9	Afternoon
2021-09-08 15:47:25.479646	msedge.exe	9	Afternoon
2021-09-08 15:48:47.882576	explorer.exe	9	Afternoon
2021-09-08 15:48:48.112054	explorer.exe	9	Afternoon
2021-09-08 15:48:48.550501	devenv.exe	9	Afternoon
2021-09-08 15:48:49.172532	explorer.exe	9	Afternoon
2021-09-08 15:48:49.353185	explorer.exe	9	Afternoon
2021-09-08 15:48:49.408846	msedge.exe	9	Afternoon
2021-09-08 15:48:51.900873	explorer.exe	9	Afternoon
2021-09-08 15:48:51.913568	explorer.exe	9	Afternoon
2021-09-08 15:48:51.971181	devenv.exe	9	Afternoon
2021-09-08 15:49:12.932730	explorer.exe	9	Afternoon
2021-09-08 15:49:13.152992	explorer.exe	9	Afternoon
2021-09-08 15:49:13.596323	msedge.exe	9	Afternoon
2021-09-08 15:49:15.584478	explorer.exe	9	Afternoon
2021-09-08 15:49:15.614749	devenv.exe	9	Afternoon
2021-09-08 15:49:28.072938	TextLogger.exe	9	Afternoon
2021-09-08 15:49:47.768943	devenv.exe	9	Afternoon
2021-09-08 15:51:14.719431	explorer.exe	9	Afternoon
2021-09-08 15:51:14.974274	explorer.exe	9	Afternoon
2021-09-08 15:51:14.990872	msedge.exe	9	Afternoon
2021-09-08 15:51:56.099569	explorer.exe	9	Afternoon
2021-09-08 15:51:56.288038	explorer.exe	9	Afternoon
2021-09-08 15:51:56.879795	devenv.exe	9	Afternoon
2021-09-08 15:53:55.141755	explorer.exe	9	Afternoon
2021-09-08 15:53:55.365374	explorer.exe	9	Afternoon
2021-09-08 15:53:55.550909	msedge.exe	9	Afternoon
2021-09-08 15:53:56.857466	explorer.exe	9	Afternoon
2021-09-08 15:53:56.984410	explorer.exe	9	Afternoon
2021-09-08 15:53:58.021454	msedge.exe	9	Afternoon
2021-09-08 15:54:02.007528	explorer.exe	9	Afternoon
2021-09-08 15:54:02.016317	msedge.exe	9	Afternoon
2021-09-08 15:54:02.780918	explorer.exe	9	Afternoon
2021-09-08 15:54:02.971344	explorer.exe	9	Afternoon
2021-09-08 15:54:03.479112	devenv.exe	9	Afternoon
2021-09-08 15:54:10.300942	explorer.exe	9	Afternoon
2021-09-08 15:54:10.540183	explorer.exe	9	Afternoon
2021-09-08 15:54:10.554831	msedge.exe	9	Afternoon
2021-09-08 15:54:12.180706	explorer.exe	9	Afternoon
2021-09-08 15:54:12.731450	msedge.exe	9	Afternoon
2021-09-08 15:54:25.328300	explorer.exe	9	Afternoon
2021-09-08 15:54:25.923966	devenv.exe	9	Afternoon
2021-09-08 15:54:27.191463	explorer.exe	9	Afternoon
2021-09-08 15:54:27.392622	explorer.exe	9	Afternoon
2021-09-08 15:54:27.584015	msedge.exe	9	Afternoon
2021-09-08 15:54:28.149409	explorer.exe	9	Afternoon
2021-09-08 15:54:28.243154	devenv.exe	9	Afternoon
2021-09-08 15:54:29.791881	explorer.exe	9	Afternoon
2021-09-08 15:54:29.971558	explorer.exe	9	Afternoon
2021-09-08 15:54:30.025265	msedge.exe	9	Afternoon
2021-09-08 15:54:42.865263	explorer.exe	9	Afternoon
2021-09-08 15:54:43.037127	explorer.exe	9	Afternoon
2021-09-08 15:54:44.024370	devenv.exe	9	Afternoon
2021-09-08 15:54:51.672315	explorer.exe	9	Afternoon
2021-09-08 15:54:51.878373	explorer.exe	9	Afternoon
2021-09-08 15:54:53.242529	msedge.exe	9	Afternoon
2021-09-08 15:54:53.899712	explorer.exe	9	Afternoon
2021-09-08 15:54:54.051073	explorer.exe	9	Afternoon
2021-09-08 15:54:54.099895	devenv.exe	9	Afternoon
2021-09-08 15:55:30.870005	explorer.exe	9	Afternoon
2021-09-08 15:55:31.050656	explorer.exe	9	Afternoon
2021-09-08 15:55:31.106319	msedge.exe	9	Afternoon
2021-09-08 15:55:36.094278	devenv.exe	9	Afternoon
2021-09-08 15:55:37.067848	explorer.exe	9	Afternoon
2021-09-08 15:55:37.189912	explorer.exe	9	Afternoon
2021-09-08 15:55:37.302208	msedge.exe	9	Afternoon
2021-09-08 15:55:38.272850	explorer.exe	9	Afternoon
2021-09-08 15:55:38.411514	explorer.exe	9	Afternoon
2021-09-08 15:55:38.600954	devenv.exe	9	Afternoon
2021-09-08 15:56:24.540397	explorer.exe	9	Afternoon
2021-09-08 15:56:24.735934	explorer.exe	9	Afternoon
2021-09-08 15:56:24.773039	msedge.exe	9	Afternoon
2021-09-08 15:56:44.351865	explorer.exe	9	Afternoon
2021-09-08 15:56:45.184820	devenv.exe	9	Afternoon
2021-09-08 15:57:17.294093	explorer.exe	9	Afternoon
2021-09-08 15:57:17.474745	explorer.exe	9	Afternoon
2021-09-08 15:57:17.536267	msedge.exe	9	Afternoon
2021-09-08 15:59:19.489395	explorer.exe	9	Afternoon
2021-09-08 15:59:19.642706	explorer.exe	9	Afternoon
2021-09-08 15:59:20.169041	devenv.exe	9	Afternoon
2021-09-08 15:59:28.342345	explorer.exe	9	Afternoon
2021-09-08 15:59:28.616743	msedge.exe	9	Afternoon
2021-09-08 15:59:57.101247	explorer.exe	9	Afternoon
2021-09-08 15:59:57.275068	explorer.exe	9	Afternoon
2021-09-08 15:59:57.821904	devenv.exe	9	Afternoon
2021-09-08 16:00:18.389922	explorer.exe	9	Evening
2021-09-08 16:00:18.581317	explorer.exe	9	Evening
2021-09-08 16:00:18.951411	msedge.exe	9	Evening
2021-09-08 16:00:27.883457	explorer.exe	9	Evening
2021-09-08 16:00:27.980130	devenv.exe	9	Evening
2021-09-08 16:00:29.825293	msedge.exe	9	Evening
2021-09-08 16:01:17.088868	explorer.exe	9	Evening
2021-09-08 16:01:17.287097	explorer.exe	9	Evening
2021-09-08 16:01:17.848587	devenv.exe	9	Evening
2021-09-08 16:01:21.601275	explorer.exe	9	Evening
2021-09-08 16:01:21.785404	explorer.exe	9	Evening
2021-09-08 16:01:21.835206	msedge.exe	9	Evening
2021-09-08 16:01:23.188633	explorer.exe	9	Evening
2021-09-08 16:01:23.248200	devenv.exe	9	Evening
2021-09-08 16:01:25.926738	explorer.exe	9	Evening
2021-09-08 16:01:26.124066	explorer.exe	9	Evening
2021-09-08 16:01:26.149457	msedge.exe	9	Evening
2021-09-08 16:01:27.240208	explorer.exe	9	Evening
2021-09-08 16:01:27.360315	explorer.exe	9	Evening
2021-09-08 16:01:27.401328	devenv.exe	9	Evening
2021-09-08 16:01:57.189462	WINWORD.EXE	9	Evening
2021-09-08 16:02:03.342387	devenv.exe	9	Evening
2021-09-08 16:02:20.437981	explorer.exe	9	Evening
2021-09-08 16:02:20.655399	explorer.exe	9	Evening
2021-09-08 16:02:20.705200	WINWORD.EXE	9	Evening
2021-09-08 16:02:22.119174	explorer.exe	9	Evening
2021-09-08 16:02:22.126984	devenv.exe	9	Evening
2021-09-08 16:02:30.908649	explorer.exe	9	Evening
2021-09-08 16:02:31.114691	explorer.exe	9	Evening
2021-09-08 16:02:31.465254	WINWORD.EXE	9	Evening
2021-09-08 16:02:32.064825	explorer.exe	9	Evening
2021-09-08 16:02:32.185911	explorer.exe	9	Evening
2021-09-08 16:02:32.635104	msedge.exe	9	Evening
2021-09-08 16:03:31.944783	Code.exe	9	Evening
2021-09-08 16:03:33.805017	msedge.exe	9	Evening
2021-09-08 16:03:42.261504	WINWORD.EXE	9	Evening
2021-09-08 16:03:50.502188	explorer.exe	9	Evening
2021-09-08 16:03:52.006974	Code.exe	9	Evening
2021-09-08 16:03:52.584087	explorer.exe	9	Evening
2021-09-08 16:03:52.758899	explorer.exe	9	Evening
2021-09-08 16:03:53.250581	devenv.exe	9	Evening
2021-09-08 16:05:36.747054	explorer.exe	9	Evening
2021-09-08 16:05:36.947236	explorer.exe	9	Evening
2021-09-08 16:05:37.357372	Code.exe	9	Evening
2021-09-08 16:05:37.833898	explorer.exe	9	Evening
2021-09-08 16:05:38.020418	explorer.exe	9	Evening
2021-09-08 16:05:38.439330	WINWORD.EXE	9	Evening
2021-09-08 16:05:38.975426	explorer.exe	9	Evening
2021-09-08 16:05:39.141435	explorer.exe	9	Evening
2021-09-08 16:05:39.958763	msedge.exe	9	Evening
2021-09-08 16:05:52.097646	WINWORD.EXE	9	Evening
2021-09-08 16:05:53.507698	msedge.exe	9	Evening
2021-09-08 16:05:54.223477	explorer.exe	9	Evening
2021-09-08 16:05:54.906050	Code.exe	9	Evening
2021-09-08 16:05:55.924537	explorer.exe	9	Evening
2021-09-08 16:05:55.940161	explorer.exe	9	Evening
2021-09-08 16:05:57.086573	devenv.exe	9	Evening
2021-09-08 16:08:07.530371	explorer.exe	9	Evening
2021-09-08 16:08:07.735437	explorer.exe	9	Evening
2021-09-08 16:08:08.751004	msedge.exe	9	Evening
2021-09-08 16:08:46.990737	explorer.exe	9	Evening
2021-09-08 16:08:47.173455	explorer.exe	9	Evening
2021-09-08 16:08:47.657800	devenv.exe	9	Evening
2021-09-08 16:11:43.289136	explorer.exe	9	Evening
2021-09-08 16:11:43.549863	explorer.exe	9	Evening
2021-09-08 16:11:44.686508	msedge.exe	9	Evening
2021-09-08 16:17:15.032103	explorer.exe	9	Evening
2021-09-08 16:17:15.475433	devenv.exe	9	Evening
2021-09-08 16:17:25.864416	explorer.exe	9	Evening
2021-09-08 16:17:26.102681	explorer.exe	9	Evening
2021-09-08 16:17:26.207172	msedge.exe	9	Evening
2021-09-08 16:19:00.281225	explorer.exe	9	Evening
2021-09-08 16:19:00.499961	explorer.exe	9	Evening
2021-09-08 16:19:04.205779	devenv.exe	9	Evening
2021-09-08 16:19:33.080884	explorer.exe	9	Evening
2021-09-08 16:19:33.272278	explorer.exe	9	Evening
2021-09-08 16:19:33.379693	msedge.exe	9	Evening
2021-09-08 16:19:38.036621	explorer.exe	9	Evening
2021-09-08 16:19:38.268052	explorer.exe	9	Evening
2021-09-08 16:19:38.381327	devenv.exe	9	Evening
2021-09-08 16:19:56.789328	TextLogger.exe	9	Evening
2021-09-08 16:20:02.369058	devenv.exe	9	Evening
2021-09-08 16:20:12.983604	explorer.exe	9	Evening
2021-09-08 16:20:13.070524	msedge.exe	9	Evening
2021-09-08 16:20:26.071632	explorer.exe	9	Evening
2021-09-08 16:20:26.478834	devenv.exe	9	Evening
2021-09-08 16:20:29.193263	explorer.exe	9	Evening
2021-09-08 16:20:29.208886	msedge.exe	9	Evening
2021-09-08 16:20:32.549493	explorer.exe	9	Evening
2021-09-08 16:20:32.972316	explorer.exe	9	Evening
2021-09-08 16:20:33.158827	devenv.exe	9	Evening
2021-09-08 16:20:56.137826	explorer.exe	9	Evening
2021-09-08 16:20:56.351695	explorer.exe	9	Evening
2021-09-08 16:20:56.413200	msedge.exe	9	Evening
2021-09-08 16:21:01.504670	explorer.exe	9	Evening
2021-09-08 16:21:01.755631	explorer.exe	9	Evening
2021-09-08 16:21:01.831797	devenv.exe	9	Evening
2021-09-08 16:21:23.468107	explorer.exe	9	Evening
2021-09-08 16:21:23.679031	explorer.exe	9	Evening
2021-09-08 16:21:23.744457	msedge.exe	9	Evening
2021-09-08 16:25:01.396542	WINWORD.EXE	9	Evening
2021-09-08 16:25:59.276538	explorer.exe	9	Evening
2021-09-08 16:25:59.347874	msedge.exe	9	Evening
2021-09-08 16:26:02.386222	explorer.exe	9	Evening
2021-09-08 16:26:02.552233	explorer.exe	9	Evening
2021-09-08 16:26:02.650858	WINWORD.EXE	9	Evening
2021-09-08 16:26:03.720782	explorer.exe	9	Evening
2021-09-08 16:26:03.878972	explorer.exe	9	Evening
2021-09-08 16:26:03.929751	msedge.exe	9	Evening
2021-09-08 16:26:29.250937	explorer.exe	9	Evening
2021-09-08 16:26:32.734112	devenv.exe	9	Evening
2021-09-08 16:26:46.358799	explorer.exe	9	Evening
2021-09-08 16:26:46.361727	explorer.exe	9	Evening
2021-09-08 16:26:46.399812	msedge.exe	9	Evening
2021-09-08 16:26:48.427024	explorer.exe	9	Evening
2021-09-08 16:26:48.428001	explorer.exe	9	Evening
2021-09-08 16:26:48.446555	devenv.exe	9	Evening
2021-09-08 16:26:50.918077	explorer.exe	9	Evening
2021-09-08 16:26:51.146577	explorer.exe	9	Evening
2021-09-08 16:26:52.334002	WINWORD.EXE	9	Evening
2021-09-08 16:27:21.025525	explorer.exe	9	Evening
2021-09-08 16:27:21.195435	explorer.exe	9	Evening
2021-09-08 16:27:22.305714	msedge.exe	9	Evening
2021-09-08 16:29:10.204096	explorer.exe	9	Evening
2021-09-08 16:29:11.274344	WINWORD.EXE	9	Evening
2021-09-08 16:29:18.627058	explorer.exe	9	Evening
2021-09-08 16:29:19.405328	msedge.exe	9	Evening
2021-09-08 16:29:23.148253	explorer.exe	9	Evening
2021-09-08 16:29:23.173644	WINWORD.EXE	9	Evening
2021-09-08 16:29:24.028079	explorer.exe	9	Evening
2021-09-08 16:29:24.029055	explorer.exe	9	Evening
2021-09-08 16:29:24.169677	msedge.exe	9	Evening
2021-09-08 16:29:25.287764	explorer.exe	9	Evening
2021-09-08 16:29:26.228133	devenv.exe	9	Evening
2021-09-08 16:29:30.640937	explorer.exe	9	Evening
2021-09-08 16:29:31.589118	msedge.exe	9	Evening
2021-09-08 16:29:32.588078	explorer.exe	9	Evening
2021-09-08 16:29:32.844897	devenv.exe	9	Evening
2021-09-08 16:30:34.665160	WINWORD.EXE	9	Evening
2021-09-08 16:31:13.522047	explorer.exe	9	Evening
2021-09-08 16:31:18.554927	WINWORD.EXE	9	Evening
2021-09-08 16:32:51.783336	explorer.exe	9	Evening
2021-09-08 16:32:52.041132	explorer.exe	9	Evening
2021-09-08 16:32:52.920960	explorer.exe	9	Evening
2021-09-08 16:33:36.667183	devenv.exe	9	Evening
2021-09-08 16:33:40.330033	explorer.exe	9	Evening
2021-09-08 16:33:40.524368	explorer.exe	9	Evening
2021-09-08 16:33:40.569277	explorer.exe	9	Evening
2021-09-08 16:33:41.627803	explorer.exe	9	Evening
2021-09-08 16:33:41.888665	explorer.exe	9	Evening
2021-09-08 16:33:41.951160	devenv.exe	9	Evening
2021-09-08 16:34:12.099630	explorer.exe	9	Evening
2021-09-08 16:34:12.302734	explorer.exe	9	Evening
2021-09-08 16:34:12.320310	explorer.exe	9	Evening
2021-09-08 16:34:17.947882	devenv.exe	9	Evening
2021-09-08 16:35:03.073896	explorer.exe	9	Evening
2021-09-08 16:35:03.275057	explorer.exe	9	Evening
2021-09-08 16:35:05.255398	msedge.exe	9	Evening
2021-09-08 16:35:10.413272	explorer.exe	9	Evening
2021-09-08 16:35:10.493347	devenv.exe	9	Evening
2021-09-08 16:35:15.554545	explorer.exe	9	Evening
2021-09-08 16:35:15.957854	explorer.exe	9	Evening
2021-09-08 16:35:16.472454	msedge.exe	9	Evening
2021-09-08 16:38:15.306207	devenv.exe	9	Evening
2021-09-08 16:38:24.827065	msedge.exe	9	Evening
2021-09-08 16:38:32.376385	devenv.exe	9	Evening
2021-09-08 16:38:35.046137	msedge.exe	9	Evening
2021-09-08 16:38:40.336813	devenv.exe	9	Evening
2021-09-08 16:38:54.149407	Code.exe	9	Evening
2021-09-08 16:38:56.286967	devenv.exe	9	Evening
2021-09-08 16:39:31.994641	msedge.exe	9	Evening
2021-09-08 16:39:33.122499	explorer.exe	9	Evening
2021-09-08 16:39:33.328539	explorer.exe	9	Evening
2021-09-08 16:39:33.396895	devenv.exe	9	Evening
2021-09-08 16:39:41.687379	msedge.exe	9	Evening
2021-09-08 16:39:43.950907	explorer.exe	9	Evening
2021-09-08 16:39:44.039769	devenv.exe	9	Evening
2021-09-08 16:39:53.146606	msedge.exe	9	Evening
2021-09-08 16:40:06.955292	explorer.exe	9	Evening
2021-09-08 16:40:22.881034	devenv.exe	9	Evening
2021-09-08 16:41:01.139325	explorer.exe	8	Evening
2021-09-08 16:41:01.321930	explorer.exe	8	Evening
2021-09-08 16:41:02.334562	msedge.exe	8	Evening
2021-09-08 16:41:03.150916	explorer.exe	8	Evening
2021-09-08 16:41:03.282744	explorer.exe	8	Evening
2021-09-08 16:41:03.562832	dwm.exe	8	Evening
2021-09-08 16:41:04.186819	devenv.exe	8	Evening
2021-09-08 16:41:25.384678	msedge.exe	8	Evening
2021-09-08 16:41:26.334813	explorer.exe	8	Evening
2021-09-08 16:41:26.504723	explorer.exe	8	Evening
2021-09-08 16:41:26.550619	devenv.exe	8	Evening
2021-09-08 16:41:41.362171	explorer.exe	8	Evening
2021-09-08 16:41:41.535013	explorer.exe	8	Evening
2021-09-08 16:41:42.290823	msedge.exe	8	Evening
2021-09-08 16:41:47.052239	explorer.exe	8	Evening
2021-09-08 16:41:47.207500	explorer.exe	8	Evening
2021-09-08 16:41:47.363739	devenv.exe	8	Evening
2021-09-08 16:42:13.350357	msedge.exe	8	Evening
2021-09-08 16:42:14.109098	explorer.exe	8	Evening
2021-09-08 16:42:14.266340	explorer.exe	8	Evening
2021-09-08 16:42:14.301469	devenv.exe	8	Evening
2021-09-08 16:42:15.469362	explorer.exe	8	Evening
2021-09-08 16:42:15.754503	msedge.exe	8	Evening
2021-09-08 16:42:19.601911	devenv.exe	8	Evening
2021-09-08 16:42:25.157220	msedge.exe	8	Evening
2021-09-08 16:42:35.400703	devenv.exe	8	Evening
2021-09-08 16:43:02.054272	explorer.exe	8	Evening
2021-09-08 16:43:02.232973	explorer.exe	8	Evening
2021-09-08 16:43:02.739777	msedge.exe	8	Evening
2021-09-08 16:43:21.100906	explorer.exe	8	Evening
2021-09-08 16:43:21.227848	explorer.exe	8	Evening
2021-09-08 16:43:22.555889	dwm.exe	8	Evening
2021-09-08 16:43:23.553874	devenv.exe	8	Evening
2021-09-08 16:43:25.079166	explorer.exe	8	Evening
2021-09-08 16:43:48.686052	explorer.exe	8	Evening
2021-09-08 16:43:48.863346	explorer.exe	8	Evening
2021-09-08 16:43:49.754892	devenv.exe	8	Evening
2021-09-08 16:43:51.034119	explorer.exe	8	Evening
2021-09-08 16:43:51.173758	explorer.exe	8	Evening
2021-09-08 16:43:51.736211	msedge.exe	8	Evening
2021-09-08 16:44:35.980460	explorer.exe	8	Evening
2021-09-08 16:44:36.214809	explorer.exe	8	Evening
2021-09-08 16:44:36.289999	devenv.exe	8	Evening
2021-09-08 16:44:37.029209	explorer.exe	8	Evening
2021-09-08 16:44:37.207909	explorer.exe	8	Evening
2021-09-08 16:44:37.839704	explorer.exe	8	Evening
2021-09-08 16:45:21.967739	explorer.exe	8	Evening
2021-09-08 16:45:22.162064	explorer.exe	8	Evening
2021-09-08 16:45:23.831882	explorer.exe	8	Evening
2021-09-08 16:45:43.155835	msedge.exe	8	Evening
2021-09-08 16:46:00.833415	devenv.exe	8	Evening
2021-09-08 16:46:31.874400	msedge.exe	8	Evening
2021-09-08 16:46:35.595840	explorer.exe	8	Evening
2021-09-08 16:46:35.596816	explorer.exe	8	Evening
2021-09-08 16:46:35.656385	devenv.exe	8	Evening
2021-09-08 16:46:46.414483	explorer.exe	8	Evening
2021-09-08 16:46:46.458424	explorer.exe	8	Evening
2021-09-08 16:46:47.207403	msedge.exe	8	Evening
2021-09-08 16:47:11.317188	explorer.exe	8	Evening
2021-09-08 16:47:11.451943	explorer.exe	8	Evening
2021-09-08 16:47:14.521082	explorer.exe	8	Evening
2021-09-08 16:48:30.998593	msedge.exe	8	Evening
2021-09-08 16:48:53.782308	devenv.exe	8	Evening
2021-09-08 16:49:11.206964	msedge.exe	8	Evening
2021-09-08 16:49:25.933552	devenv.exe	8	Evening
2021-09-08 16:49:28.496864	explorer.exe	8	Evening
2021-09-08 16:49:28.651151	explorer.exe	8	Evening
2021-09-08 16:49:28.698026	msedge.exe	8	Evening
2021-09-08 16:49:43.909959	explorer.exe	8	Evening
2021-09-08 16:49:44.029074	explorer.exe	8	Evening
2021-09-08 16:49:44.208750	devenv.exe	8	Evening
2021-09-08 16:50:06.780811	TextLogger.exe	8	Evening
2021-09-08 16:50:16.255777	devenv.exe	8	Evening
2021-09-08 16:52:10.768793	msedge.exe	8	Evening
2021-09-08 16:52:11.552922	explorer.exe	8	Evening
2021-09-08 16:52:11.707208	explorer.exe	8	Evening
2021-09-08 16:52:11.896650	devenv.exe	8	Evening
2021-09-08 16:52:19.779932	explorer.exe	8	Evening
2021-09-08 16:52:19.874652	explorer.exe	8	Evening
2021-09-08 16:52:19.992812	msedge.exe	8	Evening
2021-09-08 16:53:05.731093	explorer.exe	8	Evening
2021-09-08 16:53:05.851201	explorer.exe	8	Evening
2021-09-08 16:53:05.989868	devenv.exe	8	Evening
2021-09-08 16:53:18.409970	msedge.exe	8	Evening
2021-09-08 16:53:23.303211	explorer.exe	8	Evening
2021-09-08 16:53:23.436016	explorer.exe	8	Evening
2021-09-08 16:53:23.569797	devenv.exe	8	Evening
2021-09-08 16:54:04.301205	dwm.exe	8	Evening
2021-09-08 16:54:14.481218	devenv.exe	8	Evening
2021-09-08 16:54:16.067053	msedge.exe	8	Evening
2021-09-08 16:54:26.879838	explorer.exe	8	Evening
2021-09-08 16:54:27.000925	explorer.exe	8	Evening
2021-09-08 16:54:27.201121	devenv.exe	8	Evening
2021-09-08 16:54:58.370988	msedge.exe	8	Evening
2021-09-08 16:55:05.331482	devenv.exe	8	Evening
2021-09-08 16:55:39.608594	msedge.exe	8	Evening
2021-09-08 16:57:34.395181	devenv.exe	8	Evening
2021-09-08 16:58:09.219125	TextLogger.exe	8	Evening
2021-09-09 08:50:30.009068	TextLogger.exe	6	Morning
2021-09-09 08:50:33.740323	TextLogger.exe	6	Morning
2021-09-09 08:50:53.294685	TextLogger.exe	6	Morning
2021-09-09 08:50:55.185191	Taskmgr.exe	6	Morning
2021-09-09 08:51:13.437941	explorer.exe	6	Morning
2021-09-09 08:51:14.917326	explorer.exe	6	Morning
2021-09-09 08:51:16.354733	devenv.exe	6	Morning
2021-09-09 08:51:34.915366	TextLogger.exe	6	Morning
2021-09-09 08:51:35.882101	devenv.exe	6	Morning
2021-09-09 08:51:37.938617	TextLogger.exe	6	Morning
2021-09-09 08:52:02.385637	devenv.exe	6	Morning
2021-09-09 08:55:18.616342	Taskmgr.exe	6	Morning
2021-09-09 08:55:44.441838	devenv.exe	6	Morning
2021-09-09 09:00:02.360422	Taskmgr.exe	6	Morning
2021-09-09 09:00:15.509971	devenv.exe	6	Morning
2021-09-09 09:00:17.336026	explorer.exe	6	Morning
2021-09-09 09:01:18.009085	WINWORD.EXE	6	Morning
2021-09-09 09:01:20.308741	explorer.exe	6	Morning
2021-09-09 09:01:20.471815	devenv.exe	6	Morning
2021-09-09 09:01:23.299761	WINWORD.EXE	6	Morning
2021-09-09 09:01:26.523189	WINWORD.EXE	6	Morning
2021-09-09 09:03:33.376027	devenv.exe	6	Morning
2021-09-09 09:03:35.001898	explorer.exe	6	Morning
2021-09-09 09:04:07.118007	WINWORD.EXE	6	Morning
2021-09-09 09:04:08.712632	explorer.exe	6	Morning
2021-09-09 09:04:08.883519	devenv.exe	6	Morning
2021-09-09 09:04:11.322823	WINWORD.EXE	6	Morning
2021-09-09 09:10:54.694457	devenv.exe	7	Morning
2021-09-09 09:10:55.986368	explorer.exe	7	Morning
2021-09-09 09:10:56.720697	devenv.exe	7	Morning
2021-09-09 09:10:57.567323	Ssms.exe	7	Morning
2021-09-09 09:11:15.858142	dwm.exe	7	Morning
2021-09-09 09:11:18.472253	Ssms.exe	7	Morning
2021-09-09 09:17:13.696116	msedge.exe	7	Morning
2021-09-09 09:20:59.035020	TextLogger.exe	7	Morning
2021-09-09 09:21:04.166529	msedge.exe	7	Morning
2021-09-09 09:57:10.112043	explorer.exe	8	Morning
2021-09-09 09:57:10.198939	TextLogger.exe	8	Morning
2021-09-09 09:57:29.894936	msedge.exe	8	Morning
2021-09-09 10:27:34.378515	TextLogger.exe	7	Morning
2021-09-09 10:27:43.673818	msedge.exe	7	Morning
2021-09-09 10:28:12.733495	explorer.exe	7	Morning
2021-09-09 10:28:14.801708	explorer.exe	7	Morning
2021-09-09 10:28:14.945254	explorer.exe	7	Morning
2021-09-09 10:28:30.020461	explorer.exe	7	Morning
2021-09-09 10:28:52.521951	explorer.exe	7	Morning
2021-09-09 10:28:59.223671	explorer.exe	7	Morning
2021-09-09 10:29:01.859243	explorer.exe	7	Morning
2021-09-09 10:29:03.723383	explorer.exe	7	Morning
2021-09-09 10:29:05.604123	explorer.exe	7	Morning
2021-09-09 10:29:09.306033	explorer.exe	7	Morning
2021-09-09 10:29:12.697418	explorer.exe	7	Morning
2021-09-09 10:29:19.063219	explorer.exe	7	Morning
2021-09-09 10:30:26.453441	msedge.exe	7	Morning
2021-09-09 10:34:33.246427	explorer.exe	7	Morning
2021-09-09 10:34:33.942672	ShellExperienceHost.exe	7	Morning
2021-09-09 10:35:15.167573	msedge.exe	7	Morning
2021-09-09 10:35:47.153807	explorer.exe	7	Morning
2021-09-09 10:35:47.627410	ShellExperienceHost.exe	7	Morning
2021-09-09 10:35:53.585034	msedge.exe	7	Morning
2021-09-09 10:37:19.709408	ShellExperienceHost.exe	7	Morning
2021-09-09 10:37:22.619376	msedge.exe	7	Morning
2021-09-09 10:37:23.157426	ScreenClippingHost.exe	7	Morning
2021-09-09 10:37:33.355996	msedge.exe	7	Morning
2021-09-09 10:37:35.733323	ShellExperienceHost.exe	7	Morning
2021-09-09 10:37:36.360754	ApplicationFrameHost.exe	7	Morning
2021-09-09 10:37:41.686585	PickerHost.exe	7	Morning
2021-09-09 10:37:44.822134	ApplicationFrameHost.exe	7	Morning
2021-09-09 10:37:48.749609	msedge.exe	7	Morning
2021-09-09 10:38:22.330479	explorer.exe	7	Morning
2021-09-09 10:38:22.996452	explorer.exe	7	Morning
2021-09-09 10:38:26.774550	msedge.exe	7	Morning
2021-09-09 10:38:30.439377	explorer.exe	7	Morning
2021-09-09 10:38:33.618807	msedge.exe	7	Morning
2021-09-09 10:39:38.595116	explorer.exe	7	Morning
2021-09-09 10:39:38.940800	ShellExperienceHost.exe	7	Morning
2021-09-09 10:39:40.409457	msedge.exe	7	Morning
2021-09-09 10:39:41.342013	explorer.exe	7	Morning
2021-09-09 10:39:41.627149	ShellExperienceHost.exe	7	Morning
2021-09-09 10:40:15.482405	msedge.exe	7	Morning
2021-09-09 10:43:06.662856	explorer.exe	7	Morning
2021-09-09 10:43:06.895261	ShellExperienceHost.exe	7	Morning
2021-09-09 10:43:39.159799	msedge.exe	7	Morning
2021-09-09 10:44:59.895841	explorer.exe	7	Morning
2021-09-09 10:45:00.185863	ShellExperienceHost.exe	7	Morning
2021-09-09 10:46:26.598073	explorer.exe	7	Morning
2021-09-09 10:46:28.533500	ShellExperienceHost.exe	7	Morning
2021-09-09 10:47:08.784829	msedge.exe	7	Morning
2021-09-09 10:47:12.659580	explorer.exe	7	Morning
2021-09-09 10:47:12.963274	ShellExperienceHost.exe	7	Morning
2021-09-09 10:47:48.921907	msedge.exe	7	Morning
2021-09-09 10:47:51.660012	explorer.exe	7	Morning
2021-09-09 10:47:51.948083	ShellExperienceHost.exe	7	Morning
2021-09-09 10:47:54.346367	msedge.exe	7	Morning
2021-09-09 10:47:55.517200	explorer.exe	7	Morning
2021-09-09 10:47:55.768154	ShellExperienceHost.exe	7	Morning
2021-09-09 10:48:24.734070	msedge.exe	7	Morning
2021-09-09 10:49:32.120383	explorer.exe	7	Morning
2021-09-09 10:49:32.854710	SearchApp.exe	7	Morning
2021-09-09 10:49:36.556620	ApplicationFrameHost.exe	7	Morning
2021-09-09 10:50:34.843904	msedge.exe	7	Morning
2021-09-09 10:50:36.874053	explorer.exe	7	Morning
2021-09-09 10:50:38.323176	ShellExperienceHost.exe	7	Morning
2021-09-09 10:50:38.712800	msedge.exe	7	Morning
2021-09-09 10:51:03.549100	explorer.exe	7	Morning
2021-09-09 10:51:03.873308	ShellExperienceHost.exe	7	Morning
2021-09-09 10:51:05.512843	msedge.exe	7	Morning
2021-09-09 10:58:09.998655	TextLogger.exe	7	Morning
2021-09-09 10:58:18.405345	msedge.exe	7	Morning
2021-09-09 11:06:21.933520	WINWORD.EXE	7	Afternoon
2021-09-09 11:06:24.583742	msedge.exe	7	Afternoon
2021-09-09 11:06:37.282147	WINWORD.EXE	7	Afternoon
2021-09-09 11:14:04.852901	explorer.exe	7	Afternoon
2021-09-09 11:14:05.084332	explorer.exe	7	Afternoon
2021-09-09 11:14:07.410352	explorer.exe	7	Afternoon
2021-09-09 11:14:13.279119	explorer.exe	7	Afternoon
2021-09-09 11:14:13.975363	ShellExperienceHost.exe	7	Afternoon
2021-09-09 11:14:14.714574	explorer.exe	7	Afternoon
2021-09-09 11:14:36.645789	WINWORD.EXE	7	Afternoon
2021-09-09 11:14:46.308256	explorer.exe	7	Afternoon
2021-09-09 11:14:46.393212	WINWORD.EXE	7	Afternoon
2021-09-09 11:14:57.527264	explorer.exe	7	Afternoon
2021-09-09 11:14:57.600502	WINWORD.EXE	7	Afternoon
2021-09-09 11:15:03.769052	explorer.exe	7	Afternoon
2021-09-09 11:15:03.957517	explorer.exe	7	Afternoon
2021-09-09 11:15:04.529745	WINWORD.EXE	7	Afternoon
2021-09-09 11:15:06.238633	explorer.exe	7	Afternoon
2021-09-09 11:15:06.388026	explorer.exe	7	Afternoon
2021-09-09 11:15:06.461265	WINWORD.EXE	7	Afternoon
2021-09-09 11:19:42.670913	explorer.exe	8	Afternoon
2021-09-09 11:19:44.414943	msedge.exe	8	Afternoon
2021-09-09 11:25:23.314516	explorer.exe	8	Afternoon
2021-09-09 11:25:24.235371	WINWORD.EXE	8	Afternoon
2021-09-09 11:25:26.185425	explorer.exe	8	Afternoon
2021-09-09 11:25:26.228393	WINWORD.EXE	8	Afternoon
2021-09-09 11:25:28.952830	explorer.exe	8	Afternoon
2021-09-09 11:25:29.017291	WINWORD.EXE	8	Afternoon
2021-09-09 11:26:08.171047	msedge.exe	8	Afternoon
2021-09-09 11:28:16.600797	explorer.exe	8	Afternoon
2021-09-09 11:28:18.231553	WINWORD.EXE	8	Afternoon
2021-09-09 11:28:30.428039	TextLogger.exe	8	Afternoon
2021-09-09 11:28:34.371158	WINWORD.EXE	8	Afternoon
2021-09-09 11:33:20.221761	explorer.exe	9	Afternoon
2021-09-09 11:33:20.286211	explorer.exe	9	Afternoon
2021-09-09 11:33:37.156225	msedge.exe	9	Afternoon
2021-09-09 11:33:42.071926	explorer.exe	9	Afternoon
2021-09-09 11:33:42.201826	explorer.exe	9	Afternoon
2021-09-09 11:33:58.015242	explorer.exe	9	Afternoon
2021-09-09 11:33:58.097314	explorer.exe	9	Afternoon
2021-09-09 11:34:11.899118	explorer.exe	9	Afternoon
2021-09-09 11:34:12.128597	explorer.exe	9	Afternoon
2021-09-09 11:34:12.576809	explorer.exe	9	Afternoon
2021-09-09 11:34:54.297271	msedge.exe	9	Afternoon
2021-09-09 11:36:28.895327	devenv.exe	9	Afternoon
2021-09-09 11:36:37.993216	msedge.exe	9	Afternoon
2021-09-09 11:36:54.705323	explorer.exe	9	Afternoon
2021-09-09 11:36:54.790788	explorer.exe	9	Afternoon
2021-09-09 11:36:55.802061	explorer.exe	9	Afternoon
2021-09-09 11:36:56.091209	explorer.exe	9	Afternoon
2021-09-09 11:36:56.503290	msedge.exe	9	Afternoon
2021-09-09 11:36:57.316761	explorer.exe	9	Afternoon
2021-09-09 11:36:57.478905	explorer.exe	9	Afternoon
2021-09-09 11:36:58.459372	explorer.exe	9	Afternoon
2021-09-09 11:36:59.253974	explorer.exe	9	Afternoon
2021-09-09 11:36:59.461513	explorer.exe	9	Afternoon
2021-09-09 11:37:02.127458	explorer.exe	9	Afternoon
2021-09-09 11:37:03.224231	explorer.exe	9	Afternoon
2021-09-09 11:37:03.723734	explorer.exe	9	Afternoon
2021-09-09 11:37:05.165297	explorer.exe	9	Afternoon
2021-09-09 11:37:05.389463	explorer.exe	9	Afternoon
2021-09-09 11:37:05.785922	explorer.exe	9	Afternoon
2021-09-09 11:37:50.839268	explorer.exe	9	Afternoon
2021-09-09 11:37:51.083989	explorer.exe	9	Afternoon
2021-09-09 11:37:51.472631	explorer.exe	9	Afternoon
2021-09-09 11:37:54.555931	msedge.exe	9	Afternoon
2021-09-09 11:39:05.840652	explorer.exe	9	Afternoon
2021-09-09 11:39:06.021304	explorer.exe	9	Afternoon
2021-09-09 11:39:08.603950	msedge.exe	9	Afternoon
2021-09-09 11:39:09.841214	explorer.exe	9	Afternoon
2021-09-09 11:39:09.994214	explorer.exe	9	Afternoon
2021-09-09 11:39:11.743835	WINWORD.EXE	9	Afternoon
2021-09-09 11:39:21.853303	explorer.exe	9	Afternoon
2021-09-09 11:39:21.860136	explorer.exe	9	Afternoon
2021-09-09 11:39:23.511543	msedge.exe	9	Afternoon
2021-09-09 11:40:21.324167	IDMan.exe	9	Afternoon
2021-09-09 11:40:21.639108	msedge.exe	9	Afternoon
2021-09-09 11:40:23.245144	explorer.exe	9	Afternoon
2021-09-09 11:40:23.300806	explorer.exe	9	Afternoon
2021-09-09 11:40:26.185986	msedge.exe	9	Afternoon
2021-09-09 11:40:50.106122	explorer.exe	9	Afternoon
2021-09-09 11:40:51.266340	ShellExperienceHost.exe	9	Afternoon
2021-09-09 11:40:56.360947	msedge.exe	9	Afternoon
2021-09-09 11:43:37.421762	explorer.exe	9	Afternoon
2021-09-09 11:43:37.518450	explorer.exe	9	Afternoon
2021-09-09 11:43:57.580630	msedge.exe	9	Afternoon
2021-09-09 11:44:02.265877	explorer.exe	9	Afternoon
2021-09-09 11:44:02.315687	explorer.exe	9	Afternoon
2021-09-09 11:44:05.766625	msedge.exe	9	Afternoon
2021-09-09 11:44:13.076706	explorer.exe	9	Afternoon
2021-09-09 11:44:13.288605	explorer.exe	9	Afternoon
2021-09-09 11:44:14.020003	explorer.exe	9	Afternoon
2021-09-09 11:44:16.131195	msedge.exe	9	Afternoon
2021-09-09 11:48:08.562640	explorer.exe	9	Afternoon
2021-09-09 11:48:10.421896	explorer.exe	9	Afternoon
2021-09-09 11:48:22.152593	explorer.exe	9	Afternoon
2021-09-09 11:48:22.249276	explorer.exe	9	Afternoon
2021-09-09 11:48:24.961004	explorer.exe	9	Afternoon
2021-09-09 11:48:30.338594	msedge.exe	9	Afternoon
2021-09-09 11:48:33.339383	explorer.exe	9	Afternoon
2021-09-09 11:48:33.916487	explorer.exe	9	Afternoon
2021-09-09 11:48:39.697366	msedge.exe	9	Afternoon
2021-09-09 11:49:05.281669	explorer.exe	9	Afternoon
2021-09-09 11:49:05.363691	explorer.exe	9	Afternoon
2021-09-09 11:49:13.747924	WINWORD.EXE	9	Afternoon
2021-09-09 11:49:13.925645	WINWORD.EXE	9	Afternoon
2021-09-09 11:49:15.790761	WINWORD.EXE	9	Afternoon
2021-09-09 11:49:28.912009	msedge.exe	9	Afternoon
2021-09-09 11:49:51.954475	explorer.exe	9	Afternoon
2021-09-09 11:49:52.002314	WINWORD.EXE	9	Afternoon
2021-09-09 11:50:46.458737	Ssms.exe	9	Afternoon
2021-09-09 11:50:49.344296	WINWORD.EXE	9	Afternoon
2021-09-09 11:52:05.654841	explorer.exe	9	Afternoon
2021-09-09 11:52:05.811081	TextLogger.exe	9	Afternoon
2021-09-09 11:52:09.061853	Taskmgr.exe	9	Afternoon
2021-09-09 11:52:13.810578	TextLogger.exe	9	Afternoon
2021-09-09 11:52:20.825745	WINWORD.EXE	9	Afternoon
2021-09-09 11:52:42.412254	msedge.exe	9	Afternoon
2021-09-09 11:56:25.402864	IDMan.exe	8	Afternoon
2021-09-09 11:56:26.371552	msedge.exe	8	Afternoon
2021-09-09 11:56:26.570757	IDMan.exe	8	Afternoon
2021-09-09 11:56:28.953418	msedge.exe	8	Afternoon
2021-09-09 11:56:38.849274	explorer.exe	8	Afternoon
2021-09-09 11:56:38.954731	explorer.exe	8	Afternoon
2021-09-09 11:56:41.577613	msedge.exe	8	Afternoon
2021-09-09 12:00:20.908302	explorer.exe	8	Afternoon
2021-09-09 12:00:20.987394	WINWORD.EXE	8	Afternoon
2021-09-09 12:05:33.525764	devenv.exe	8	Afternoon
2021-09-09 12:06:56.785082	TextLogger.exe	8	Afternoon
2021-09-09 12:06:58.510578	Taskmgr.exe	8	Afternoon
2021-09-09 12:07:05.045296	TextLogger.exe	8	Afternoon
2021-09-09 12:07:06.313772	devenv.exe	8	Afternoon
2021-09-09 12:07:08.345864	explorer.exe	8	Afternoon
2021-09-09 12:07:09.319440	ShellExperienceHost.exe	8	Afternoon
2021-09-09 12:07:11.923763	explorer.exe	8	Afternoon
2021-09-09 12:07:15.264366	devenv.exe	8	Afternoon
2021-09-09 12:09:47.238036	msedge.exe	8	Afternoon
2021-09-09 12:10:26.063680	devenv.exe	8	Afternoon
2021-09-09 12:10:32.457806	explorer.exe	9	Afternoon
2021-09-09 12:10:32.565214	devenv.exe	9	Afternoon
2021-09-09 12:17:33.104967	explorer.exe	9	Afternoon
2021-09-09 12:17:33.158654	devenv.exe	9	Afternoon
2021-09-09 12:17:39.549846	devenv.exe	9	Afternoon
2021-09-09 12:17:42.532079	explorer.exe	9	Afternoon
2021-09-09 12:17:42.619963	explorer.exe	9	Afternoon
2021-09-09 12:18:33.694818	devenv.exe	9	Afternoon
2021-09-09 12:20:33.596325	explorer.exe	8	Afternoon
2021-09-09 12:20:33.801389	explorer.exe	8	Afternoon
2021-09-09 12:20:34.231048	explorer.exe	8	Afternoon
2021-09-09 12:20:34.642154	explorer.exe	8	Afternoon
2021-09-09 12:20:34.848997	explorer.exe	8	Afternoon
2021-09-09 12:20:35.214207	devenv.exe	8	Afternoon
2021-09-09 12:21:05.417355	explorer.exe	8	Afternoon
2021-09-09 12:21:05.446655	explorer.exe	8	Afternoon
2021-09-09 12:21:06.209294	explorer.exe	8	Afternoon
2021-09-09 12:21:06.421195	explorer.exe	8	Afternoon
2021-09-09 12:21:06.807889	devenv.exe	8	Afternoon
2021-09-09 12:21:10.675818	explorer.exe	8	Afternoon
2021-09-09 12:21:10.862316	explorer.exe	8	Afternoon
2021-09-09 12:21:10.889660	explorer.exe	8	Afternoon
2021-09-09 12:21:11.596643	explorer.exe	8	Afternoon
2021-09-09 12:21:11.790980	explorer.exe	8	Afternoon
2021-09-09 12:21:12.263594	devenv.exe	8	Afternoon
2021-09-09 12:21:45.284918	explorer.exe	8	Afternoon
2021-09-09 12:21:45.480282	explorer.exe	8	Afternoon
2021-09-09 12:21:45.797645	explorer.exe	8	Afternoon
2021-09-09 12:21:46.210703	explorer.exe	8	Afternoon
2021-09-09 12:21:46.419637	explorer.exe	8	Afternoon
2021-09-09 12:21:46.642281	devenv.exe	8	Afternoon
2021-09-09 12:22:04.372591	explorer.exe	8	Afternoon
2021-09-09 12:22:04.573750	explorer.exe	8	Afternoon
2021-09-09 12:22:04.759285	explorer.exe	8	Afternoon
2021-09-09 12:22:05.213356	explorer.exe	8	Afternoon
2021-09-09 12:22:05.455532	explorer.exe	8	Afternoon
2021-09-09 12:22:05.617627	devenv.exe	8	Afternoon
2021-09-09 12:22:27.643563	TextLogger.exe	8	Afternoon
2021-09-09 12:22:33.446909	devenv.exe	8	Afternoon
2021-09-09 12:23:15.076072	explorer.exe	8	Afternoon
2021-09-09 12:23:15.270395	explorer.exe	8	Afternoon
2021-09-09 12:23:16.181472	devenv.exe	8	Afternoon
2021-09-09 12:25:21.951741	explorer.exe	8	Afternoon
2021-09-09 12:25:22.182219	explorer.exe	8	Afternoon
2021-09-09 12:25:22.801296	devenv.exe	8	Afternoon
2021-09-09 12:25:49.420699	explorer.exe	9	Afternoon
2021-09-09 12:25:49.596457	explorer.exe	9	Afternoon
2021-09-09 12:25:49.620870	devenv.exe	9	Afternoon
2021-09-09 12:25:56.515936	explorer.exe	9	Afternoon
2021-09-09 12:25:56.692682	explorer.exe	9	Afternoon
2021-09-09 12:25:56.744436	devenv.exe	9	Afternoon
2021-09-09 12:25:59.398563	explorer.exe	9	Afternoon
2021-09-09 12:25:59.580196	explorer.exe	9	Afternoon
2021-09-09 12:25:59.625111	devenv.exe	9	Afternoon
2021-09-09 12:26:07.941963	explorer.exe	9	Afternoon
2021-09-09 12:26:08.112851	explorer.exe	9	Afternoon
2021-09-09 12:26:08.172415	devenv.exe	9	Afternoon
2021-09-09 12:26:12.239538	explorer.exe	9	Afternoon
2021-09-09 12:26:12.416285	explorer.exe	9	Afternoon
2021-09-09 12:26:12.454368	devenv.exe	9	Afternoon
2021-09-09 12:26:13.344937	explorer.exe	9	Afternoon
2021-09-09 12:26:13.521682	explorer.exe	9	Afternoon
2021-09-09 12:26:13.565626	devenv.exe	9	Afternoon
2021-09-09 12:26:32.019524	explorer.exe	9	Afternoon
2021-09-09 12:26:32.222634	explorer.exe	9	Afternoon
2021-09-09 12:26:36.987955	devenv.exe	9	Afternoon
2021-09-09 12:26:55.909595	explorer.exe	9	Afternoon
2021-09-09 12:26:56.096207	explorer.exe	9	Afternoon
2021-09-09 12:26:57.083438	devenv.exe	9	Afternoon
2021-09-09 12:27:09.888283	msedge.exe	9	Afternoon
2021-09-09 12:27:41.078090	devenv.exe	9	Afternoon
2021-09-09 12:27:43.863064	msedge.exe	9	Afternoon
2021-09-09 12:29:51.893932	explorer.exe	9	Afternoon
2021-09-09 12:29:52.007234	devenv.exe	9	Afternoon
2021-09-09 12:30:11.370227	msedge.exe	9	Afternoon
2021-09-09 12:30:13.090820	explorer.exe	9	Afternoon
2021-09-09 12:30:13.346199	explorer.exe	9	Afternoon
2021-09-09 12:30:14.218213	explorer.exe	9	Afternoon
2021-09-09 12:30:14.396449	explorer.exe	9	Afternoon
2021-09-09 12:30:15.842645	devenv.exe	9	Afternoon
2021-09-09 12:30:34.012382	explorer.exe	9	Afternoon
2021-09-09 12:30:34.217465	explorer.exe	9	Afternoon
2021-09-09 12:30:35.119731	devenv.exe	9	Afternoon
2021-09-09 12:31:22.756329	msedge.exe	9	Afternoon
2021-09-09 12:32:05.148148	explorer.exe	9	Afternoon
2021-09-09 12:32:05.350284	devenv.exe	9	Afternoon
2021-09-09 12:33:09.584453	explorer.exe	9	Afternoon
2021-09-09 12:33:09.879870	msedge.exe	9	Afternoon
2021-09-09 12:33:15.362916	explorer.exe	9	Afternoon
2021-09-09 12:33:15.552358	explorer.exe	9	Afternoon
2021-09-09 12:33:15.601183	devenv.exe	9	Afternoon
2021-09-09 12:33:27.228369	msedge.exe	9	Afternoon
2021-09-09 12:33:30.852159	explorer.exe	9	Afternoon
2021-09-09 12:33:31.144133	devenv.exe	9	Afternoon
2021-09-09 12:34:07.807813	explorer.exe	9	Afternoon
2021-09-09 12:34:07.996269	explorer.exe	9	Afternoon
2021-09-09 12:34:08.056808	msedge.exe	9	Afternoon
2021-09-09 12:34:23.115417	explorer.exe	9	Afternoon
2021-09-09 12:34:23.317093	explorer.exe	9	Afternoon
2021-09-09 12:34:23.946935	devenv.exe	9	Afternoon
2021-09-09 12:35:48.961025	explorer.exe	9	Afternoon
2021-09-09 12:35:48.963955	explorer.exe	9	Afternoon
2021-09-09 12:35:50.250982	devenv.exe	9	Afternoon
2021-09-09 12:35:51.358869	explorer.exe	9	Afternoon
2021-09-09 12:35:54.095020	msedge.exe	9	Afternoon
2021-09-09 12:35:57.550853	explorer.exe	9	Afternoon
2021-09-09 12:35:59.206022	Taskmgr.exe	9	Afternoon
2021-09-09 12:36:07.278749	msedge.exe	9	Afternoon
2021-09-09 12:36:07.691806	explorer.exe	9	Afternoon
2021-09-09 12:36:07.872458	explorer.exe	9	Afternoon
2021-09-09 12:36:08.719085	devenv.exe	9	Afternoon
2021-09-09 12:43:34.748473	explorer.exe	8	Afternoon
2021-09-09 12:43:35.065372	explorer.exe	8	Afternoon
2021-09-09 12:43:37.230275	msedge.exe	8	Afternoon
2021-09-09 12:46:14.855926	explorer.exe	8	Afternoon
2021-09-09 12:46:15.037554	explorer.exe	8	Afternoon
2021-09-09 12:46:16.428093	devenv.exe	8	Afternoon
2021-09-09 12:46:35.812617	Taskmgr.exe	8	Afternoon
2021-09-09 12:47:02.387076	devenv.exe	8	Afternoon
2021-09-09 12:48:10.836785	explorer.exe	8	Afternoon
2021-09-09 12:48:10.962765	explorer.exe	8	Afternoon
2021-09-09 12:48:12.688228	mblctr.exe	8	Afternoon
2021-09-09 12:48:14.502567	devenv.exe	8	Afternoon
2021-09-09 12:51:25.309349	explorer.exe	8	Afternoon
2021-09-09 12:51:25.509529	explorer.exe	8	Afternoon
2021-09-09 12:51:26.619823	msedge.exe	8	Afternoon
2021-09-09 12:51:31.095105	explorer.exe	8	Afternoon
2021-09-09 12:51:31.096083	explorer.exe	8	Afternoon
2021-09-09 12:51:31.973957	devenv.exe	8	Afternoon
2021-09-09 12:51:41.027087	explorer.exe	8	Afternoon
2021-09-09 12:51:41.249729	msedge.exe	8	Afternoon
2021-09-09 12:51:43.341394	explorer.exe	8	Afternoon
2021-09-09 12:51:43.506421	explorer.exe	8	Afternoon
2021-09-09 12:51:43.559154	devenv.exe	8	Afternoon
2021-09-09 12:51:48.072534	explorer.exe	8	Afternoon
2021-09-09 12:51:48.165303	msedge.exe	8	Afternoon
2021-09-09 12:51:52.291015	explorer.exe	8	Afternoon
2021-09-09 12:51:52.296875	devenv.exe	8	Afternoon
2021-09-09 12:52:02.722965	msedge.exe	8	Afternoon
2021-09-09 12:52:41.090648	TextLogger.exe	8	Afternoon
2021-09-09 12:52:45.927229	msedge.exe	8	Afternoon
2021-09-09 12:55:24.538339	devenv.exe	8	Afternoon
2021-09-09 12:56:07.963533	explorer.exe	8	Afternoon
2021-09-09 12:56:08.045567	msedge.exe	8	Afternoon
2021-09-09 12:56:33.873277	explorer.exe	8	Afternoon
2021-09-09 12:56:34.062718	explorer.exe	8	Afternoon
2021-09-09 12:56:34.119356	devenv.exe	8	Afternoon
2021-09-09 12:56:47.637050	explorer.exe	8	Afternoon
2021-09-09 12:56:47.870426	explorer.exe	8	Afternoon
2021-09-09 12:56:48.172166	msedge.exe	8	Afternoon
2021-09-09 12:56:49.423146	explorer.exe	8	Afternoon
2021-09-09 12:56:51.091007	devenv.exe	8	Afternoon
2021-09-09 12:57:00.182225	explorer.exe	8	Afternoon
2021-09-09 12:57:00.269133	msedge.exe	8	Afternoon
2021-09-09 13:00:09.694507	explorer.exe	8	Afternoon
2021-09-09 13:00:09.878088	explorer.exe	8	Afternoon
2021-09-09 13:00:10.437625	devenv.exe	8	Afternoon
2021-09-09 13:00:13.083938	explorer.exe	8	Afternoon
2021-09-09 13:00:13.331971	msedge.exe	8	Afternoon
2021-09-09 13:00:14.046767	explorer.exe	8	Afternoon
2021-09-09 13:00:14.271363	explorer.exe	8	Afternoon
2021-09-09 13:00:15.329890	msedge.exe	8	Afternoon
2021-09-09 13:00:16.186280	explorer.exe	8	Afternoon
2021-09-09 13:00:16.995797	devenv.exe	8	Afternoon
2021-09-09 13:00:33.892177	explorer.exe	8	Afternoon
2021-09-09 13:00:33.899991	explorer.exe	8	Afternoon
2021-09-09 13:00:34.052346	msedge.exe	8	Afternoon
2021-09-09 13:00:34.946797	explorer.exe	8	Afternoon
2021-09-09 13:00:36.317805	msedge.exe	8	Afternoon
2021-09-09 13:01:38.165425	explorer.exe	8	Afternoon
2021-09-09 13:01:38.358758	explorer.exe	8	Afternoon
2021-09-09 13:01:38.832358	devenv.exe	8	Afternoon
2021-09-09 13:02:03.290752	explorer.exe	8	Afternoon
2021-09-09 13:02:03.574223	explorer.exe	8	Afternoon
2021-09-09 13:02:03.638675	msedge.exe	8	Afternoon
2021-09-09 13:02:28.387091	ApplicationFrameHost.exe	8	Afternoon
2021-09-09 13:02:55.697845	explorer.exe	8	Afternoon
2021-09-09 13:03:21.261648	msedge.exe	8	Afternoon
2021-09-09 13:03:55.107144	devenv.exe	8	Afternoon
2021-09-09 13:03:59.373473	Taskmgr.exe	8	Afternoon
2021-09-09 13:08:19.502971	explorer.exe	7	Afternoon
2021-09-09 13:08:20.516578	msedge.exe	7	Afternoon
2021-09-09 13:08:22.001835	explorer.exe	7	Afternoon
2021-09-09 13:08:22.159592	explorer.exe	7	Afternoon
2021-09-09 13:08:23.048207	devenv.exe	7	Afternoon
2021-09-09 13:54:29.361272	TextLogger.exe	8	Afternoon
2021-09-09 13:54:33.375666	devenv.exe	8	Afternoon
2021-09-09 13:54:34.876081	msedge.exe	8	Afternoon
2021-09-09 13:54:49.911004	explorer.exe	8	Afternoon
2021-09-09 13:54:50.065291	explorer.exe	8	Afternoon
2021-09-09 13:54:51.079876	msedge.exe	8	Afternoon
2021-09-09 13:54:52.826519	explorer.exe	8	Afternoon
2021-09-09 13:54:52.971040	explorer.exe	8	Afternoon
2021-09-09 13:54:54.142841	devenv.exe	8	Afternoon
2021-09-09 13:54:56.916102	msedge.exe	8	Afternoon
2021-09-09 13:55:19.546488	devenv.exe	8	Afternoon
2021-09-09 13:56:56.181179	msedge.exe	7	Afternoon
2021-09-09 14:00:37.278633	explorer.exe	7	Afternoon
2021-09-09 14:00:37.426095	explorer.exe	7	Afternoon
2021-09-09 14:00:38.715076	devenv.exe	7	Afternoon
2021-09-09 14:04:50.345406	explorer.exe	7	Afternoon
2021-09-09 14:04:50.557307	explorer.exe	7	Afternoon
2021-09-09 14:04:51.005524	msedge.exe	7	Afternoon
2021-09-09 14:04:52.732951	explorer.exe	7	Afternoon
2021-09-09 14:04:52.873564	explorer.exe	7	Afternoon
2021-09-09 14:04:52.967310	devenv.exe	7	Afternoon
2021-09-09 14:07:30.696819	ShellExperienceHost.exe	7	Afternoon
2021-09-09 14:07:31.014184	devenv.exe	7	Afternoon
2021-09-09 14:07:32.534592	msedge.exe	7	Afternoon
2021-09-09 14:09:32.566949	devenv.exe	7	Afternoon
2021-09-09 14:09:39.752038	msedge.exe	7	Afternoon
2021-09-09 14:12:50.819898	explorer.exe	7	Afternoon
2021-09-09 14:12:51.315948	devenv.exe	7	Afternoon
2021-09-09 14:12:52.506301	explorer.exe	7	Afternoon
2021-09-09 14:12:52.726014	explorer.exe	7	Afternoon
2021-09-09 14:12:55.699457	msedge.exe	7	Afternoon
2021-09-09 14:13:57.224816	explorer.exe	7	Afternoon
2021-09-09 14:13:57.385936	explorer.exe	7	Afternoon
2021-09-09 14:13:58.481570	devenv.exe	7	Afternoon
2021-09-09 14:24:32.081029	msedge.exe	7	Afternoon
2021-09-09 14:24:33.302628	devenv.exe	7	Afternoon
2021-09-09 14:24:48.161054	TextLogger.exe	7	Afternoon
2021-09-09 14:24:53.547428	devenv.exe	7	Afternoon
2021-09-09 14:34:50.883346	msedge.exe	7	Afternoon
2021-09-09 14:35:10.477795	TextLogger.exe	7	Afternoon
2021-09-09 14:35:12.406382	msedge.exe	7	Afternoon
2021-09-09 14:40:18.525971	devenv.exe	7	Afternoon
2021-09-09 14:40:48.235177	msedge.exe	7	Afternoon
2021-09-09 14:48:07.236761	devenv.exe	7	Afternoon
2021-09-09 14:55:08.071205	TextLogger.exe	7	Afternoon
2021-09-09 14:55:18.662323	devenv.exe	7	Afternoon
2021-09-09 15:54:32.458287	TextLogger.exe	8	Afternoon
2021-09-09 15:54:45.005335	devenv.exe	8	Afternoon
2021-09-09 15:55:32.202080	explorer.exe	8	Afternoon
2021-09-09 15:55:32.458050	explorer.exe	8	Afternoon
2021-09-09 15:55:34.589752	msedge.exe	8	Afternoon
2021-09-09 15:55:35.284041	explorer.exe	8	Afternoon
2021-09-09 15:55:35.439302	explorer.exe	8	Afternoon
2021-09-09 15:55:35.575037	devenv.exe	8	Afternoon
2021-09-09 15:55:54.685143	explorer.exe	8	Afternoon
2021-09-09 15:55:54.785721	explorer.exe	8	Afternoon
2021-09-09 15:56:56.546562	notepad++.exe	8	Afternoon
2021-09-09 15:56:57.710542	GUP.exe	8	Afternoon
2021-09-09 15:56:59.552221	notepad++.exe	8	Afternoon
2021-09-09 15:57:29.814934	explorer.exe	8	Afternoon
2021-09-09 15:57:30.916426	explorer.exe	8	Afternoon
2021-09-09 15:57:31.153872	explorer.exe	8	Afternoon
2021-09-09 15:57:31.868670	devenv.exe	8	Afternoon
2021-09-09 16:02:17.977827	explorer.exe	7	Evening
2021-09-09 16:02:17.980757	explorer.exe	7	Evening
2021-09-09 16:02:18.917220	msedge.exe	7	Evening
2021-09-09 16:20:59.154808	explorer.exe	7	Evening
2021-09-09 16:21:01.426166	ShellExperienceHost.exe	7	Evening
2021-09-09 16:21:06.206252	msedge.exe	7	Evening
2021-09-09 16:21:54.395822	IDMan.exe	7	Evening
2021-09-09 16:21:56.587238	msedge.exe	7	Evening
2021-09-09 16:21:56.917311	IDMan.exe	7	Evening
2021-09-09 16:21:58.398784	msedge.exe	7	Evening
2021-09-09 16:22:01.861844	explorer.exe	7	Evening
2021-09-09 16:22:01.909693	explorer.exe	7	Evening
2021-09-09 16:22:05.007088	msedge.exe	7	Evening
2021-09-09 16:26:39.225202	TextLogger.exe	8	Evening
2021-09-09 16:26:52.027119	msedge.exe	8	Evening
2021-09-09 16:29:27.504710	explorer.exe	8	Evening
2021-09-09 16:29:27.592610	explorer.exe	8	Evening
2021-09-09 16:29:37.278728	msedge.exe	8	Evening
2021-09-09 16:29:40.004137	explorer.exe	8	Evening
2021-09-09 16:29:40.238498	explorer.exe	8	Evening
2021-09-09 16:29:40.698428	explorer.exe	8	Evening
2021-09-09 16:30:47.963938	msedge.exe	7	Evening
2021-09-09 16:30:54.503557	explorer.exe	7	Evening
2021-09-09 16:30:55.399984	explorer.exe	7	Evening
2021-09-09 16:31:09.365906	msedge.exe	7	Evening
2021-09-09 16:31:10.201771	devenv.exe	7	Evening
2021-09-09 16:31:11.550338	TextLogger.exe	7	Evening
2021-09-10 08:22:56.083341	TextLogger.exe	7	Morning
2021-09-10 08:22:57.940675	Taskmgr.exe	7	Morning
2021-09-10 08:23:00.262787	TextLogger.exe	7	Morning
2021-09-10 08:23:21.917624	Taskmgr.exe	7	Morning
2021-09-10 08:23:23.465396	TextLogger.exe	7	Morning
2021-09-10 08:23:23.579676	Taskmgr.exe	7	Morning
2021-09-10 08:27:53.545650	explorer.exe	7	Morning
2021-09-10 08:28:05.120111	msedge.exe	8	Morning
2021-09-10 08:30:12.971300	explorer.exe	8	Morning
2021-09-10 08:30:14.339375	Taskmgr.exe	8	Morning
2021-09-10 08:30:39.700396	msedge.exe	8	Morning
2021-09-10 08:48:36.063921	devenv.exe	7	Morning
2021-09-10 08:50:55.269347	msedge.exe	7	Morning
2021-09-10 08:53:35.256603	TextLogger.exe	7	Morning
2021-09-10 08:53:41.654629	msedge.exe	7	Morning
2021-09-10 08:56:08.055837	explorer.exe	7	Morning
2021-09-10 08:56:34.250660	msedge.exe	7	Morning
2021-09-10 09:03:03.280755	explorer.exe	7	Morning
2021-09-10 09:03:25.916028	msedge.exe	7	Morning
2021-09-10 09:03:38.092009	explorer.exe	7	Morning
2021-09-10 09:03:40.147542	msedge.exe	7	Morning
2021-09-10 09:04:34.517101	POWERPNT.EXE	7	Morning
2021-09-10 09:04:35.235807	msedge.exe	7	Morning
2021-09-10 09:04:37.096074	explorer.exe	7	Morning
2021-09-10 09:04:38.505130	msedge.exe	7	Morning
2021-09-10 09:04:45.541798	explorer.exe	7	Morning
2021-09-10 09:04:46.504621	msedge.exe	7	Morning
2021-09-10 09:04:48.033817	POWERPNT.EXE	7	Morning
2021-09-10 09:04:49.833507	msedge.exe	7	Morning
2021-09-10 09:05:05.486805	explorer.exe	7	Morning
2021-09-10 09:05:06.441820	msedge.exe	7	Morning
2021-09-10 09:05:08.227838	POWERPNT.EXE	7	Morning
2021-09-10 09:05:38.742487	msedge.exe	7	Morning
2021-09-10 09:05:40.301957	explorer.exe	7	Morning
2021-09-10 09:07:59.349251	devenv.exe	8	Morning
2021-09-10 09:09:56.817533	WINWORD.EXE	8	Morning
2021-09-10 09:11:04.177977	devenv.exe	8	Morning
2021-09-10 09:11:41.629701	Ssms.exe	8	Morning
2021-09-10 09:11:46.863723	devenv.exe	8	Morning
2021-09-10 09:18:58.914381	msedge.exe	8	Morning
2021-09-10 09:24:34.254520	Ssms.exe	8	Morning
2021-09-10 09:24:43.160200	WINWORD.EXE	8	Morning
2021-09-10 09:26:47.154264	Ssms.exe	8	Morning
2021-09-10 09:26:50.113991	WINWORD.EXE	8	Morning
2021-09-10 09:26:52.464452	Ssms.exe	8	Morning
2021-09-10 09:26:58.766762	WINWORD.EXE	8	Morning
2021-09-10 09:29:25.599035	msedge.exe	9	Morning
2021-09-10 09:29:36.433292	WINWORD.EXE	9	Morning
2021-09-10 09:42:18.969837	explorer.exe	9	Morning
2021-09-10 09:42:24.724329	msedge.exe	9	Morning
2021-09-10 09:42:32.533399	explorer.exe	9	Morning
2021-09-10 09:42:32.630071	explorer.exe	9	Morning
2021-09-10 09:42:33.501109	explorer.exe	9	Morning
2021-09-10 09:42:45.741535	POWERPNT.EXE	9	Morning
2021-09-10 09:43:45.227657	msedge.exe	9	Morning
2021-09-10 09:43:48.252862	explorer.exe	9	Morning
2021-09-10 09:43:52.221352	msedge.exe	9	Morning
2021-09-10 09:44:07.382499	explorer.exe	9	Morning
2021-09-10 09:44:11.030700	POWERPNT.EXE	9	Morning
2021-09-10 09:44:20.383610	explorer.exe	9	Morning
2021-09-10 09:44:23.295534	msedge.exe	9	Morning
2021-09-10 09:45:39.217430	POWERPNT.EXE	9	Morning
2021-09-10 09:45:50.485265	msedge.exe	9	Morning
2021-09-10 09:47:39.618044	POWERPNT.EXE	9	Morning
2021-09-10 09:51:58.160175	msedge.exe	9	Morning
2021-09-10 09:52:20.240792	explorer.exe	9	Morning
2021-09-10 09:52:23.146869	msedge.exe	9	Morning
2021-09-10 10:06:08.145044	explorer.exe	8	Morning
2021-09-10 10:06:08.564938	SearchApp.exe	8	Morning
2021-09-10 10:06:12.842009	explorer.exe	8	Morning
2021-09-10 10:06:15.003004	InetMgr.exe	8	Morning
2021-09-10 10:06:30.532281	msedge.exe	8	Morning
2021-09-10 10:08:41.388392	InetMgr.exe	10	Morning
2021-09-10 10:08:43.155863	msedge.exe	10	Morning
2021-09-10 10:11:33.348376	devenv.exe	10	Morning
2021-09-10 10:11:54.836258	explorer.exe	10	Morning
2021-09-10 10:11:54.890944	explorer.exe	10	Morning
2021-09-10 10:11:55.463428	msedge.exe	10	Morning
2021-09-10 10:12:43.287516	explorer.exe	10	Morning
2021-09-10 10:12:43.328528	explorer.exe	10	Morning
2021-09-10 10:12:44.131212	devenv.exe	10	Morning
2021-09-10 10:12:49.985328	explorer.exe	10	Morning
2021-09-10 10:12:51.642450	explorer.exe	10	Morning
2021-09-10 10:12:51.729358	TextLogger.exe	10	Morning
2021-09-10 10:13:00.401654	explorer.exe	10	Morning
2021-09-10 10:21:20.829924	explorer.exe	9	Morning
2021-09-10 10:21:20.858243	explorer.exe	9	Morning
2021-09-10 10:21:21.720791	devenv.exe	9	Morning
2021-09-10 10:21:22.412149	explorer.exe	9	Morning
2021-09-10 10:21:22.459999	explorer.exe	9	Morning
2021-09-10 10:21:22.627957	explorer.exe	9	Morning
2021-09-10 10:22:39.863472	explorer.exe	9	Morning
2021-09-10 10:22:39.974795	SearchApp.exe	9	Morning
2021-09-10 10:22:43.250952	explorer.exe	9	Morning
2021-09-10 10:22:50.406745	explorer.exe	9	Morning
2021-09-10 10:22:56.252073	devenv.exe	9	Morning
2021-09-10 10:22:59.270435	explorer.exe	9	Morning
2021-09-10 10:23:04.456625	devenv.exe	9	Morning
2021-09-10 10:23:07.391011	msedge.exe	9	Morning
2021-09-10 10:23:39.610626	explorer.exe	9	Morning
2021-09-10 10:23:42.162221	msedge.exe	9	Morning
2021-09-10 10:23:43.530305	explorer.exe	9	Morning
2021-09-10 10:23:47.890369	SearchApp.exe	9	Morning
2021-09-10 10:23:50.955603	explorer.exe	9	Morning
2021-09-10 10:23:51.355969	InetMgr.exe	9	Morning
2021-09-10 10:23:53.549186	explorer.exe	9	Morning
2021-09-10 10:23:56.625162	InetMgr.exe	9	Morning
2021-09-10 10:24:08.956423	explorer.exe	9	Morning
2021-09-10 10:24:10.678950	msedge.exe	9	Morning
2021-09-10 10:24:23.944704	explorer.exe	9	Morning
2021-09-10 10:24:23.996457	explorer.exe	9	Morning
2021-09-10 10:24:25.912349	devenv.exe	9	Morning
2021-09-10 10:25:04.761425	explorer.exe	9	Morning
2021-09-10 10:25:04.804391	explorer.exe	9	Morning
2021-09-10 10:25:05.080741	msedge.exe	9	Morning
2021-09-10 10:25:12.831223	explorer.exe	9	Morning
2021-09-10 10:25:12.872236	explorer.exe	9	Morning
2021-09-10 10:25:13.014804	devenv.exe	9	Morning
2021-09-10 10:25:15.958952	explorer.exe	9	Morning
2021-09-10 10:25:16.015588	explorer.exe	9	Morning
2021-09-10 10:25:16.209914	msedge.exe	9	Morning
2021-09-10 10:25:52.247645	explorer.exe	9	Morning
2021-09-10 10:25:52.309166	explorer.exe	9	Morning
2021-09-10 10:25:52.489816	devenv.exe	9	Morning
2021-09-10 10:27:28.239548	msedge.exe	9	Morning
2021-09-10 10:27:48.640584	explorer.exe	9	Morning
2021-09-10 10:27:49.994015	msedge.exe	9	Morning
2021-09-10 10:28:06.075016	explorer.exe	11	Morning
2021-09-10 10:28:07.017342	InetMgr.exe	11	Morning
2021-09-10 10:30:18.878039	msedge.exe	11	Morning
2021-09-10 10:30:32.833203	InetMgr.exe	11	Morning
2021-09-10 10:30:39.282005	explorer.exe	11	Morning
2021-09-10 10:30:46.517872	InetMgr.exe	11	Morning
2021-09-10 10:31:22.995030	msedge.exe	11	Morning
2021-09-10 10:31:49.755037	explorer.exe	11	Morning
2021-09-10 10:31:49.861475	InetMgr.exe	11	Morning
2021-09-10 10:31:53.546787	explorer.exe	11	Morning
2021-09-10 10:31:53.635646	InetMgr.exe	11	Morning
2021-09-10 10:31:55.890384	InetMgr.exe	11	Morning
2021-09-10 10:32:34.678917	msedge.exe	11	Morning
2021-09-10 10:32:44.698784	explorer.exe	11	Morning
2021-09-10 10:32:46.987699	InetMgr.exe	11	Morning
2021-09-10 10:33:54.484394	msedge.exe	10	Morning
2021-09-10 10:34:33.312312	InetMgr.exe	10	Morning
2021-09-10 10:34:53.698706	msedge.exe	10	Morning
2021-09-10 10:34:55.191772	InetMgr.exe	10	Morning
2021-09-10 10:34:57.021736	msedge.exe	10	Morning
2021-09-10 10:34:58.127130	InetMgr.exe	10	Morning
2021-09-10 10:35:04.979233	msedge.exe	10	Morning
2021-09-10 10:35:06.753555	InetMgr.exe	10	Morning
2021-09-10 10:35:08.597162	msedge.exe	10	Morning
2021-09-10 10:35:28.639840	InetMgr.exe	10	Morning
2021-09-10 10:35:57.566817	msedge.exe	10	Morning
2021-09-10 10:36:08.861016	TextLogger.exe	10	Morning
2021-09-10 10:36:10.809138	msedge.exe	10	Morning
2021-09-10 10:36:11.388199	InetMgr.exe	10	Morning
2021-09-10 10:36:49.464131	msedge.exe	10	Morning
2021-09-10 10:37:00.993665	InetMgr.exe	10	Morning
2021-09-10 10:37:23.052967	msedge.exe	10	Morning
2021-09-10 10:37:34.367675	explorer.exe	10	Morning
2021-09-10 10:37:34.412588	explorer.exe	10	Morning
2021-09-10 10:37:34.881823	InetMgr.exe	10	Morning
2021-09-10 10:37:37.782030	explorer.exe	10	Morning
2021-09-10 10:37:37.831831	explorer.exe	10	Morning
2021-09-10 10:37:37.973424	msedge.exe	10	Morning
2021-09-10 10:37:43.215275	explorer.exe	10	Morning
2021-09-10 10:37:43.262152	explorer.exe	10	Morning
2021-09-10 10:37:43.336360	InetMgr.exe	10	Morning
2021-09-10 10:37:44.154685	explorer.exe	10	Morning
2021-09-10 10:37:44.193726	explorer.exe	10	Morning
2021-09-10 10:37:44.313850	msedge.exe	10	Morning
2021-09-10 10:37:52.316256	explorer.exe	10	Morning
2021-09-10 10:37:52.359219	explorer.exe	10	Morning
2021-09-10 10:37:53.172644	InetMgr.exe	10	Morning
2021-09-10 10:37:53.598399	explorer.exe	10	Morning
2021-09-10 10:37:53.642341	explorer.exe	10	Morning
2021-09-10 10:37:54.402059	msedge.exe	10	Morning
2021-09-10 10:39:34.729113	explorer.exe	11	Morning
2021-09-10 10:39:34.832622	devenv.exe	11	Morning
2021-09-10 10:41:07.862360	msedge.exe	11	Morning
2021-09-10 10:42:17.737040	explorer.exe	11	Morning
2021-09-10 10:42:18.846284	ShellExperienceHost.exe	11	Morning
2021-09-10 10:42:23.285047	msedge.exe	11	Morning
2021-09-10 10:43:04.103318	TextLogger.exe	11	Morning
2021-09-10 10:43:07.857585	msedge.exe	11	Morning
2021-09-10 10:45:19.750632	explorer.exe	11	Morning
2021-09-10 10:45:19.876599	SearchApp.exe	11	Morning
2021-09-10 10:45:20.883398	explorer.exe	11	Morning
2021-09-10 10:45:22.147662	explorer.exe	11	Morning
2021-09-10 10:45:26.326620	explorer.exe	11	Morning
2021-09-10 10:45:26.641053	InetMgr.exe	11	Morning
2021-09-10 10:45:28.708306	explorer.exe	11	Morning
2021-09-10 10:45:28.834468	explorer.exe	11	Morning
2021-09-10 10:45:32.524656	msedge.exe	11	Morning
2021-09-10 10:45:36.283206	explorer.exe	11	Morning
2021-09-10 10:45:36.362303	explorer.exe	11	Morning
2021-09-10 10:45:36.456928	InetMgr.exe	11	Morning
2021-09-10 10:45:39.314738	explorer.exe	11	Morning
2021-09-10 10:45:43.072306	explorer.exe	11	Morning
2021-09-10 10:45:44.218718	explorer.exe	11	Morning
2021-09-10 10:45:44.501904	InetMgr.exe	11	Morning
2021-09-10 10:45:45.407118	explorer.exe	11	Morning
2021-09-10 10:45:45.505885	explorer.exe	11	Morning
2021-09-10 10:45:45.640048	msedge.exe	11	Morning
2021-09-10 10:46:03.889364	explorer.exe	11	Morning
2021-09-10 10:46:03.991440	explorer.exe	11	Morning
2021-09-10 10:46:07.839837	msedge.exe	11	Morning
2021-09-10 10:46:08.640158	explorer.exe	11	Morning
2021-09-10 10:46:08.722718	explorer.exe	11	Morning
2021-09-10 10:46:11.739893	explorer.exe	11	Morning
2021-09-10 10:54:32.190905	msedge.exe	10	Morning
2021-09-10 10:54:37.501110	InetMgr.exe	10	Morning
2021-09-10 10:54:42.325022	msedge.exe	10	Morning
2021-09-10 10:54:50.618435	explorer.exe	10	Morning
2021-09-10 10:55:02.291518	explorer.exe	10	Morning
2021-09-10 10:55:02.399909	explorer.exe	10	Morning
2021-09-10 10:55:02.884251	msedge.exe	10	Morning
2021-09-10 10:55:04.220105	explorer.exe	10	Morning
2021-09-10 10:55:04.282615	explorer.exe	10	Morning
2021-09-10 10:55:04.348999	explorer.exe	10	Morning
2021-09-10 10:55:07.371270	explorer.exe	10	Morning
2021-09-10 10:55:07.484542	explorer.exe	10	Morning
2021-09-10 10:55:07.541199	msedge.exe	10	Morning
2021-09-10 10:55:16.240685	explorer.exe	10	Morning
2021-09-10 10:55:16.287559	explorer.exe	10	Morning
2021-09-10 10:55:16.780220	explorer.exe	10	Morning
2021-09-10 10:55:27.470256	explorer.exe	10	Morning
2021-09-10 10:55:27.585498	explorer.exe	10	Morning
2021-09-10 10:55:28.107629	msedge.exe	10	Morning
2021-09-10 10:55:33.956039	explorer.exe	10	Morning
2021-09-10 10:55:34.049797	explorer.exe	10	Morning
2021-09-10 10:55:34.130488	explorer.exe	10	Morning
2021-09-10 10:55:36.910023	explorer.exe	10	Morning
2021-09-10 10:55:37.072124	explorer.exe	10	Morning
2021-09-10 10:55:37.535643	msedge.exe	10	Morning
2021-09-10 10:55:42.973691	explorer.exe	10	Morning
2021-09-10 10:55:43.015685	explorer.exe	10	Morning
2021-09-10 10:55:44.454265	InetMgr.exe	10	Morning
2021-09-10 10:55:50.501842	explorer.exe	10	Morning
2021-09-10 10:55:50.590822	explorer.exe	10	Morning
2021-09-10 10:55:50.708139	msedge.exe	10	Morning
2021-09-10 10:55:59.079010	explorer.exe	10	Morning
2021-09-10 10:55:59.146885	explorer.exe	10	Morning
2021-09-10 10:55:59.395442	InetMgr.exe	10	Morning
2021-09-10 10:56:08.182880	explorer.exe	10	Morning
2021-09-10 10:56:08.223893	explorer.exe	10	Morning
2021-09-10 10:56:08.826017	msedge.exe	10	Morning
2021-09-10 10:56:15.403501	explorer.exe	10	Morning
2021-09-10 10:56:15.442584	explorer.exe	10	Morning
2021-09-10 10:56:15.549000	InetMgr.exe	10	Morning
2021-09-10 10:56:22.001270	explorer.exe	10	Morning
2021-09-10 10:56:22.091647	explorer.exe	10	Morning
2021-09-10 10:56:22.224936	msedge.exe	10	Morning
2021-09-10 10:56:25.373086	explorer.exe	10	Morning
2021-09-10 10:56:25.499034	explorer.exe	10	Morning
2021-09-10 10:56:25.537117	InetMgr.exe	10	Morning
2021-09-10 10:56:31.208546	explorer.exe	10	Morning
2021-09-10 10:56:31.331651	explorer.exe	10	Morning
2021-09-10 10:56:31.463809	msedge.exe	10	Morning
2021-09-10 10:56:35.052009	explorer.exe	10	Morning
2021-09-10 10:56:35.106230	explorer.exe	10	Morning
2021-09-10 10:56:35.190778	InetMgr.exe	10	Morning
2021-09-10 10:56:41.282781	explorer.exe	10	Morning
2021-09-10 10:56:41.347229	msedge.exe	10	Morning
2021-09-10 10:57:13.097426	explorer.exe	10	Morning
2021-09-10 10:57:13.159929	explorer.exe	10	Morning
2021-09-10 10:57:14.435638	explorer.exe	10	Morning
2021-09-10 10:57:16.909028	explorer.exe	10	Morning
2021-09-10 10:57:17.049605	msedge.exe	10	Morning
2021-09-10 10:57:18.282476	explorer.exe	10	Morning
2021-09-10 10:57:18.393322	explorer.exe	10	Morning
2021-09-10 10:57:18.425640	explorer.exe	10	Morning
2021-09-10 10:57:29.234589	explorer.exe	10	Morning
2021-09-10 10:57:29.330291	explorer.exe	10	Morning
2021-09-10 10:57:29.381057	msedge.exe	10	Morning
2021-09-10 10:57:36.332412	explorer.exe	10	Morning
2021-09-10 10:57:36.421301	explorer.exe	10	Morning
2021-09-10 10:57:37.251796	explorer.exe	10	Morning
2021-09-10 10:57:37.551120	explorer.exe	10	Morning
2021-09-10 10:57:37.634140	explorer.exe	10	Morning
2021-09-10 10:57:38.782812	explorer.exe	10	Morning
2021-09-10 10:57:52.741491	explorer.exe	10	Morning
2021-09-10 10:57:52.870391	explorer.exe	10	Morning
2021-09-10 10:57:52.905555	msedge.exe	10	Morning
2021-09-10 10:57:55.835652	explorer.exe	10	Morning
2021-09-10 10:57:55.885454	explorer.exe	10	Morning
2021-09-10 10:57:55.957716	explorer.exe	10	Morning
2021-09-10 10:57:59.521093	explorer.exe	10	Morning
2021-09-10 10:57:59.661658	explorer.exe	10	Morning
2021-09-10 10:57:59.767002	msedge.exe	10	Morning
2021-09-10 10:58:05.449986	explorer.exe	10	Morning
2021-09-10 10:58:05.564239	explorer.exe	10	Morning
2021-09-10 10:58:05.630214	explorer.exe	10	Morning
2021-09-10 10:58:23.132727	notepad++.exe	10	Morning
2021-09-10 10:58:33.698458	explorer.exe	10	Morning
2021-09-10 10:58:33.798062	explorer.exe	10	Morning
2021-09-10 10:58:34.558756	notepad++.exe	10	Morning
2021-09-10 10:58:37.495089	explorer.exe	10	Morning
2021-09-10 10:58:37.622033	explorer.exe	10	Morning
2021-09-10 10:58:38.535063	msedge.exe	10	Morning
2021-09-10 10:58:42.091115	explorer.exe	10	Morning
2021-09-10 10:58:42.152634	explorer.exe	10	Morning
2021-09-10 10:58:42.226252	notepad++.exe	10	Morning
2021-09-10 10:58:43.297795	explorer.exe	10	Morning
2021-09-10 10:58:43.395449	explorer.exe	10	Morning
2021-09-10 10:58:43.471431	msedge.exe	10	Morning
2021-09-10 10:58:48.730505	explorer.exe	10	Morning
2021-09-10 10:58:48.828168	explorer.exe	10	Morning
2021-09-10 10:58:49.029909	notepad++.exe	10	Morning
2021-09-10 10:59:03.505801	notepad++.exe	10	Morning
2021-09-10 10:59:09.903829	msedge.exe	10	Morning
2021-09-10 10:59:47.113771	explorer.exe	10	Morning
2021-09-10 10:59:47.362829	explorer.exe	10	Morning
2021-09-10 10:59:48.099625	explorer.exe	10	Morning
2021-09-10 11:00:25.407935	explorer.exe	10	Afternoon
2021-09-10 11:00:27.561116	explorer.exe	10	Afternoon
2021-09-10 11:00:28.165570	msedge.exe	10	Afternoon
2021-09-10 11:00:30.486886	explorer.exe	10	Afternoon
2021-09-10 11:00:30.540593	explorer.exe	10	Afternoon
2021-09-10 11:00:31.078830	explorer.exe	10	Afternoon
2021-09-10 11:00:35.239723	explorer.exe	10	Afternoon
2021-09-10 11:00:35.346182	explorer.exe	10	Afternoon
2021-09-10 11:00:38.638674	msedge.exe	10	Afternoon
2021-09-10 11:00:54.070493	explorer.exe	10	Afternoon
2021-09-10 11:00:54.148616	explorer.exe	10	Afternoon
2021-09-10 11:00:55.779370	msedge.exe	10	Afternoon
2021-09-10 11:01:13.159011	explorer.exe	10	Afternoon
2021-09-10 11:01:13.254798	explorer.exe	10	Afternoon
2021-09-10 11:01:17.327074	InetMgr.exe	10	Afternoon
2021-09-10 11:01:24.767060	explorer.exe	10	Afternoon
2021-09-10 11:01:24.831510	explorer.exe	10	Afternoon
2021-09-10 11:01:27.359667	msedge.exe	10	Afternoon
2021-09-10 11:02:31.986117	explorer.exe	10	Afternoon
2021-09-10 11:02:32.105247	explorer.exe	10	Afternoon
2021-09-10 11:02:33.487593	InetMgr.exe	10	Afternoon
2021-09-10 11:02:34.990627	msedge.exe	10	Afternoon
2021-09-10 11:02:39.206233	explorer.exe	10	Afternoon
2021-09-10 11:02:39.301472	explorer.exe	10	Afternoon
2021-09-10 11:02:39.393471	InetMgr.exe	10	Afternoon
2021-09-10 11:02:42.594477	explorer.exe	10	Afternoon
2021-09-10 11:02:42.672615	explorer.exe	10	Afternoon
2021-09-10 11:02:42.883523	msedge.exe	10	Afternoon
2021-09-10 11:04:01.285359	explorer.exe	10	Afternoon
2021-09-10 11:04:01.367425	explorer.exe	10	Afternoon
2021-09-10 11:04:03.643606	explorer.exe	10	Afternoon
2021-09-10 11:04:05.938381	explorer.exe	10	Afternoon
2021-09-10 11:04:05.994042	explorer.exe	10	Afternoon
2021-09-10 11:04:07.302588	msedge.exe	10	Afternoon
2021-09-10 11:05:08.165978	InetMgr.exe	10	Afternoon
2021-09-10 11:05:31.222327	msedge.exe	10	Afternoon
2021-09-10 11:05:32.405839	explorer.exe	10	Afternoon
2021-09-10 11:05:38.190628	ShellExperienceHost.exe	10	Afternoon
2021-09-10 11:05:42.135688	ApplicationFrameHost.exe	10	Afternoon
2021-09-10 11:06:54.952317	explorer.exe	10	Afternoon
2021-09-10 11:07:08.051330	notepad++.exe	10	Afternoon
2021-09-10 11:08:10.218254	msedge.exe	11	Afternoon
2021-09-10 11:09:18.025434	ApplicationFrameHost.exe	11	Afternoon
2021-09-10 11:10:14.344095	InetMgr.exe	11	Afternoon
2021-09-10 11:10:16.068609	ApplicationFrameHost.exe	11	Afternoon
2021-09-10 11:10:18.231541	msedge.exe	11	Afternoon
2021-09-10 11:13:06.712906	explorer.exe	11	Afternoon
2021-09-10 11:13:10.443135	TextLogger.exe	11	Afternoon
2021-09-10 11:13:13.671445	explorer.exe	11	Afternoon
2021-09-10 11:13:35.088045	InetMgr.exe	11	Afternoon
2021-09-10 11:13:40.403266	explorer.exe	11	Afternoon
2021-09-10 11:13:41.719597	explorer.exe	11	Afternoon
2021-09-10 11:13:41.787945	explorer.exe	11	Afternoon
2021-09-10 11:13:44.259983	InetMgr.exe	11	Afternoon
2021-09-10 11:13:46.617254	explorer.exe	11	Afternoon
2021-09-10 11:13:46.718809	explorer.exe	11	Afternoon
2021-09-10 11:13:47.390645	msedge.exe	11	Afternoon
2021-09-10 11:13:49.266498	explorer.exe	11	Afternoon
2021-09-10 11:13:49.358289	explorer.exe	11	Afternoon
2021-09-10 11:13:49.681510	InetMgr.exe	11	Afternoon
2021-09-10 11:13:50.971466	explorer.exe	11	Afternoon
2021-09-10 11:13:51.054479	explorer.exe	11	Afternoon
2021-09-10 11:13:51.697186	explorer.exe	11	Afternoon
2021-09-10 11:13:54.487043	explorer.exe	11	Afternoon
2021-09-10 11:13:54.563211	explorer.exe	11	Afternoon
2021-09-10 11:13:55.806820	InetMgr.exe	11	Afternoon
2021-09-10 11:13:58.399420	explorer.exe	11	Afternoon
2021-09-10 11:13:58.509342	explorer.exe	11	Afternoon
2021-09-10 11:13:59.109889	explorer.exe	11	Afternoon
2021-09-10 11:14:07.398424	OpenWith.exe	11	Afternoon
2021-09-10 11:14:09.275257	explorer.exe	11	Afternoon
2021-09-10 11:14:09.387553	msedge.exe	11	Afternoon
2021-09-10 11:14:12.003595	explorer.exe	11	Afternoon
2021-09-10 11:14:21.019620	explorer.exe	11	Afternoon
2021-09-10 11:14:22.311530	explorer.exe	11	Afternoon
2021-09-10 11:14:28.414653	explorer.exe	11	Afternoon
2021-09-10 11:14:28.862869	explorer.exe	11	Afternoon
2021-09-10 11:14:31.487718	explorer.exe	11	Afternoon
2021-09-10 11:14:37.374043	InetMgr.exe	11	Afternoon
2021-09-10 11:14:58.215483	InetMgr.exe	11	Afternoon
2021-09-10 11:15:00.285664	InetMgr.exe	11	Afternoon
2021-09-10 11:15:24.744058	msedge.exe	11	Afternoon
2021-09-10 11:16:19.182381	ApplicationFrameHost.exe	11	Afternoon
2021-09-10 11:16:46.719871	explorer.exe	11	Afternoon
2021-09-10 11:16:47.083132	ShellExperienceHost.exe	11	Afternoon
2021-09-10 11:17:31.844914	explorer.exe	11	Afternoon
2021-09-10 11:17:32.036309	SearchApp.exe	11	Afternoon
2021-09-10 11:17:34.534195	explorer.exe	11	Afternoon
2021-09-10 11:17:34.776368	cmd.exe	11	Afternoon
2021-09-10 11:18:14.719150	InetMgr.exe	12	Afternoon
2021-09-10 11:18:27.600134	cmd.exe	12	Afternoon
2021-09-10 11:18:50.571320	InetMgr.exe	12	Afternoon
2021-09-10 11:19:00.774487	cmd.exe	12	Afternoon
2021-09-10 11:19:02.431608	msedge.exe	12	Afternoon
2021-09-10 11:20:02.437531	cmd.exe	12	Afternoon
2021-09-10 11:20:04.786020	InetMgr.exe	12	Afternoon
2021-09-10 11:20:07.995769	cmd.exe	12	Afternoon
2021-09-10 11:20:29.268840	msedge.exe	12	Afternoon
2021-09-10 11:20:35.121963	cmd.exe	12	Afternoon
2021-09-10 11:20:47.014758	msedge.exe	12	Afternoon
2021-09-10 11:21:08.270230	InetMgr.exe	12	Afternoon
2021-09-10 11:21:30.096990	msedge.exe	12	Afternoon
2021-09-10 11:22:26.283954	notepad++.exe	12	Afternoon
2021-09-10 11:23:17.115212	msedge.exe	12	Afternoon
2021-09-10 11:23:26.931965	cmd.exe	12	Afternoon
2021-09-10 11:24:04.520560	msedge.exe	12	Afternoon
2021-09-10 11:24:10.908821	cmd.exe	12	Afternoon
2021-09-10 11:25:10.146675	InetMgr.exe	12	Afternoon
2021-09-10 11:25:30.733249	InetMgr.exe	12	Afternoon
2021-09-10 11:25:32.169673	InetMgr.exe	12	Afternoon
2021-09-10 11:26:28.020811	cmd.exe	12	Afternoon
2021-09-10 11:26:28.853760	msedge.exe	12	Afternoon
2021-09-10 11:26:30.490404	explorer.exe	12	Afternoon
2021-09-10 11:27:23.775180	explorer.exe	12	Afternoon
2021-09-10 11:27:23.982199	SearchApp.exe	12	Afternoon
2021-09-10 11:27:34.959034	explorer.exe	12	Afternoon
2021-09-10 11:27:35.236360	explorer.exe	12	Afternoon
2021-09-10 11:27:38.450020	DroidCamApp.exe	12	Afternoon
2021-09-10 11:27:46.358443	devenv.exe	12	Afternoon
2021-09-10 11:27:47.315415	explorer.exe	12	Afternoon
2021-09-10 11:27:47.455053	SearchApp.exe	12	Afternoon
2021-09-10 11:27:53.449787	explorer.exe	12	Afternoon
2021-09-10 11:27:53.602121	DroidCamApp.exe	12	Afternoon
2021-09-10 11:28:54.185069	explorer.exe	13	Afternoon
2021-09-10 11:29:34.115044	explorer.exe	13	Afternoon
2021-09-10 11:29:34.299602	ShellExperienceHost.exe	13	Afternoon
2021-09-10 11:29:52.519137	explorer.exe	13	Afternoon
2021-09-10 11:29:57.319615	vlc.exe	13	Afternoon
2021-09-10 11:30:12.599696	DroidCamApp.exe	13	Afternoon
2021-09-10 11:31:56.793482	vlc.exe	13	Afternoon
2021-09-10 11:31:58.714265	explorer.exe	13	Afternoon
2021-09-10 11:31:58.783590	explorer.exe	13	Afternoon
2021-09-10 11:31:59.339220	DroidCamApp.exe	13	Afternoon
2021-09-10 11:32:09.363974	vlc.exe	13	Afternoon
2021-09-10 11:32:10.522314	explorer.exe	13	Afternoon
2021-09-10 11:32:10.621457	explorer.exe	13	Afternoon
2021-09-10 11:32:10.750975	DroidCamApp.exe	13	Afternoon
2021-09-10 11:40:21.045671	explorer.exe	14	Afternoon
2021-09-10 11:40:26.796423	DroidCamApp.exe	14	Afternoon
2021-09-10 11:41:28.030718	explorer.exe	14	Afternoon
2021-09-10 11:41:45.985564	vlc.exe	14	Afternoon
2021-09-10 11:41:48.258138	explorer.exe	14	Afternoon
2021-09-10 11:41:48.333331	explorer.exe	14	Afternoon
2021-09-10 11:41:49.274716	DroidCamApp.exe	14	Afternoon
2021-09-10 11:42:18.948452	vlc.exe	14	Afternoon
2021-09-10 11:42:22.426507	explorer.exe	14	Afternoon
2021-09-10 11:42:22.481192	explorer.exe	14	Afternoon
2021-09-10 11:42:22.737882	DroidCamApp.exe	14	Afternoon
2021-09-10 11:42:36.623559	explorer.exe	14	Afternoon
2021-09-10 11:42:36.684102	explorer.exe	14	Afternoon
2021-09-10 11:42:37.762590	explorer.exe	14	Afternoon
2021-09-10 11:42:54.642831	explorer.exe	14	Afternoon
2021-09-10 11:42:54.774710	explorer.exe	14	Afternoon
2021-09-10 11:42:55.818969	vlc.exe	14	Afternoon
2021-09-10 11:42:56.274100	explorer.exe	14	Afternoon
2021-09-10 11:42:56.379563	explorer.exe	14	Afternoon
2021-09-10 11:42:57.236066	DroidCamApp.exe	14	Afternoon
2021-09-10 11:43:03.570587	vlc.exe	14	Afternoon
2021-09-10 11:43:24.998506	explorer.exe	14	Afternoon
2021-09-10 11:43:25.142054	explorer.exe	14	Afternoon
2021-09-10 11:43:25.309032	DroidCamApp.exe	14	Afternoon
2021-09-10 11:43:29.359246	vlc.exe	14	Afternoon
2021-09-10 11:43:32.846502	explorer.exe	14	Afternoon
2021-09-10 11:43:38.515605	vlc.exe	14	Afternoon
2021-09-10 11:43:40.762318	explorer.exe	14	Afternoon
2021-09-10 11:43:40.830673	explorer.exe	14	Afternoon
2021-09-10 11:43:40.978080	explorer.exe	14	Afternoon
2021-09-10 11:43:42.252071	explorer.exe	14	Afternoon
2021-09-10 11:43:42.391910	explorer.exe	14	Afternoon
2021-09-10 11:43:43.429552	DroidCamApp.exe	14	Afternoon
2021-09-10 11:43:43.993120	explorer.exe	14	Afternoon
2021-09-10 11:43:44.062452	explorer.exe	14	Afternoon
2021-09-10 11:43:44.829655	vlc.exe	14	Afternoon
2021-09-10 11:43:45.264199	explorer.exe	14	Afternoon
2021-09-10 11:43:45.333530	explorer.exe	14	Afternoon
2021-09-10 11:43:45.978171	DroidCamApp.exe	14	Afternoon
2021-09-10 11:43:46.744716	vlc.exe	14	Afternoon
2021-09-10 11:43:55.063557	explorer.exe	14	Afternoon
2021-09-10 11:43:55.136787	explorer.exe	14	Afternoon
2021-09-10 11:43:55.673595	DroidCamApp.exe	14	Afternoon
2021-09-10 11:45:01.776052	vlc.exe	14	Afternoon
2021-09-10 11:45:06.091094	explorer.exe	14	Afternoon
2021-09-10 11:45:06.164336	explorer.exe	14	Afternoon
2021-09-10 11:45:06.375446	DroidCamApp.exe	14	Afternoon
2021-09-10 11:45:14.574078	explorer.exe	14	Afternoon
2021-09-10 11:45:14.690279	explorer.exe	14	Afternoon
2021-09-10 11:45:14.799312	vlc.exe	14	Afternoon
2021-09-10 11:45:15.548989	explorer.exe	14	Afternoon
2021-09-10 11:45:15.647616	explorer.exe	14	Afternoon
2021-09-10 11:45:15.750669	DroidCamApp.exe	14	Afternoon
2021-09-10 11:45:16.670648	explorer.exe	14	Afternoon
2021-09-10 11:45:16.745831	explorer.exe	14	Afternoon
2021-09-10 11:45:16.909975	vlc.exe	14	Afternoon
2021-09-10 11:45:22.203610	explorer.exe	14	Afternoon
2021-09-10 11:45:22.318529	explorer.exe	14	Afternoon
2021-09-10 11:45:23.215200	explorer.exe	14	Afternoon
2021-09-10 11:45:34.365574	DroidCamApp.exe	14	Afternoon
2021-09-10 11:45:36.402935	vlc.exe	14	Afternoon
2021-09-10 11:45:42.699615	DroidCamApp.exe	14	Afternoon
2021-09-10 11:45:46.331190	explorer.exe	14	Afternoon
2021-09-10 11:45:47.633843	TextLogger.exe	14	Afternoon
2021-09-10 12:05:25.411443	devenv.exe	12	Afternoon
2021-09-10 12:06:45.048134	msedge.exe	12	Afternoon
2021-09-10 12:06:54.799463	explorer.exe	12	Afternoon
2021-09-10 12:06:54.853169	explorer.exe	12	Afternoon
2021-09-10 12:06:56.146056	msedge.exe	12	Afternoon
2021-09-10 12:07:49.260821	explorer.exe	12	Afternoon
2021-09-10 12:07:49.323372	devenv.exe	12	Afternoon
2021-09-10 12:07:54.293703	msedge.exe	12	Afternoon
2021-09-10 12:07:55.704768	explorer.exe	12	Afternoon
2021-09-10 12:07:55.823874	explorer.exe	12	Afternoon
2021-09-10 12:10:41.117007	devenv.exe	11	Afternoon
2021-09-10 12:10:58.432309	msedge.exe	11	Afternoon
2021-09-10 12:10:59.354123	devenv.exe	11	Afternoon
2021-09-10 12:11:00.999521	explorer.exe	11	Afternoon
2021-09-10 12:11:08.088914	explorer.exe	11	Afternoon
2021-09-10 12:11:08.177775	SearchApp.exe	11	Afternoon
2021-09-10 12:11:11.833790	explorer.exe	11	Afternoon
2021-09-10 12:11:17.067833	Code.exe	11	Afternoon
2021-09-10 12:12:38.731549	Code.exe	11	Afternoon
2021-09-10 12:12:55.109601	Code.exe	11	Afternoon
2021-09-10 12:13:07.306082	explorer.exe	12	Afternoon
2021-09-10 12:13:08.620450	msedge.exe	12	Afternoon
2021-09-10 12:13:13.644587	msedge.exe	12	Afternoon
2021-09-10 12:13:15.700837	msedge.exe	12	Afternoon
2021-09-10 12:13:16.865802	explorer.exe	12	Afternoon
2021-09-10 12:13:16.970286	explorer.exe	12	Afternoon
2021-09-10 12:13:17.680219	explorer.exe	12	Afternoon
2021-09-10 12:13:19.051206	msedge.exe	12	Afternoon
2021-09-10 12:13:21.234662	explorer.exe	12	Afternoon
2021-09-10 12:13:21.293268	explorer.exe	12	Afternoon
2021-09-10 12:13:21.844973	explorer.exe	12	Afternoon
2021-09-10 12:13:24.198340	msedge.exe	12	Afternoon
2021-09-10 12:21:26.594133	devenv.exe	12	Afternoon
2021-09-10 12:22:17.450254	msedge.exe	12	Afternoon
2021-09-10 12:22:20.589701	devenv.exe	12	Afternoon
2021-09-10 12:22:23.561204	Code.exe	12	Afternoon
2021-09-10 12:22:24.712484	explorer.exe	12	Afternoon
2021-09-10 12:22:49.718934	ShellExperienceHost.exe	12	Afternoon
2021-09-10 12:23:38.039082	devenv.exe	11	Afternoon
2021-09-10 12:23:42.052497	explorer.exe	11	Afternoon
2021-09-10 12:23:44.503511	InetMgr.exe	11	Afternoon
2021-09-10 12:23:53.004922	explorer.exe	11	Afternoon
2021-09-10 12:23:55.851419	msedge.exe	11	Afternoon
2021-09-10 12:24:07.043085	devenv.exe	11	Afternoon
2021-09-10 12:24:10.430563	explorer.exe	11	Afternoon
2021-09-10 12:24:10.507706	explorer.exe	11	Afternoon
2021-09-10 12:24:10.691294	msedge.exe	11	Afternoon
2021-09-10 12:24:29.863889	devenv.exe	11	Afternoon
2021-09-10 12:24:45.562105	explorer.exe	11	Afternoon
2021-09-10 12:24:45.628505	explorer.exe	11	Afternoon
2021-09-10 12:24:45.795507	msedge.exe	11	Afternoon
2021-09-10 12:24:48.041436	explorer.exe	11	Afternoon
2021-09-10 12:24:48.133228	explorer.exe	11	Afternoon
2021-09-10 12:24:48.216231	devenv.exe	11	Afternoon
2021-09-10 12:25:18.294387	msedge.exe	11	Afternoon
2021-09-10 12:25:24.953136	explorer.exe	11	Afternoon
2021-09-10 12:25:25.055669	explorer.exe	11	Afternoon
2021-09-10 12:25:25.156250	msedge.exe	11	Afternoon
2021-09-10 12:25:26.149351	explorer.exe	11	Afternoon
2021-09-10 12:25:26.222590	explorer.exe	11	Afternoon
2021-09-10 12:25:28.253708	msedge.exe	11	Afternoon
2021-09-10 12:25:29.026119	explorer.exe	11	Afternoon
2021-09-10 12:25:29.032953	explorer.exe	11	Afternoon
2021-09-10 12:25:29.188218	msedge.exe	11	Afternoon
2021-09-10 12:25:35.162469	devenv.exe	11	Afternoon
2021-09-10 12:25:43.347471	explorer.exe	11	Afternoon
2021-09-10 12:25:43.415825	explorer.exe	11	Afternoon
2021-09-10 12:25:43.767362	msedge.exe	11	Afternoon
2021-09-10 12:25:44.280024	explorer.exe	11	Afternoon
2021-09-10 12:25:44.340569	explorer.exe	11	Afternoon
2021-09-10 12:25:44.481210	devenv.exe	11	Afternoon
2021-09-10 12:25:45.333669	explorer.exe	11	Afternoon
2021-09-10 12:25:45.376634	explorer.exe	11	Afternoon
2021-09-10 12:25:46.663664	msedge.exe	11	Afternoon
2021-09-10 12:26:01.363893	explorer.exe	11	Afternoon
2021-09-10 12:26:07.722862	SearchApp.exe	11	Afternoon
2021-09-10 12:26:12.484274	StartMenuExperienceHost.exe	11	Afternoon
2021-09-10 12:26:18.203656	msedge.exe	11	Afternoon
2021-09-10 12:26:20.630242	devenv.exe	11	Afternoon
2021-09-10 12:26:31.487940	Taskmgr.exe	11	Afternoon
2021-09-10 12:27:47.779956	devenv.exe	11	Afternoon
2021-09-10 12:28:03.640436	explorer.exe	9	Afternoon
2021-09-10 12:28:03.772259	SearchApp.exe	9	Afternoon
2021-09-10 12:28:07.426322	explorer.exe	9	Afternoon
2021-09-10 12:28:09.566809	devenv.exe	9	Afternoon
2021-09-10 12:28:11.473915	explorer.exe	9	Afternoon
2021-09-10 12:28:12.872264	msedge.exe	9	Afternoon
2021-09-10 12:28:21.479137	explorer.exe	9	Afternoon
2021-09-10 12:28:22.270099	POWERPNT.EXE	9	Afternoon
2021-09-10 12:28:23.709459	explorer.exe	9	Afternoon
2021-09-10 12:28:25.357793	Taskmgr.exe	9	Afternoon
2021-09-10 12:28:32.531161	TextLogger.exe	9	Afternoon
2021-09-10 12:28:35.660842	Taskmgr.exe	9	Afternoon
2021-09-10 12:28:35.877627	TextLogger.exe	9	Afternoon
2021-09-13 11:23:50.530847	TextLogger.exe	11	Afternoon
2021-09-13 11:23:59.548679	Taskmgr.exe	11	Afternoon
2021-09-13 11:24:16.737975	TextLogger.exe	11	Afternoon
2021-09-13 11:24:35.362292	TextLogger.exe	11	Afternoon
2021-09-13 11:24:37.162958	explorer.exe	11	Afternoon
2021-09-13 11:24:41.130480	explorer.exe	11	Afternoon
2021-09-13 11:24:43.166491	Ssms.exe	11	Afternoon
2021-09-13 11:24:45.375324	msedge.exe	11	Afternoon
2021-09-13 11:52:47.570484	TextLogger.exe	8	Afternoon
2021-09-13 11:52:49.030349	msedge.exe	8	Afternoon
2021-09-13 11:52:49.865259	TextLogger.exe	8	Afternoon
2021-09-13 11:52:50.575173	POWERPNT.EXE	8	Afternoon
2021-09-13 11:54:40.961663	TextLogger.exe	8	Afternoon
2021-09-13 11:54:44.576667	POWERPNT.EXE	8	Afternoon
2021-09-13 11:54:59.571801	msedge.exe	8	Afternoon
2021-09-13 11:55:07.141628	explorer.exe	8	Afternoon
2021-09-13 11:55:07.328139	explorer.exe	8	Afternoon
2021-09-13 11:55:07.385756	POWERPNT.EXE	8	Afternoon
2021-09-13 11:55:09.072169	explorer.exe	8	Afternoon
2021-09-13 11:55:09.213762	explorer.exe	8	Afternoon
2021-09-13 11:55:09.284070	msedge.exe	8	Afternoon
2021-09-13 11:55:10.750775	explorer.exe	8	Afternoon
2021-09-13 11:55:10.876741	explorer.exe	8	Afternoon
2021-09-13 11:55:10.930448	POWERPNT.EXE	8	Afternoon
2021-09-13 11:55:11.521230	explorer.exe	8	Afternoon
2021-09-13 11:55:11.695047	msedge.exe	8	Afternoon
2021-09-13 11:55:21.642654	explorer.exe	8	Afternoon
2021-09-13 11:55:21.797922	explorer.exe	8	Afternoon
2021-09-13 11:55:21.856515	POWERPNT.EXE	8	Afternoon
2021-09-13 11:55:58.938118	devenv.exe	8	Afternoon
2021-09-13 11:57:03.626361	explorer.exe	8	Afternoon
2021-09-13 11:57:03.628336	explorer.exe	8	Afternoon
2021-09-13 11:57:03.709362	POWERPNT.EXE	8	Afternoon
2021-09-13 11:57:04.656665	explorer.exe	8	Afternoon
2021-09-13 11:57:04.673266	explorer.exe	8	Afternoon
2021-09-13 11:57:05.110743	msedge.exe	8	Afternoon
2021-09-13 11:57:07.961142	devenv.exe	8	Afternoon
2021-09-13 11:57:12.650294	msedge.exe	8	Afternoon
2021-09-13 11:58:45.326005	devenv.exe	8	Afternoon
2021-09-13 11:58:51.042436	explorer.exe	8	Afternoon
2021-09-13 11:58:51.092237	msedge.exe	8	Afternoon
2021-09-13 11:59:10.654461	POWERPNT.EXE	8	Afternoon
2021-09-13 11:59:11.781344	msedge.exe	8	Afternoon
2021-09-13 11:59:20.933102	explorer.exe	8	Afternoon
2021-09-13 11:59:21.171386	POWERPNT.EXE	8	Afternoon
2021-09-13 11:59:22.632212	explorer.exe	8	Afternoon
2021-09-13 11:59:22.778686	explorer.exe	8	Afternoon
2021-09-13 11:59:22.861689	msedge.exe	8	Afternoon
2021-09-13 11:59:24.480725	explorer.exe	8	Afternoon
2021-09-13 11:59:24.628176	explorer.exe	8	Afternoon
2021-09-13 11:59:24.696533	POWERPNT.EXE	8	Afternoon
2021-09-13 12:02:48.569225	explorer.exe	8	Afternoon
2021-09-13 12:02:48.798701	explorer.exe	8	Afternoon
2021-09-13 12:02:49.671694	devenv.exe	8	Afternoon
2021-09-13 12:03:06.524131	explorer.exe	8	Afternoon
2021-09-13 12:03:06.577849	POWERPNT.EXE	8	Afternoon
2021-09-13 12:03:07.437158	explorer.exe	8	Afternoon
2021-09-13 12:03:07.601213	explorer.exe	8	Afternoon
2021-09-13 12:03:08.191016	msedge.exe	8	Afternoon
2021-09-13 12:03:28.265903	explorer.exe	8	Afternoon
2021-09-13 12:03:29.557815	devenv.exe	8	Afternoon
2021-09-13 12:03:34.564330	explorer.exe	8	Afternoon
2021-09-13 12:03:34.735216	explorer.exe	8	Afternoon
2021-09-13 12:03:34.801619	msedge.exe	8	Afternoon
2021-09-13 12:03:45.603661	explorer.exe	8	Afternoon
2021-09-13 12:03:45.688619	devenv.exe	8	Afternoon
2021-09-13 12:04:17.673872	explorer.exe	8	Afternoon
2021-09-13 12:04:17.903351	explorer.exe	8	Afternoon
2021-09-13 12:04:17.906291	msedge.exe	8	Afternoon
2021-09-13 12:06:03.279430	devenv.exe	8	Afternoon
2021-09-13 12:06:06.384688	msedge.exe	8	Afternoon
2021-09-13 12:06:08.066225	devenv.exe	8	Afternoon
2021-09-13 12:06:11.968316	msedge.exe	8	Afternoon
2021-09-13 12:06:40.836587	explorer.exe	8	Afternoon
2021-09-13 12:06:40.937172	msedge.exe	8	Afternoon
2021-09-13 12:06:41.624631	explorer.exe	8	Afternoon
2021-09-13 12:06:41.806258	explorer.exe	8	Afternoon
2021-09-13 12:06:42.171465	devenv.exe	8	Afternoon
2021-09-13 12:07:44.612778	explorer.exe	8	Afternoon
2021-09-13 12:07:44.807101	explorer.exe	8	Afternoon
2021-09-13 12:07:44.877410	msedge.exe	8	Afternoon
2021-09-13 12:08:19.287317	explorer.exe	8	Afternoon
2021-09-13 12:08:19.393753	devenv.exe	8	Afternoon
2021-09-13 12:08:30.932080	explorer.exe	8	Afternoon
2021-09-13 12:08:31.105897	explorer.exe	8	Afternoon
2021-09-13 12:08:31.151792	msedge.exe	8	Afternoon
2021-09-13 12:13:07.624329	explorer.exe	8	Afternoon
2021-09-13 12:13:09.075421	ShellExperienceHost.exe	8	Afternoon
2021-09-13 12:13:10.869240	msedge.exe	8	Afternoon
2021-09-13 12:16:21.887287	TextLogger.exe	8	Afternoon
2021-09-13 12:16:22.610879	msedge.exe	8	Afternoon
2021-09-13 12:16:23.693826	POWERPNT.EXE	8	Afternoon
2021-09-13 12:16:53.389176	msedge.exe	8	Afternoon
2021-09-13 12:16:54.694778	POWERPNT.EXE	8	Afternoon
2021-09-13 12:16:55.418356	msedge.exe	8	Afternoon
2021-09-13 12:17:02.820215	POWERPNT.EXE	8	Afternoon
2021-09-13 12:17:32.111306	msedge.exe	8	Afternoon
2021-09-13 12:17:44.648589	explorer.exe	8	Afternoon
2021-09-13 12:17:44.819479	explorer.exe	8	Afternoon
2021-09-13 12:17:46.555696	msedge.exe	8	Afternoon
2021-09-13 12:17:48.166920	explorer.exe	8	Afternoon
2021-09-13 12:17:48.359289	explorer.exe	8	Afternoon
2021-09-13 12:17:48.906132	msedge.exe	8	Afternoon
2021-09-13 12:18:05.948029	explorer.exe	8	Afternoon
2021-09-13 12:18:08.985905	msedge.exe	8	Afternoon
2021-09-13 12:18:18.717698	POWERPNT.EXE	8	Afternoon
2021-09-13 12:18:20.368963	msedge.exe	8	Afternoon
2021-09-13 12:20:12.994566	explorer.exe	8	Afternoon
2021-09-13 12:20:13.170334	explorer.exe	8	Afternoon
2021-09-13 12:20:14.361666	devenv.exe	8	Afternoon
2021-09-13 12:21:06.945992	explorer.exe	8	Afternoon
2021-09-13 12:21:07.278980	msedge.exe	8	Afternoon
2021-09-13 12:21:52.420621	explorer.exe	8	Afternoon
2021-09-13 12:21:52.571976	explorer.exe	8	Afternoon
2021-09-13 12:21:53.938103	devenv.exe	8	Afternoon
2021-09-13 12:22:08.126645	explorer.exe	8	Afternoon
2021-09-13 12:22:08.283863	explorer.exe	8	Afternoon
2021-09-13 12:22:08.351243	msedge.exe	8	Afternoon
2021-09-13 12:22:10.319865	explorer.exe	8	Afternoon
2021-09-13 12:22:10.328673	devenv.exe	8	Afternoon
2021-09-13 12:23:17.258942	explorer.exe	8	Afternoon
2021-09-13 12:23:17.415181	explorer.exe	8	Afternoon
2021-09-13 12:23:17.564590	msedge.exe	8	Afternoon
2021-09-13 12:23:38.120888	explorer.exe	8	Afternoon
2021-09-13 12:23:38.289822	explorer.exe	8	Afternoon
2021-09-13 12:23:38.735106	devenv.exe	8	Afternoon
2021-09-13 12:23:44.554068	explorer.exe	8	Afternoon
2021-09-13 12:23:44.744486	explorer.exe	8	Afternoon
2021-09-13 12:23:45.180982	msedge.exe	8	Afternoon
2021-09-13 12:23:49.970715	POWERPNT.EXE	8	Afternoon
2021-09-13 12:25:02.940653	TextLogger.exe	8	Afternoon
2021-09-13 12:25:08.503773	POWERPNT.EXE	8	Afternoon
2021-09-13 12:25:45.404745	explorer.exe	8	Afternoon
2021-09-13 12:25:45.562926	explorer.exe	8	Afternoon
2021-09-13 12:25:46.094142	msedge.exe	8	Afternoon
2021-09-13 12:27:21.199382	explorer.exe	8	Afternoon
2021-09-13 12:27:22.212990	devenv.exe	8	Afternoon
2021-09-13 12:27:29.543574	explorer.exe	8	Afternoon
2021-09-13 12:27:29.710558	explorer.exe	8	Afternoon
2021-09-13 12:27:29.832633	msedge.exe	8	Afternoon
2021-09-13 12:27:32.038534	explorer.exe	8	Afternoon
2021-09-13 12:27:32.047322	devenv.exe	8	Afternoon
2021-09-13 12:27:39.633749	explorer.exe	8	Afternoon
2021-09-13 12:27:39.634727	explorer.exe	8	Afternoon
2021-09-13 12:27:39.781201	msedge.exe	8	Afternoon
2021-09-13 12:27:40.984248	explorer.exe	8	Afternoon
2021-09-13 12:27:41.122922	devenv.exe	8	Afternoon
2021-09-13 12:28:03.477926	explorer.exe	8	Afternoon
2021-09-13 12:28:03.480856	explorer.exe	8	Afternoon
2021-09-13 12:28:03.606824	msedge.exe	8	Afternoon
2021-09-13 12:28:32.891084	explorer.exe	8	Afternoon
2021-09-13 12:28:33.336370	devenv.exe	8	Afternoon
2021-09-13 12:29:55.610398	explorer.exe	8	Afternoon
2021-09-13 12:29:55.803746	explorer.exe	8	Afternoon
2021-09-13 12:29:55.942408	msedge.exe	8	Afternoon
2021-09-13 12:30:02.990785	explorer.exe	8	Afternoon
2021-09-13 12:30:02.991761	explorer.exe	8	Afternoon
2021-09-13 12:30:03.026918	devenv.exe	8	Afternoon
2021-09-13 12:30:16.918613	explorer.exe	8	Afternoon
2021-09-13 12:30:17.076797	explorer.exe	8	Afternoon
2021-09-13 12:30:17.111952	msedge.exe	8	Afternoon
2021-09-13 12:30:49.450715	explorer.exe	8	Afternoon
2021-09-13 12:30:49.610855	explorer.exe	8	Afternoon
2021-09-13 12:30:49.696779	devenv.exe	8	Afternoon
2021-09-13 12:31:16.836645	explorer.exe	8	Afternoon
2021-09-13 12:31:17.009491	explorer.exe	8	Afternoon
2021-09-13 12:31:17.056358	msedge.exe	8	Afternoon
2021-09-13 12:31:30.341639	devenv.exe	8	Afternoon
2021-09-13 12:31:35.588375	msedge.exe	8	Afternoon
2021-09-13 12:33:19.811198	explorer.exe	8	Afternoon
2021-09-13 12:33:19.979155	explorer.exe	8	Afternoon
2021-09-13 12:33:20.029931	devenv.exe	8	Afternoon
2021-09-13 12:34:34.124799	explorer.exe	8	Afternoon
2021-09-13 12:34:34.884515	msedge.exe	8	Afternoon
2021-09-13 12:34:47.257748	devenv.exe	8	Afternoon
2021-09-13 12:34:56.245455	msedge.exe	8	Afternoon
2021-09-13 12:35:50.594515	devenv.exe	8	Afternoon
2021-09-13 12:36:09.386298	explorer.exe	8	Afternoon
2021-09-13 12:36:09.438037	msedge.exe	8	Afternoon
2021-09-13 12:38:46.869242	POWERPNT.EXE	8	Afternoon
2021-09-13 12:38:58.201546	msedge.exe	8	Afternoon
2021-09-13 12:43:19.153572	devenv.exe	8	Afternoon
2021-09-13 12:43:33.718070	msedge.exe	8	Afternoon
2021-09-13 12:43:55.086819	explorer.exe	8	Afternoon
2021-09-13 12:43:55.788926	ShellExperienceHost.exe	8	Afternoon
2021-09-13 12:44:08.822270	msedge.exe	8	Afternoon
2021-09-13 12:47:11.308635	POWERPNT.EXE	8	Afternoon
2021-09-13 12:47:15.513447	msedge.exe	8	Afternoon
2021-09-13 12:47:16.612983	POWERPNT.EXE	8	Afternoon
2021-09-13 12:47:17.664675	msedge.exe	8	Afternoon
2021-09-13 12:47:23.868380	POWERPNT.EXE	8	Afternoon
2021-09-13 12:47:27.024436	msedge.exe	8	Afternoon
2021-09-13 12:47:28.007771	POWERPNT.EXE	8	Afternoon
2021-09-13 12:47:29.391464	msedge.exe	8	Afternoon
2021-09-13 12:54:45.913953	explorer.exe	8	Afternoon
2021-09-13 12:54:46.052616	explorer.exe	8	Afternoon
2021-09-13 12:54:47.101378	msedge.exe	8	Afternoon
2021-09-13 12:54:48.766308	POWERPNT.EXE	8	Afternoon
2021-09-13 12:55:05.695889	explorer.exe	8	Afternoon
2021-09-13 12:55:05.875568	explorer.exe	8	Afternoon
2021-09-13 12:55:06.423383	msedge.exe	8	Afternoon
2021-09-13 12:55:07.412578	explorer.exe	8	Afternoon
2021-09-13 12:55:08.044374	msedge.exe	8	Afternoon
2021-09-13 12:55:08.809951	explorer.exe	8	Afternoon
2021-09-13 12:55:08.931035	explorer.exe	8	Afternoon
2021-09-13 12:55:09.516934	POWERPNT.EXE	8	Afternoon
2021-09-13 12:55:18.469488	TextLogger.exe	8	Afternoon
2021-09-13 12:55:23.430107	POWERPNT.EXE	8	Afternoon
2021-09-13 12:55:25.048167	explorer.exe	8	Afternoon
2021-09-13 12:55:25.194642	explorer.exe	8	Afternoon
2021-09-13 12:55:25.373345	msedge.exe	8	Afternoon
2021-09-13 12:55:26.112555	explorer.exe	8	Afternoon
2021-09-13 12:55:26.236567	explorer.exe	8	Afternoon
2021-09-13 12:55:26.308828	POWERPNT.EXE	8	Afternoon
2021-09-13 12:55:27.243340	explorer.exe	8	Afternoon
2021-09-13 12:55:27.359541	explorer.exe	8	Afternoon
2021-09-13 12:55:28.211052	msedge.exe	8	Afternoon
2021-09-13 12:55:28.904365	explorer.exe	8	Afternoon
2021-09-13 12:55:28.979556	POWERPNT.EXE	8	Afternoon
2021-09-13 12:55:50.320003	explorer.exe	8	Afternoon
2021-09-13 12:55:50.453768	explorer.exe	8	Afternoon
2021-09-13 12:55:50.536769	msedge.exe	8	Afternoon
2021-09-13 12:55:52.028862	explorer.exe	8	Afternoon
2021-09-13 12:55:52.111865	POWERPNT.EXE	8	Afternoon
2021-09-13 12:55:58.624143	explorer.exe	8	Afternoon
2021-09-13 12:55:58.778430	explorer.exe	8	Afternoon
2021-09-13 12:56:00.111353	msedge.exe	8	Afternoon
2021-09-13 12:56:00.777327	explorer.exe	8	Afternoon
2021-09-13 12:56:00.891579	explorer.exe	8	Afternoon
2021-09-13 12:56:01.232374	POWERPNT.EXE	8	Afternoon
2021-09-13 12:56:01.765545	explorer.exe	8	Afternoon
2021-09-13 12:56:01.870033	explorer.exe	8	Afternoon
2021-09-13 12:56:04.764375	devenv.exe	8	Afternoon
2021-09-13 12:56:05.440112	explorer.exe	8	Afternoon
2021-09-13 12:56:05.569012	explorer.exe	8	Afternoon
2021-09-13 12:56:08.279787	msedge.exe	8	Afternoon
2021-09-13 12:56:08.934030	explorer.exe	8	Afternoon
2021-09-13 12:56:10.310897	msedge.exe	8	Afternoon
2021-09-13 13:00:50.324223	devenv.exe	8	Afternoon
2021-09-13 13:02:05.197391	explorer.exe	8	Afternoon
2021-09-13 13:02:05.391684	explorer.exe	8	Afternoon
2021-09-13 13:02:05.794982	msedge.exe	8	Afternoon
2021-09-13 13:02:40.338665	explorer.exe	8	Afternoon
2021-09-13 13:02:40.341598	explorer.exe	8	Afternoon
2021-09-13 13:02:40.731219	devenv.exe	8	Afternoon
2021-09-13 13:02:44.744644	msedge.exe	8	Afternoon
2021-09-13 13:02:48.754142	devenv.exe	8	Afternoon
2021-09-13 13:02:51.418035	POWERPNT.EXE	8	Afternoon
2021-09-13 13:03:00.299303	explorer.exe	8	Afternoon
2021-09-13 13:03:00.490717	explorer.exe	8	Afternoon
2021-09-13 13:03:00.605925	devenv.exe	8	Afternoon
2021-09-13 13:03:46.856869	explorer.exe	8	Afternoon
2021-09-13 13:03:46.956473	POWERPNT.EXE	8	Afternoon
2021-09-13 13:03:47.488664	explorer.exe	8	Afternoon
2021-09-13 13:03:47.919301	devenv.exe	8	Afternoon
2021-09-13 13:03:58.351252	explorer.exe	8	Afternoon
2021-09-13 13:03:58.549481	explorer.exe	8	Afternoon
2021-09-13 13:04:04.523713	devenv.exe	8	Afternoon
2021-09-13 13:06:43.860314	chrome.exe	8	Afternoon
2021-09-13 13:06:49.980043	devenv.exe	8	Afternoon
2021-09-13 13:06:53.987596	msedge.exe	8	Afternoon
2021-09-13 13:06:55.985514	chrome.exe	8	Afternoon
2021-09-13 13:07:33.063221	msedge.exe	8	Afternoon
2021-09-13 13:07:39.280593	explorer.exe	8	Afternoon
2021-09-13 13:07:39.542298	chrome.exe	8	Afternoon
2021-09-13 13:08:49.885453	msedge.exe	8	Afternoon
2021-09-13 13:08:55.985646	explorer.exe	8	Afternoon
2021-09-13 13:08:56.407493	explorer.exe	8	Afternoon
2021-09-13 13:15:59.837219	msedge.exe	9	Afternoon
2021-09-13 13:16:19.867961	POWERPNT.EXE	9	Afternoon
2021-09-13 13:16:20.689830	POWERPNT.EXE	9	Afternoon
2021-09-13 13:16:22.406066	POWERPNT.EXE	9	Afternoon
2021-09-13 13:16:23.568129	POWERPNT.EXE	9	Afternoon
2021-09-13 13:16:23.821014	POWERPNT.EXE	9	Afternoon
2021-09-13 13:16:23.938194	POWERPNT.EXE	9	Afternoon
2021-09-13 13:25:27.369362	TextLogger.exe	9	Afternoon
2021-09-13 13:25:33.728330	System Idle Process	9	Afternoon
2021-09-13 13:25:33.773248	POWERPNT.EXE	9	Afternoon
2021-09-13 13:27:37.115940	POWERPNT.EXE	9	Afternoon
2021-09-13 13:27:40.011262	POWERPNT.EXE	9	Afternoon
2021-09-13 13:28:39.422445	explorer.exe	9	Afternoon
2021-09-13 13:28:45.054914	msedge.exe	9	Afternoon
2021-09-13 13:29:06.266428	msedge.exe	9	Afternoon
2021-09-13 13:29:10.537651	msedge.exe	9	Afternoon
2021-09-13 13:30:14.448603	explorer.exe	9	Afternoon
2021-09-13 13:30:14.948555	POWERPNT.EXE	9	Afternoon
2021-09-13 13:31:12.102125	msedge.exe	9	Afternoon
2021-09-13 13:31:30.404666	explorer.exe	9	Afternoon
2021-09-13 13:31:30.540397	POWERPNT.EXE	9	Afternoon
2021-09-13 13:34:00.558150	msedge.exe	9	Afternoon
2021-09-13 13:37:56.683627	IDMan.exe	9	Afternoon
2021-09-13 13:37:58.291931	msedge.exe	9	Afternoon
2021-09-13 13:37:58.433514	IDMan.exe	9	Afternoon
2021-09-13 13:38:00.859140	msedge.exe	9	Afternoon
2021-09-13 13:38:01.966498	explorer.exe	9	Afternoon
2021-09-13 13:38:09.823409	msedge.exe	9	Afternoon
2021-09-13 13:38:13.048927	vlc.exe	9	Afternoon
2021-09-13 13:39:48.423047	msedge.exe	10	Afternoon
2021-09-13 13:39:58.607956	vlc.exe	10	Afternoon
2021-09-13 13:40:02.963214	msedge.exe	10	Afternoon
2021-09-13 13:40:13.844025	vlc.exe	10	Afternoon
2021-09-13 13:40:16.313388	msedge.exe	10	Afternoon
2021-09-13 13:40:27.514748	vlc.exe	10	Afternoon
2021-09-13 13:41:05.451535	msedge.exe	10	Afternoon
2021-09-13 13:41:19.120582	IDMan.exe	10	Afternoon
2021-09-13 13:41:23.081268	msedge.exe	10	Afternoon
2021-09-13 13:41:29.692170	explorer.exe	10	Afternoon
2021-09-13 13:41:32.909740	WinRAR.exe	10	Afternoon
2021-09-13 13:41:35.504315	vlc.exe	10	Afternoon
2021-09-13 13:44:00.622921	WinRAR.exe	11	Afternoon
2021-09-13 13:44:02.143330	explorer.exe	11	Afternoon
2021-09-13 13:44:04.248665	msedge.exe	11	Afternoon
2021-09-13 13:45:17.448084	explorer.exe	11	Afternoon
2021-09-13 13:45:18.403101	ShellExperienceHost.exe	11	Afternoon
2021-09-13 13:45:21.068490	msedge.exe	11	Afternoon
2021-09-13 13:49:01.091517	explorer.exe	9	Afternoon
2021-09-13 13:49:01.236563	explorer.exe	9	Afternoon
2021-09-13 13:49:02.254080	msedge.exe	9	Afternoon
2021-09-13 13:49:03.179800	explorer.exe	9	Afternoon
2021-09-13 13:49:03.319439	explorer.exe	9	Afternoon
2021-09-13 13:49:04.980465	explorer.exe	9	Afternoon
2021-09-13 13:49:14.171283	msedge.exe	9	Afternoon
2021-09-13 13:49:45.300150	explorer.exe	9	Afternoon
2021-09-13 13:49:45.468135	explorer.exe	9	Afternoon
2021-09-13 13:49:48.152507	msedge.exe	9	Afternoon
2021-09-13 13:49:49.743224	explorer.exe	9	Afternoon
2021-09-13 13:50:29.362179	msedge.exe	9	Afternoon
2021-09-13 13:50:58.085925	explorer.exe	9	Afternoon
2021-09-13 13:51:01.627692	msedge.exe	9	Afternoon
2021-09-13 13:51:09.421137	devenv.exe	9	Afternoon
2021-09-13 13:51:12.199278	msedge.exe	9	Afternoon
2021-09-13 13:51:37.559966	devenv.exe	9	Afternoon
2021-09-13 13:51:41.466935	explorer.exe	9	Afternoon
2021-09-13 13:53:14.894496	WinRAR.exe	9	Afternoon
2021-09-13 13:53:26.514894	explorer.exe	9	Afternoon
2021-09-13 13:53:29.482441	WinRAR.exe	9	Afternoon
2021-09-13 13:53:49.715508	explorer.exe	9	Afternoon
2021-09-13 13:53:50.883538	explorer.exe	9	Afternoon
2021-09-13 13:54:32.288628	explorer.exe	10	Afternoon
2021-09-13 13:55:04.645933	explorer.exe	10	Afternoon
2021-09-13 13:55:05.208396	ShellExperienceHost.exe	10	Afternoon
2021-09-13 13:55:06.822552	explorer.exe	10	Afternoon
2021-09-13 13:55:40.242287	TextLogger.exe	10	Afternoon
2021-09-13 13:55:45.858137	explorer.exe	10	Afternoon
2021-09-13 13:55:52.041336	explorer.exe	10	Afternoon
2021-09-13 13:55:52.107737	devenv.exe	10	Afternoon
2021-09-13 13:56:15.752708	dwm.exe	10	Afternoon
2021-09-13 13:56:16.945028	devenv.exe	10	Afternoon
2021-09-13 13:57:02.204814	msedge.exe	10	Afternoon
2021-09-13 13:58:18.322014	explorer.exe	10	Afternoon
2021-09-13 13:58:18.366931	devenv.exe	10	Afternoon
2021-09-13 13:58:28.688605	dwm.exe	10	Afternoon
2021-09-13 13:58:35.092490	devenv.exe	10	Afternoon
2021-09-13 13:58:47.485281	msedge.exe	10	Afternoon
2021-09-13 14:00:26.348062	devenv.exe	10	Afternoon
2021-09-13 14:05:06.145599	explorer.exe	10	Afternoon
2021-09-13 14:05:07.083024	POWERPNT.EXE	10	Afternoon
2021-09-13 14:06:27.723373	devenv.exe	10	Afternoon
2021-09-13 14:06:30.301331	explorer.exe	10	Afternoon
2021-09-13 14:06:30.404842	POWERPNT.EXE	10	Afternoon
2021-09-13 14:09:01.195969	devenv.exe	10	Afternoon
2021-09-13 14:09:02.985912	POWERPNT.EXE	10	Afternoon
2021-09-13 14:09:04.033681	Ssms.exe	10	Afternoon
2021-09-13 14:09:31.377632	explorer.exe	10	Afternoon
2021-09-13 14:09:31.509459	explorer.exe	10	Afternoon
2021-09-13 14:09:31.580750	POWERPNT.EXE	10	Afternoon
2021-09-13 14:09:47.096354	explorer.exe	10	Afternoon
2021-09-13 14:09:47.249674	explorer.exe	10	Afternoon
2021-09-13 14:09:47.796503	Ssms.exe	10	Afternoon
2021-09-13 14:11:05.271036	explorer.exe	10	Afternoon
2021-09-13 14:11:05.430207	explorer.exe	10	Afternoon
2021-09-13 14:11:05.863773	POWERPNT.EXE	10	Afternoon
2021-09-13 14:11:09.271757	explorer.exe	10	Afternoon
2021-09-13 14:11:09.426043	explorer.exe	10	Afternoon
2021-09-13 14:11:09.491469	Ssms.exe	10	Afternoon
2021-09-13 14:11:19.190074	explorer.exe	10	Afternoon
2021-09-13 14:11:19.365839	explorer.exe	10	Afternoon
2021-09-13 14:11:19.376604	POWERPNT.EXE	10	Afternoon
2021-09-13 14:11:22.684962	explorer.exe	10	Afternoon
2021-09-13 14:11:22.697656	explorer.exe	10	Afternoon
2021-09-13 14:11:22.814836	Ssms.exe	10	Afternoon
2021-09-13 14:11:36.142109	explorer.exe	10	Afternoon
2021-09-13 14:11:36.328619	POWERPNT.EXE	10	Afternoon
2021-09-13 14:11:43.613308	explorer.exe	10	Afternoon
2021-09-13 14:11:43.783222	explorer.exe	10	Afternoon
2021-09-13 14:11:43.889658	Ssms.exe	10	Afternoon
2021-09-13 14:12:55.525698	explorer.exe	10	Afternoon
2021-09-13 14:12:55.728836	explorer.exe	10	Afternoon
2021-09-13 14:12:56.390876	POWERPNT.EXE	10	Afternoon
2021-09-13 14:14:00.499080	explorer.exe	10	Afternoon
2021-09-13 14:14:00.683642	explorer.exe	10	Afternoon
2021-09-13 14:14:00.766639	Ssms.exe	10	Afternoon
2021-09-13 14:14:02.887599	explorer.exe	10	Afternoon
2021-09-13 14:14:03.063370	explorer.exe	10	Afternoon
2021-09-13 14:14:03.096570	POWERPNT.EXE	10	Afternoon
2021-09-13 14:14:05.039805	explorer.exe	10	Afternoon
2021-09-13 14:14:05.251705	explorer.exe	10	Afternoon
2021-09-13 14:14:05.318107	Ssms.exe	10	Afternoon
2021-09-13 14:14:15.564521	explorer.exe	10	Afternoon
2021-09-13 14:14:15.699280	POWERPNT.EXE	10	Afternoon
2021-09-13 14:14:19.868934	explorer.exe	10	Afternoon
2021-09-13 14:14:20.013456	explorer.exe	10	Afternoon
2021-09-13 14:14:20.194117	Ssms.exe	10	Afternoon
2021-09-13 14:14:34.118021	explorer.exe	10	Afternoon
2021-09-13 14:14:34.258638	explorer.exe	10	Afternoon
2021-09-13 14:14:34.334804	POWERPNT.EXE	10	Afternoon
2021-09-13 14:14:35.529063	explorer.exe	10	Afternoon
2021-09-13 14:14:35.679446	explorer.exe	10	Afternoon
2021-09-13 14:14:35.773190	Ssms.exe	10	Afternoon
2021-09-13 14:14:42.477839	explorer.exe	10	Afternoon
2021-09-13 14:14:42.620423	explorer.exe	10	Afternoon
2021-09-13 14:14:42.699504	POWERPNT.EXE	10	Afternoon
2021-09-13 14:14:43.437737	explorer.exe	10	Afternoon
2021-09-13 14:14:43.587154	explorer.exe	10	Afternoon
2021-09-13 14:14:43.639874	Ssms.exe	10	Afternoon
2021-09-13 14:14:48.714742	explorer.exe	10	Afternoon
2021-09-13 14:14:48.910042	explorer.exe	10	Afternoon
2021-09-13 14:14:48.920785	POWERPNT.EXE	10	Afternoon
2021-09-13 14:14:51.073968	explorer.exe	10	Afternoon
2021-09-13 14:14:51.213607	explorer.exe	10	Afternoon
2021-09-13 14:14:51.336646	Ssms.exe	10	Afternoon
2021-09-13 14:22:58.401177	msedge.exe	9	Afternoon
2021-09-13 14:23:00.047554	Ssms.exe	9	Afternoon
2021-09-13 14:23:21.560824	explorer.exe	9	Afternoon
2021-09-13 14:23:21.700464	explorer.exe	9	Afternoon
2021-09-13 14:23:22.683800	Ssms.exe	9	Afternoon
2021-09-13 14:24:55.253081	POWERPNT.EXE	9	Afternoon
2021-09-13 14:24:57.548826	Ssms.exe	9	Afternoon
2021-09-13 14:25:20.813951	POWERPNT.EXE	9	Afternoon
2021-09-13 14:25:35.830553	Ssms.exe	9	Afternoon
2021-09-13 14:25:49.150014	TextLogger.exe	9	Afternoon
2021-09-13 14:25:53.947558	Ssms.exe	9	Afternoon
2021-09-13 14:26:14.670838	msedge.exe	9	Afternoon
2021-09-13 14:26:16.284045	Ssms.exe	9	Afternoon
2021-09-13 14:26:17.157007	POWERPNT.EXE	9	Afternoon
2021-09-13 14:27:37.997538	explorer.exe	9	Afternoon
2021-09-13 14:27:38.142065	explorer.exe	9	Afternoon
2021-09-13 14:27:38.774832	Ssms.exe	9	Afternoon
2021-09-13 14:28:06.082653	ShellExperienceHost.exe	9	Afternoon
2021-09-13 14:28:07.649934	POWERPNT.EXE	9	Afternoon
2021-09-13 14:29:32.750934	explorer.exe	10	Afternoon
2021-09-13 14:29:32.889609	explorer.exe	10	Afternoon
2021-09-13 14:29:33.588774	Ssms.exe	10	Afternoon
2021-09-13 14:30:02.180701	explorer.exe	10	Afternoon
2021-09-13 14:30:02.308612	explorer.exe	10	Afternoon
2021-09-13 14:30:02.674800	POWERPNT.EXE	10	Afternoon
2021-09-13 14:30:04.023348	explorer.exe	10	Afternoon
2021-09-13 14:30:04.177635	explorer.exe	10	Afternoon
2021-09-13 14:30:04.204976	Ssms.exe	10	Afternoon
2021-09-13 14:30:06.634507	explorer.exe	10	Afternoon
2021-09-13 14:30:06.807346	explorer.exe	10	Afternoon
2021-09-13 14:30:06.833715	POWERPNT.EXE	10	Afternoon
2021-09-13 14:30:14.633022	explorer.exe	10	Afternoon
2021-09-13 14:30:14.782423	explorer.exe	10	Afternoon
2021-09-13 14:30:14.821485	Ssms.exe	10	Afternoon
2021-09-13 14:30:58.671216	explorer.exe	10	Afternoon
2021-09-13 14:30:58.844056	explorer.exe	10	Afternoon
2021-09-13 14:31:00.331267	msedge.exe	10	Afternoon
2021-09-13 14:31:05.390513	explorer.exe	10	Afternoon
2021-09-13 14:31:05.538942	explorer.exe	10	Afternoon
2021-09-13 14:31:06.598444	Ssms.exe	10	Afternoon
2021-09-13 14:33:57.059212	POWERPNT.EXE	10	Afternoon
2021-09-13 14:37:00.665633	explorer.exe	10	Afternoon
2021-09-13 14:37:00.866783	explorer.exe	10	Afternoon
2021-09-13 14:37:01.464405	Ssms.exe	10	Afternoon
2021-09-13 14:37:31.352137	explorer.exe	10	Afternoon
2021-09-13 14:37:31.507403	explorer.exe	10	Afternoon
2021-09-13 14:37:31.719302	POWERPNT.EXE	10	Afternoon
2021-09-13 14:38:01.098281	msedge.exe	10	Afternoon
2021-09-13 14:38:06.197575	Ssms.exe	10	Afternoon
2021-09-13 14:38:06.914316	msedge.exe	10	Afternoon
2021-09-13 14:38:11.775330	devenv.exe	10	Afternoon
2021-09-13 14:38:14.227323	Ssms.exe	10	Afternoon
2021-09-13 14:38:16.108062	msedge.exe	10	Afternoon
2021-09-13 14:38:16.798447	Ssms.exe	10	Afternoon
2021-09-13 14:38:18.479982	POWERPNT.EXE	10	Afternoon
2021-09-13 14:39:05.707427	msedge.exe	10	Afternoon
2021-09-13 14:39:12.615188	devenv.exe	10	Afternoon
2021-09-13 14:39:14.989060	msedge.exe	10	Afternoon
2021-09-13 14:39:59.724477	explorer.exe	10	Afternoon
2021-09-13 14:40:02.140340	POWERPNT.EXE	10	Afternoon
2021-09-13 14:40:09.536349	Ssms.exe	10	Afternoon
2021-09-13 14:40:31.624779	ShellExperienceHost.exe	10	Afternoon
2021-09-13 14:40:33.560203	Ssms.exe	10	Afternoon
2021-09-13 14:40:33.834599	ScreenClippingHost.exe	10	Afternoon
2021-09-13 14:40:38.670229	Ssms.exe	10	Afternoon
2021-09-13 14:40:48.078070	explorer.exe	10	Afternoon
2021-09-13 14:40:48.237238	explorer.exe	10	Afternoon
2021-09-13 14:40:48.640533	POWERPNT.EXE	10	Afternoon
2021-09-13 14:40:53.788651	explorer.exe	10	Afternoon
2021-09-13 14:40:53.964408	explorer.exe	10	Afternoon
2021-09-13 14:40:53.976127	Ssms.exe	10	Afternoon
2021-09-13 14:40:58.046194	explorer.exe	10	Afternoon
2021-09-13 14:40:58.236597	explorer.exe	10	Afternoon
2021-09-13 14:40:58.268821	POWERPNT.EXE	10	Afternoon
2021-09-13 14:41:00.390757	explorer.exe	10	Afternoon
2021-09-13 14:41:00.415170	explorer.exe	10	Afternoon
2021-09-13 14:41:00.509890	Ssms.exe	10	Afternoon
2021-09-13 14:42:34.066852	POWERPNT.EXE	10	Afternoon
2021-09-13 14:42:35.919272	Ssms.exe	10	Afternoon
2021-09-13 14:42:37.306879	POWERPNT.EXE	10	Afternoon
2021-09-13 14:42:41.642555	Ssms.exe	10	Afternoon
2021-09-13 14:42:43.137563	POWERPNT.EXE	10	Afternoon
2021-09-13 14:42:48.403835	Ssms.exe	10	Afternoon
2021-09-13 14:42:49.086412	POWERPNT.EXE	10	Afternoon
2021-09-13 14:43:00.693080	Ssms.exe	10	Afternoon
2021-09-13 14:43:04.566854	POWERPNT.EXE	10	Afternoon
2021-09-13 14:43:21.118529	Ssms.exe	10	Afternoon
2021-09-13 14:43:46.277081	msedge.exe	10	Afternoon
2021-09-13 14:43:46.936212	Ssms.exe	10	Afternoon
2021-09-13 14:43:48.930224	POWERPNT.EXE	10	Afternoon
2021-09-13 14:44:00.314262	Ssms.exe	10	Afternoon
2021-09-13 14:46:18.102319	explorer.exe	10	Afternoon
2021-09-13 14:46:18.221451	explorer.exe	10	Afternoon
2021-09-13 14:46:19.280955	POWERPNT.EXE	10	Afternoon
2021-09-13 14:46:22.305175	explorer.exe	10	Afternoon
2021-09-13 14:46:22.487783	explorer.exe	10	Afternoon
2021-09-13 14:46:22.548322	Ssms.exe	10	Afternoon
2021-09-13 14:48:41.073638	explorer.exe	10	Afternoon
2021-09-13 14:48:41.190816	explorer.exe	10	Afternoon
2021-09-13 14:48:43.033472	devenv.exe	10	Afternoon
2021-09-13 14:55:36.383280	Ssms.exe	10	Afternoon
2021-09-13 14:56:00.066334	TextLogger.exe	10	Afternoon
2021-09-13 14:56:06.397962	Ssms.exe	10	Afternoon
2021-09-13 14:56:30.445250	explorer.exe	10	Afternoon
2021-09-13 14:56:30.589773	explorer.exe	10	Afternoon
2021-09-13 14:56:31.172741	devenv.exe	10	Afternoon
2021-09-13 14:57:24.799193	explorer.exe	10	Afternoon
2021-09-13 14:57:24.976917	explorer.exe	10	Afternoon
2021-09-13 14:57:25.839167	Ssms.exe	10	Afternoon
2021-09-13 15:02:55.940107	explorer.exe	10	Afternoon
2021-09-13 15:02:56.075840	explorer.exe	10	Afternoon
2021-09-13 15:02:57.433176	devenv.exe	10	Afternoon
2021-09-13 15:05:49.796179	Ssms.exe	10	Afternoon
2021-09-13 15:05:53.621130	devenv.exe	10	Afternoon
2021-09-13 15:06:08.147531	explorer.exe	10	Afternoon
2021-09-13 15:06:08.294007	explorer.exe	10	Afternoon
2021-09-13 15:06:08.392633	Ssms.exe	10	Afternoon
2021-09-13 15:06:11.076056	explorer.exe	10	Afternoon
2021-09-13 15:06:11.109256	devenv.exe	10	Afternoon
2021-09-13 15:07:15.085631	explorer.exe	10	Afternoon
2021-09-13 15:07:15.226248	explorer.exe	10	Afternoon
2021-09-13 15:07:17.423372	msedge.exe	10	Afternoon
2021-09-13 15:07:50.869472	explorer.exe	10	Afternoon
2021-09-13 15:07:51.890893	devenv.exe	10	Afternoon
2021-09-13 15:08:57.860302	explorer.exe	9	Afternoon
2021-09-13 15:08:58.031190	explorer.exe	9	Afternoon
2021-09-13 15:08:58.245045	msedge.exe	9	Afternoon
2021-09-13 15:09:00.051587	explorer.exe	9	Afternoon
2021-09-13 15:09:00.191215	explorer.exe	9	Afternoon
2021-09-13 15:09:00.364050	devenv.exe	9	Afternoon
2021-09-13 15:09:09.428898	explorer.exe	9	Afternoon
2021-09-13 15:09:09.579279	explorer.exe	9	Afternoon
2021-09-13 15:09:09.749206	msedge.exe	9	Afternoon
2021-09-13 15:09:10.679793	explorer.exe	9	Afternoon
2021-09-13 15:09:10.889742	devenv.exe	9	Afternoon
2021-09-13 15:10:25.559768	msedge.exe	9	Afternoon
2021-09-13 15:13:06.767223	explorer.exe	9	Afternoon
2021-09-13 15:13:06.915653	explorer.exe	9	Afternoon
2021-09-13 15:13:07.565035	devenv.exe	9	Afternoon
2021-09-13 15:13:52.997691	msedge.exe	10	Afternoon
2021-09-13 15:14:53.436178	explorer.exe	10	Afternoon
2021-09-13 15:14:53.569958	explorer.exe	10	Afternoon
2021-09-13 15:14:54.063089	devenv.exe	10	Afternoon
2021-09-13 15:40:17.670779	TextLogger.exe	11	Afternoon
2021-09-13 15:40:22.909702	devenv.exe	11	Afternoon
2021-09-13 15:43:02.647065	msedge.exe	11	Afternoon
2021-09-13 15:44:51.326630	explorer.exe	10	Afternoon
2021-09-13 15:44:51.452599	explorer.exe	10	Afternoon
2021-09-13 15:44:52.043381	devenv.exe	10	Afternoon
2021-09-13 15:46:08.713279	explorer.exe	10	Afternoon
2021-09-13 15:46:09.607753	ShellExperienceHost.exe	10	Afternoon
2021-09-13 15:46:10.922121	devenv.exe	10	Afternoon
2021-09-13 15:47:01.607353	explorer.exe	10	Afternoon
2021-09-13 15:47:01.719652	ShellExperienceHost.exe	10	Afternoon
2021-09-13 15:47:03.338689	explorer.exe	10	Afternoon
2021-09-13 15:47:10.827467	devenv.exe	10	Afternoon
2021-09-13 15:48:50.179507	msedge.exe	10	Afternoon
2021-09-13 15:49:59.725836	explorer.exe	11	Afternoon
2021-09-13 15:50:02.439529	devenv.exe	11	Afternoon
2021-09-13 16:01:38.609814	POWERPNT.EXE	11	Evening
2021-09-13 16:02:12.874909	explorer.exe	11	Evening
2021-09-13 16:02:13.981284	devenv.exe	11	Evening
2021-09-13 16:02:22.906507	Ssms.exe	11	Evening
2021-09-13 16:04:03.671751	POWERPNT.EXE	11	Evening
2021-09-13 16:04:20.969472	Ssms.exe	11	Evening
2021-09-13 16:08:19.462812	explorer.exe	11	Evening
2021-09-13 16:08:19.625889	explorer.exe	11	Evening
2021-09-13 16:08:20.506691	devenv.exe	11	Evening
2021-09-13 16:10:28.117664	TextLogger.exe	11	Evening
2021-09-13 16:10:34.640686	devenv.exe	11	Evening
2021-09-13 16:11:21.556627	explorer.exe	11	Evening
2021-09-13 16:11:21.715795	explorer.exe	11	Evening
2021-09-13 16:11:22.231406	Ssms.exe	11	Evening
2021-09-13 16:11:28.652851	explorer.exe	11	Evening
2021-09-13 16:11:28.818858	explorer.exe	11	Evening
2021-09-13 16:11:29.136219	devenv.exe	11	Evening
2021-09-13 16:11:30.852905	explorer.exe	11	Evening
2021-09-13 16:11:30.979851	explorer.exe	11	Evening
2021-09-13 16:11:31.073596	Ssms.exe	11	Evening
2021-09-13 16:11:34.087074	explorer.exe	11	Evening
2021-09-13 16:11:34.218901	explorer.exe	11	Evening
2021-09-13 16:11:34.285302	devenv.exe	11	Evening
2021-09-13 16:11:38.221574	explorer.exe	11	Evening
2021-09-13 16:11:38.372943	explorer.exe	11	Evening
2021-09-13 16:11:38.430547	Ssms.exe	11	Evening
2021-09-13 16:11:40.412841	explorer.exe	11	Evening
2021-09-13 16:11:40.570071	explorer.exe	11	Evening
2021-09-13 16:11:40.674544	devenv.exe	11	Evening
2021-09-13 16:12:05.943433	POWERPNT.EXE	11	Evening
2021-09-13 16:12:10.419709	devenv.exe	11	Evening
2021-09-13 16:12:11.933286	POWERPNT.EXE	11	Evening
2021-09-13 16:12:14.720215	devenv.exe	11	Evening
2021-09-13 16:12:25.690216	POWERPNT.EXE	11	Evening
2021-09-13 16:12:30.512193	msedge.exe	11	Evening
2021-09-13 16:12:33.951408	POWERPNT.EXE	11	Evening
2021-09-13 16:12:38.881756	devenv.exe	11	Evening
2021-09-13 16:12:47.589203	POWERPNT.EXE	11	Evening
2021-09-13 16:12:48.724888	devenv.exe	11	Evening
2021-09-13 16:12:56.341575	POWERPNT.EXE	11	Evening
2021-09-13 16:12:58.822861	devenv.exe	11	Evening
2021-09-13 16:13:00.069854	POWERPNT.EXE	11	Evening
2021-09-13 16:13:02.079568	devenv.exe	11	Evening
2021-09-13 16:13:23.678877	explorer.exe	11	Evening
2021-09-13 16:13:23.851716	explorer.exe	11	Evening
2021-09-13 16:13:24.489372	POWERPNT.EXE	11	Evening
2021-09-13 16:13:26.715791	explorer.exe	11	Evening
2021-09-13 16:13:26.867167	explorer.exe	11	Evening
2021-09-13 16:13:26.878887	devenv.exe	11	Evening
2021-09-13 16:14:56.593827	POWERPNT.EXE	11	Evening
2021-09-13 16:14:59.000900	devenv.exe	11	Evening
2021-09-13 16:18:25.372955	msedge.exe	11	Evening
2021-09-13 16:18:31.737795	explorer.exe	11	Evening
2021-09-13 16:18:34.010100	devenv.exe	11	Evening
2021-09-13 16:18:36.960106	explorer.exe	11	Evening
2021-09-13 16:18:37.063616	devenv.exe	11	Evening
2021-09-13 16:18:39.684540	msedge.exe	11	Evening
2021-09-13 16:21:40.064598	explorer.exe	10	Evening
2021-09-13 16:21:40.274557	explorer.exe	10	Evening
2021-09-13 16:21:43.172828	devenv.exe	10	Evening
2021-09-13 16:22:11.836002	explorer.exe	10	Evening
2021-09-13 16:22:12.006889	explorer.exe	10	Evening
2021-09-13 16:22:13.035147	msedge.exe	10	Evening
2021-09-13 16:22:14.014599	explorer.exe	10	Evening
2021-09-13 16:22:14.137611	explorer.exe	10	Evening
2021-09-13 16:22:14.173743	devenv.exe	10	Evening
2021-09-13 16:22:15.600421	explorer.exe	10	Evening
2021-09-13 16:22:15.610174	explorer.exe	10	Evening
2021-09-13 16:22:15.690248	msedge.exe	10	Evening
2021-09-13 16:22:50.274947	explorer.exe	10	Evening
2021-09-13 16:22:50.310101	devenv.exe	10	Evening
2021-09-13 16:23:18.211654	explorer.exe	10	Evening
2021-09-13 16:23:18.403032	explorer.exe	10	Evening
2021-09-13 16:23:18.438185	msedge.exe	10	Evening
2021-09-13 16:23:58.268645	explorer.exe	10	Evening
2021-09-13 16:23:58.460037	explorer.exe	10	Evening
2021-09-13 16:23:58.465896	devenv.exe	10	Evening
2021-09-13 16:24:46.962800	explorer.exe	10	Evening
2021-09-13 16:24:47.149304	explorer.exe	10	Evening
2021-09-13 16:24:47.667840	msedge.exe	10	Evening
2021-09-13 16:28:11.667100	explorer.exe	10	Evening
2021-09-13 16:28:11.669054	explorer.exe	10	Evening
2021-09-13 16:28:12.938504	devenv.exe	10	Evening
2021-09-13 16:28:36.694796	explorer.exe	10	Evening
2021-09-13 16:28:36.897914	explorer.exe	10	Evening
2021-09-13 16:28:37.528730	msedge.exe	10	Evening
2021-09-13 16:28:55.151621	devenv.exe	10	Evening
2021-09-13 16:29:01.242052	explorer.exe	10	Evening
2021-09-13 16:29:01.415873	explorer.exe	10	Evening
2021-09-13 16:29:01.860178	msedge.exe	10	Evening
2021-09-13 16:29:03.513392	explorer.exe	10	Evening
2021-09-13 16:29:03.677443	explorer.exe	10	Evening
2021-09-13 16:29:03.727245	devenv.exe	10	Evening
2021-09-13 16:30:23.852001	explorer.exe	10	Evening
2021-09-13 16:30:24.002381	explorer.exe	10	Evening
2021-09-13 16:30:24.295330	msedge.exe	10	Evening
2021-09-13 16:30:41.825458	explorer.exe	10	Evening
2021-09-13 16:30:41.976817	explorer.exe	10	Evening
2021-09-13 16:30:42.413313	msedge.exe	10	Evening
2021-09-13 16:30:42.965035	explorer.exe	10	Evening
2021-09-13 16:30:43.107603	explorer.exe	10	Evening
2021-09-13 16:30:43.994265	devenv.exe	10	Evening
2021-09-13 16:31:04.626733	explorer.exe	10	Evening
2021-09-13 16:31:04.641382	explorer.exe	10	Evening
2021-09-13 16:31:04.712667	msedge.exe	10	Evening
2021-09-13 16:31:35.182397	explorer.exe	10	Evening
2021-09-13 16:31:35.354259	explorer.exe	10	Evening
2021-09-13 16:31:36.256546	devenv.exe	10	Evening
2021-09-13 16:32:00.673928	explorer.exe	10	Evening
2021-09-13 16:32:00.840910	explorer.exe	10	Evening
2021-09-13 16:32:00.931725	msedge.exe	10	Evening
2021-09-13 16:32:07.198900	explorer.exe	10	Evening
2021-09-13 16:32:07.359046	explorer.exe	10	Evening
2021-09-13 16:32:07.397131	devenv.exe	10	Evening
2021-09-13 16:32:39.189042	explorer.exe	10	Evening
2021-09-13 16:32:39.338444	explorer.exe	10	Evening
2021-09-13 16:32:39.490805	msedge.exe	10	Evening
2021-09-13 16:32:51.084764	explorer.exe	10	Evening
2021-09-13 16:32:51.397244	devenv.exe	10	Evening
2021-09-13 16:33:29.724097	msedge.exe	10	Evening
2021-09-13 16:34:40.935636	WINWORD.EXE	9	Evening
2021-09-13 16:34:59.751805	WINWORD.EXE	9	Evening
2021-09-13 16:35:18.526973	WINWORD.EXE	9	Evening
2021-09-13 16:35:20.646961	WINWORD.EXE	9	Evening
2021-09-13 16:40:40.413593	TextLogger.exe	11	Evening
2021-09-13 16:40:44.843973	WINWORD.EXE	11	Evening
2021-09-13 16:42:00.226844	explorer.exe	11	Evening
2021-09-13 16:42:00.419213	explorer.exe	11	Evening
2021-09-13 16:42:01.157448	msedge.exe	11	Evening
2021-09-13 16:42:41.306246	WINWORD.EXE	11	Evening
2021-09-13 16:43:02.563686	explorer.exe	11	Evening
2021-09-13 16:44:11.917633	msedge.exe	11	Evening
2021-09-13 16:44:56.263430	WINWORD.EXE	11	Evening
2021-09-13 16:48:03.077180	msedge.exe	11	Evening
2021-09-13 16:48:16.695449	WinRAR.exe	11	Evening
2021-09-13 16:48:18.556657	msedge.exe	11	Evening
2021-09-13 16:48:55.940984	devenv.exe	9	Evening
2021-09-13 16:48:58.867556	msedge.exe	9	Evening
2021-09-13 16:49:03.463952	explorer.exe	9	Evening
2021-09-13 16:49:03.470775	explorer.exe	9	Evening
2021-09-13 16:49:03.684630	msedge.exe	9	Evening
2021-09-13 16:49:04.697260	explorer.exe	9	Evening
2021-09-13 16:49:04.828112	explorer.exe	9	Evening
2021-09-13 16:49:06.095608	explorer.exe	9	Evening
2021-09-13 16:49:06.107326	devenv.exe	9	Evening
2021-09-13 16:52:38.097663	explorer.exe	9	Evening
2021-09-13 16:52:38.258787	explorer.exe	9	Evening
2021-09-13 16:52:39.609303	msedge.exe	9	Evening
2021-09-13 16:52:43.138357	explorer.exe	9	Evening
2021-09-13 16:52:43.656880	devenv.exe	9	Evening
2021-09-13 16:52:56.354306	msedge.exe	9	Evening
2021-09-13 16:55:50.294166	explorer.exe	10	Evening
2021-09-13 16:55:50.428923	explorer.exe	10	Evening
2021-09-13 16:55:51.576310	devenv.exe	10	Evening
2021-09-13 16:56:02.345152	explorer.exe	10	Evening
2021-09-13 16:56:02.347105	explorer.exe	10	Evening
2021-09-13 16:56:02.421318	msedge.exe	10	Evening
2021-09-13 16:56:58.733144	explorer.exe	10	Evening
2021-09-13 16:56:59.228231	devenv.exe	10	Evening
2021-09-13 16:57:22.777503	explorer.exe	10	Evening
2021-09-13 16:57:22.936721	explorer.exe	10	Evening
2021-09-13 16:57:23.432745	msedge.exe	10	Evening
2021-09-13 16:57:50.162471	WINWORD.EXE	10	Evening
2021-09-13 16:57:54.778387	msedge.exe	10	Evening
2021-09-13 16:58:10.437544	devenv.exe	10	Evening
2021-09-13 16:59:02.022130	explorer.exe	9	Evening
2021-09-13 16:59:02.187156	explorer.exe	9	Evening
2021-09-13 16:59:02.312148	msedge.exe	9	Evening
2021-09-13 16:59:04.194841	POWERPNT.EXE	9	Evening
2021-09-13 16:59:06.561878	msedge.exe	9	Evening
2021-09-13 16:59:07.533493	POWERPNT.EXE	9	Evening
2021-09-13 16:59:08.949423	msedge.exe	9	Evening
2021-09-13 16:59:10.217892	POWERPNT.EXE	9	Evening
2021-09-13 16:59:11.151427	explorer.exe	9	Evening
2021-09-13 16:59:11.703150	devenv.exe	9	Evening
2021-09-13 16:59:20.143038	explorer.exe	9	Evening
2021-09-13 16:59:20.313926	explorer.exe	9	Evening
2021-09-13 16:59:20.591266	POWERPNT.EXE	9	Evening
2021-09-13 16:59:20.976970	explorer.exe	9	Evening
2021-09-13 16:59:21.107820	explorer.exe	9	Evening
2021-09-13 16:59:21.462303	msedge.exe	9	Evening
2021-09-13 16:59:25.906342	devenv.exe	9	Evening
2021-09-13 16:59:31.662810	msedge.exe	9	Evening
2021-09-13 16:59:36.089285	explorer.exe	9	Evening
2021-09-13 16:59:36.458401	devenv.exe	9	Evening
2021-09-13 17:00:18.532856	explorer.exe	9	Evening
2021-09-13 17:00:18.808229	msedge.exe	9	Evening
2021-09-13 17:00:22.343159	explorer.exe	9	Evening
2021-09-13 17:00:22.495493	explorer.exe	9	Evening
2021-09-13 17:00:22.524791	devenv.exe	9	Evening
2021-09-13 17:00:23.279622	explorer.exe	9	Evening
2021-09-13 17:00:23.414379	explorer.exe	9	Evening
2021-09-13 17:00:23.459298	msedge.exe	9	Evening
2021-09-13 17:00:37.397860	explorer.exe	9	Evening
2021-09-13 17:00:37.492581	devenv.exe	9	Evening
2021-09-13 17:01:10.713109	explorer.exe	9	Evening
2021-09-13 17:01:10.862515	explorer.exe	9	Evening
2021-09-13 17:01:11.068573	msedge.exe	9	Evening
2021-09-13 17:01:11.502125	explorer.exe	9	Evening
2021-09-13 17:01:11.618325	explorer.exe	9	Evening
2021-09-13 17:01:11.639808	devenv.exe	9	Evening
2021-09-13 17:02:10.049158	msedge.exe	9	Evening
2021-09-13 17:02:12.020718	TextLogger.exe	9	Evening
2021-09-14 09:03:47.555523	TextLogger.exe	8	Morning
2021-09-14 09:03:49.819068	TextLogger.exe	8	Morning
2021-09-14 09:04:27.576399	TextLogger.exe	8	Morning
2021-09-14 09:04:29.546977	msedge.exe	8	Morning
2021-09-14 09:06:00.904411	explorer.exe	8	Morning
2021-09-14 09:06:00.936634	explorer.exe	8	Morning
2021-09-14 09:06:02.813470	devenv.exe	8	Morning
2021-09-14 09:06:32.637731	explorer.exe	8	Morning
2021-09-14 09:06:32.708038	explorer.exe	8	Morning
2021-09-14 09:06:34.279235	msedge.exe	8	Morning
2021-09-14 09:07:23.224337	devenv.exe	8	Morning
2021-09-14 09:07:40.442962	msedge.exe	8	Morning
2021-09-14 09:08:33.971760	devenv.exe	8	Morning
2021-09-14 09:08:44.023877	msedge.exe	8	Morning
2021-09-14 09:09:02.220943	devenv.exe	8	Morning
2021-09-14 09:09:13.277842	msedge.exe	8	Morning
2021-09-14 09:09:15.969072	devenv.exe	8	Morning
2021-09-14 09:09:20.210989	msedge.exe	8	Morning
2021-09-14 09:09:25.643259	devenv.exe	8	Morning
2021-09-14 09:09:36.109387	msedge.exe	8	Morning
2021-09-14 09:09:36.886680	devenv.exe	8	Morning
2021-09-14 09:09:40.127687	msedge.exe	8	Morning
2021-09-14 09:09:47.374291	devenv.exe	8	Morning
2021-09-14 09:09:50.637754	msedge.exe	8	Morning
2021-09-14 09:12:11.708808	explorer.exe	8	Morning
2021-09-14 09:12:21.726739	POWERPNT.EXE	8	Morning
2021-09-14 09:12:28.384497	POWERPNT.EXE	8	Morning
2021-09-14 09:12:34.200526	explorer.exe	8	Morning
2021-09-14 09:12:40.331969	POWERPNT.EXE	8	Morning
2021-09-14 09:12:46.285690	POWERPNT.EXE	8	Morning
2021-09-14 09:12:47.698686	POWERPNT.EXE	8	Morning
2021-09-14 09:12:52.250153	msedge.exe	8	Morning
2021-09-14 09:12:56.029208	POWERPNT.EXE	8	Morning
2021-09-14 09:13:10.449195	explorer.exe	8	Morning
2021-09-14 09:13:13.305444	explorer.exe	8	Morning
2021-09-14 09:13:13.416778	explorer.exe	8	Morning
2021-09-14 09:13:16.336502	explorer.exe	8	Morning
2021-09-14 09:13:16.510319	explorer.exe	8	Morning
2021-09-14 09:13:24.359428	explorer.exe	8	Morning
2021-09-14 09:13:30.092458	explorer.exe	8	Morning
2021-09-14 09:13:32.550307	explorer.exe	8	Morning
2021-09-14 09:13:37.196493	explorer.exe	8	Morning
2021-09-14 09:13:37.356641	explorer.exe	8	Morning
2021-09-14 09:13:37.873209	explorer.exe	8	Morning
2021-09-14 09:13:39.001067	explorer.exe	8	Morning
2021-09-14 09:13:47.463416	explorer.exe	8	Morning
2021-09-14 09:13:58.533995	explorer.exe	7	Morning
2021-09-14 09:14:12.323153	msedge.exe	7	Morning
2021-09-14 09:14:43.376838	WINWORD.EXE	7	Morning
2021-09-14 09:14:44.651161	explorer.exe	7	Morning
2021-09-14 09:14:46.368825	msedge.exe	7	Morning
2021-09-14 09:15:24.131057	TextLogger.exe	7	Morning
2021-09-14 09:15:24.766759	msedge.exe	7	Morning
2021-09-14 09:15:33.974176	devenv.exe	7	Morning
2021-09-14 09:15:35.618603	msedge.exe	7	Morning
2021-09-14 09:15:37.384114	devenv.exe	7	Morning
2021-09-14 09:16:38.380212	explorer.exe	7	Morning
2021-09-14 09:16:38.487624	explorer.exe	7	Morning
2021-09-14 09:16:39.174108	msedge.exe	7	Morning
2021-09-14 09:20:46.013774	devenv.exe	7	Morning
2021-09-14 09:21:24.998588	msedge.exe	7	Morning
2021-09-14 09:21:40.124570	explorer.exe	7	Morning
2021-09-14 09:21:40.251515	explorer.exe	7	Morning
2021-09-14 09:21:40.552277	devenv.exe	7	Morning
2021-09-14 09:22:09.627565	explorer.exe	7	Morning
2021-09-14 09:22:09.704719	explorer.exe	7	Morning
2021-09-14 09:22:10.013283	msedge.exe	7	Morning
2021-09-14 09:22:24.736953	explorer.exe	7	Morning
2021-09-14 09:22:24.832647	explorer.exe	7	Morning
2021-09-14 09:22:24.931274	devenv.exe	7	Morning
2021-09-14 09:23:31.302026	explorer.exe	7	Morning
2021-09-14 09:23:31.381134	explorer.exe	7	Morning
2021-09-14 09:23:31.932843	msedge.exe	7	Morning
2021-09-14 09:32:46.514538	devenv.exe	7	Morning
2021-09-14 09:32:53.700600	msedge.exe	7	Morning
2021-09-14 09:32:54.846056	explorer.exe	7	Morning
2021-09-14 09:33:02.512533	explorer.exe	7	Morning
2021-09-14 09:33:19.681358	explorer.exe	7	Morning
2021-09-14 09:33:43.433743	devenv.exe	7	Morning
2021-09-14 09:33:44.748113	explorer.exe	7	Morning
2021-09-14 09:33:44.814514	explorer.exe	7	Morning
2021-09-14 09:33:47.089763	devenv.exe	7	Morning
2021-09-14 09:33:54.626387	explorer.exe	7	Morning
2021-09-14 09:33:59.194454	explorer.exe	7	Morning
2021-09-14 09:34:01.859332	explorer.exe	7	Morning
2021-09-14 09:34:03.901182	explorer.exe	7	Morning
2021-09-14 09:34:07.509370	explorer.exe	7	Morning
2021-09-14 09:34:34.068227	TextLogger.exe	7	Morning
2021-09-14 09:34:40.164489	explorer.exe	7	Morning
2021-09-14 09:34:44.335131	explorer.exe	7	Morning
2021-09-14 09:34:47.110333	explorer.exe	7	Morning
2021-09-14 09:34:49.059425	explorer.exe	7	Morning
2021-09-14 09:34:51.387402	explorer.exe	7	Morning
2021-09-14 09:35:00.115360	explorer.exe	7	Morning
2021-09-14 09:35:02.651328	explorer.exe	7	Morning
2021-09-14 09:35:03.444275	explorer.exe	7	Morning
2021-09-14 09:35:05.051565	explorer.exe	7	Morning
2021-09-14 09:35:06.786807	explorer.exe	7	Morning
2021-09-14 09:35:10.352008	explorer.exe	7	Morning
2021-09-14 09:35:25.182114	explorer.exe	7	Morning
2021-09-14 09:35:25.963314	explorer.exe	7	Morning
2021-09-14 09:35:28.340133	explorer.exe	7	Morning
2021-09-14 09:35:29.756060	explorer.exe	7	Morning
2021-09-14 09:35:32.222697	explorer.exe	7	Morning
2021-09-14 09:35:35.594532	explorer.exe	7	Morning
2021-09-14 09:35:38.476185	explorer.exe	7	Morning
2021-09-14 09:35:42.725913	explorer.exe	7	Morning
2021-09-14 09:35:44.813671	explorer.exe	7	Morning
2021-09-14 09:35:45.444490	explorer.exe	7	Morning
2021-09-14 09:35:50.869923	explorer.exe	7	Morning
2021-09-14 09:36:08.040698	WinRAR.exe	7	Morning
2021-09-14 09:36:11.130361	explorer.exe	7	Morning
2021-09-14 09:36:11.219207	WinRAR.exe	7	Morning
2021-09-14 09:36:11.324697	explorer.exe	7	Morning
2021-09-14 09:36:28.352875	explorer.exe	7	Morning
2021-09-14 09:36:28.465184	explorer.exe	7	Morning
2021-09-14 09:36:32.406326	msedge.exe	7	Morning
2021-09-14 09:36:37.282005	explorer.exe	7	Morning
2021-09-14 09:36:37.323006	explorer.exe	7	Morning
2021-09-14 09:36:38.511406	explorer.exe	7	Morning
2021-09-14 09:36:50.803353	msedge.exe	7	Morning
2021-09-14 09:36:52.297913	explorer.exe	7	Morning
2021-09-14 09:36:52.334043	explorer.exe	7	Morning
2021-09-14 09:36:53.762663	msedge.exe	7	Morning
2021-09-14 09:36:54.993053	explorer.exe	7	Morning
2021-09-14 09:36:55.089725	explorer.exe	7	Morning
2021-09-14 09:36:55.791830	explorer.exe	7	Morning
2021-09-14 09:36:57.705772	msedge.exe	7	Morning
2021-09-14 09:37:54.646461	explorer.exe	7	Morning
2021-09-14 09:37:54.762663	explorer.exe	7	Morning
2021-09-14 09:38:04.334327	msedge.exe	7	Morning
2021-09-14 09:38:10.231404	POWERPNT.EXE	7	Morning
2021-09-14 09:38:10.965737	POWERPNT.EXE	7	Morning
2021-09-14 09:38:31.782756	msedge.exe	7	Morning
2021-09-14 09:41:10.753049	explorer.exe	8	Morning
2021-09-14 09:41:10.848748	explorer.exe	8	Morning
2021-09-14 09:42:23.882159	WINWORD.EXE	8	Morning
2021-09-14 09:42:23.900719	explorer.exe	8	Morning
2021-09-14 09:42:24.045236	msedge.exe	8	Morning
2021-09-14 09:42:26.301930	POWERPNT.EXE	8	Morning
2021-09-14 09:42:28.897467	msedge.exe	8	Morning
2021-09-14 09:42:30.472557	explorer.exe	8	Morning
2021-09-14 09:42:31.671697	WINWORD.EXE	8	Morning
2021-09-14 09:43:56.805052	msedge.exe	9	Morning
2021-09-14 09:44:11.314909	TextLogger.exe	9	Morning
2021-09-14 09:44:12.456475	msedge.exe	9	Morning
2021-09-14 09:44:31.382959	POWERPNT.EXE	9	Morning
2021-09-14 09:44:32.697331	msedge.exe	9	Morning
2021-09-14 09:44:43.946611	WINWORD.EXE	9	Morning
2021-09-14 09:44:58.186940	msedge.exe	9	Morning
2021-09-14 09:48:05.213573	WINWORD.EXE	9	Morning
2021-09-14 09:48:49.774348	explorer.exe	9	Morning
2021-09-14 09:48:50.252282	SearchApp.exe	9	Morning
2021-09-14 09:48:55.282817	msedge.exe	9	Morning
2021-09-14 09:49:10.638296	WINWORD.EXE	9	Morning
2021-09-14 09:49:12.122562	msedge.exe	9	Morning
2021-09-14 09:53:05.438679	explorer.exe	9	Morning
2021-09-14 09:53:15.430229	msedge.exe	9	Morning
2021-09-14 09:53:24.460901	explorer.exe	9	Morning
2021-09-14 09:53:25.211829	ShellExperienceHost.exe	9	Morning
2021-09-14 09:53:55.974509	explorer.exe	10	Morning
2021-09-14 09:53:56.080947	Ssms.exe	10	Morning
2021-09-14 09:54:33.931063	devenv.exe	10	Morning
2021-09-14 09:54:37.261904	Ssms.exe	10	Morning
2021-09-14 09:56:46.460950	msedge.exe	10	Morning
2021-09-14 09:56:50.351324	Ssms.exe	10	Morning
2021-09-14 09:56:59.048034	msedge.exe	10	Morning
2021-09-14 09:57:01.623070	devenv.exe	10	Morning
2021-09-14 09:58:35.476432	Ssms.exe	10	Morning
2021-09-14 09:58:38.692046	devenv.exe	10	Morning
2021-09-14 09:59:59.448178	Ssms.exe	10	Morning
2021-09-14 10:00:03.069040	explorer.exe	10	Morning
2021-09-14 10:00:03.150089	explorer.exe	10	Morning
2021-09-14 10:00:03.266294	devenv.exe	10	Morning
2021-09-14 10:00:58.505922	msedge.exe	10	Morning
2021-09-14 10:03:54.088457	devenv.exe	10	Morning
2021-09-14 10:04:15.491361	explorer.exe	10	Morning
2021-09-14 10:04:15.562644	explorer.exe	10	Morning
2021-09-14 10:04:16.691479	Ssms.exe	10	Morning
2021-09-14 10:04:45.003142	TextLogger.exe	10	Morning
2021-09-14 10:05:02.617249	Ssms.exe	10	Morning
2021-09-14 10:05:09.970301	devenv.exe	10	Morning
2021-09-14 10:05:24.160794	msedge.exe	10	Morning
2021-09-14 10:06:21.829955	devenv.exe	10	Morning
2021-09-14 10:06:25.404920	msedge.exe	10	Morning
2021-09-14 10:06:27.568857	Ssms.exe	10	Morning
2021-09-14 10:08:49.456246	msedge.exe	11	Morning
2021-09-14 10:09:50.417207	devenv.exe	11	Morning
2021-09-14 10:10:00.016184	Ssms.exe	11	Morning
2021-09-14 10:10:57.245920	msedge.exe	11	Morning
2021-09-14 10:11:00.157842	Ssms.exe	11	Morning
2021-09-14 10:25:32.001291	msedge.exe	11	Morning
2021-09-14 10:25:58.497657	Ssms.exe	11	Morning
2021-09-14 10:27:10.299372	msedge.exe	11	Morning
2021-09-14 10:27:11.699668	devenv.exe	11	Morning
2021-09-14 10:44:41.418171	msedge.exe	11	Morning
2021-09-14 10:45:52.245668	WINWORD.EXE	11	Morning
2021-09-14 10:45:53.565992	msedge.exe	11	Morning
2021-09-14 10:48:24.491807	WINWORD.EXE	11	Morning
2021-09-14 10:49:54.570672	msedge.exe	11	Morning
2021-09-14 10:50:01.257744	explorer.exe	11	Morning
2021-09-14 10:50:02.050662	WINWORD.EXE	11	Morning
2021-09-14 10:50:03.023255	msedge.exe	11	Morning
2021-09-14 10:50:11.856673	explorer.exe	11	Morning
2021-09-14 10:50:12.363477	explorer.exe	11	Morning
2021-09-14 10:50:19.264413	msedge.exe	11	Morning
2021-09-14 10:52:51.255414	WINWORD.EXE	11	Morning
2021-09-14 10:52:53.714520	msedge.exe	11	Morning
2021-09-14 10:53:03.558693	WINWORD.EXE	11	Morning
2021-09-14 10:53:05.976622	explorer.exe	11	Morning
2021-09-14 10:53:06.451212	explorer.exe	11	Morning
2021-09-14 10:53:16.120498	WINWORD.EXE	11	Morning
2021-09-14 10:53:25.663186	WINWORD.EXE	11	Morning
2021-09-14 10:53:42.118309	explorer.exe	11	Morning
2021-09-14 10:53:42.209123	WINWORD.EXE	11	Morning
2021-09-14 10:54:14.854034	explorer.exe	12	Morning
2021-09-14 10:54:14.926295	TextLogger.exe	12	Morning
2021-09-14 10:54:19.336168	WINWORD.EXE	12	Morning
2021-09-14 10:56:52.518260	explorer.exe	12	Morning
2021-09-14 10:56:52.608659	WINWORD.EXE	12	Morning
2021-09-14 10:56:56.307589	explorer.exe	12	Morning
2021-09-14 10:56:56.404792	explorer.exe	12	Morning
2021-09-14 10:56:56.602875	WINWORD.EXE	12	Morning
2021-09-14 10:57:47.709306	explorer.exe	12	Morning
2021-09-14 10:57:47.802073	explorer.exe	12	Morning
2021-09-14 10:57:48.291351	WINWORD.EXE	12	Morning
2021-09-14 10:57:54.003102	explorer.exe	12	Morning
2021-09-14 10:57:54.066117	explorer.exe	12	Morning
2021-09-14 10:57:54.209770	WINWORD.EXE	12	Morning
2021-09-14 10:58:35.601590	explorer.exe	12	Morning
2021-09-14 10:58:35.702169	explorer.exe	12	Morning
2021-09-14 10:58:39.536374	WINWORD.EXE	12	Morning
2021-09-14 10:58:51.435796	explorer.exe	11	Morning
2021-09-14 10:58:51.510000	explorer.exe	11	Morning
2021-09-14 10:58:51.645386	WINWORD.EXE	11	Morning
2021-09-14 10:58:53.856498	msedge.exe	11	Morning
2021-09-14 10:59:19.431014	explorer.exe	11	Morning
2021-09-14 10:59:19.474955	explorer.exe	11	Morning
2021-09-14 10:59:20.850435	msedge.exe	11	Morning
2021-09-14 10:59:30.501593	explorer.exe	11	Morning
2021-09-14 10:59:31.168599	WINWORD.EXE	11	Morning
2021-09-14 10:59:32.767692	explorer.exe	11	Morning
2021-09-14 10:59:32.859482	explorer.exe	11	Morning
2021-09-14 10:59:33.796039	WINWORD.EXE	11	Morning
2021-09-14 10:59:43.088358	explorer.exe	11	Morning
2021-09-14 10:59:43.136196	explorer.exe	11	Morning
2021-09-14 10:59:44.550737	WINWORD.EXE	11	Morning
2021-09-14 11:00:12.454492	explorer.exe	11	Afternoon
2021-09-14 11:00:12.524333	WINWORD.EXE	11	Afternoon
2021-09-14 11:00:16.296479	explorer.exe	11	Afternoon
2021-09-14 11:00:16.356043	explorer.exe	11	Afternoon
2021-09-14 11:00:16.571967	WINWORD.EXE	11	Afternoon
2021-09-14 11:00:21.088925	explorer.exe	11	Afternoon
2021-09-14 11:00:21.155344	explorer.exe	11	Afternoon
2021-09-14 11:00:21.240408	WINWORD.EXE	11	Afternoon
2021-09-14 11:00:24.406622	explorer.exe	11	Afternoon
2021-09-14 11:00:24.504801	explorer.exe	11	Afternoon
2021-09-14 11:00:24.664984	WINWORD.EXE	11	Afternoon
2021-09-14 11:00:30.580357	explorer.exe	11	Afternoon
2021-09-14 11:00:30.682871	explorer.exe	11	Afternoon
2021-09-14 11:00:32.718216	WINWORD.EXE	11	Afternoon
2021-09-14 11:01:06.991341	explorer.exe	11	Afternoon
2021-09-14 11:01:07.092471	WINWORD.EXE	11	Afternoon
2021-09-14 11:01:18.526167	explorer.exe	11	Afternoon
2021-09-14 11:01:18.622382	explorer.exe	11	Afternoon
2021-09-14 11:01:18.747890	WINWORD.EXE	11	Afternoon
2021-09-14 11:01:48.643339	msedge.exe	11	Afternoon
2021-09-14 11:01:56.437745	explorer.exe	11	Afternoon
2021-09-14 11:01:57.258295	explorer.exe	11	Afternoon
2021-09-14 11:02:22.922002	ApplicationFrameHost.exe	11	Afternoon
2021-09-14 11:02:52.727815	explorer.exe	11	Afternoon
2021-09-14 11:02:53.812087	ShellExperienceHost.exe	11	Afternoon
2021-09-14 11:03:08.737031	ApplicationFrameHost.exe	11	Afternoon
2021-09-14 11:03:22.855500	explorer.exe	11	Afternoon
2021-09-14 11:03:23.443004	ShellExperienceHost.exe	11	Afternoon
2021-09-14 11:03:24.850830	ApplicationFrameHost.exe	11	Afternoon
2021-09-14 11:03:26.270707	explorer.exe	11	Afternoon
2021-09-14 11:03:26.514504	ShellExperienceHost.exe	11	Afternoon
2021-09-14 11:03:29.498039	ApplicationFrameHost.exe	11	Afternoon
2021-09-14 11:03:31.731036	explorer.exe	11	Afternoon
2021-09-14 11:03:31.986878	ShellExperienceHost.exe	11	Afternoon
2021-09-14 11:03:33.128057	ApplicationFrameHost.exe	11	Afternoon
2021-09-14 11:04:01.759089	msedge.exe	10	Afternoon
2021-09-14 11:04:08.466292	ApplicationFrameHost.exe	10	Afternoon
2021-09-14 11:13:08.499464	explorer.exe	10	Afternoon
2021-09-14 11:13:10.516703	msedge.exe	10	Afternoon
2021-09-14 11:14:48.839920	explorer.exe	11	Afternoon
2021-09-14 11:14:48.973700	explorer.exe	11	Afternoon
2021-09-14 11:14:50.155417	ApplicationFrameHost.exe	11	Afternoon
2021-09-14 11:14:51.808871	msedge.exe	11	Afternoon
2021-09-14 11:15:00.609680	explorer.exe	11	Afternoon
2021-09-14 11:15:00.684872	explorer.exe	11	Afternoon
2021-09-14 11:15:04.496826	msedge.exe	11	Afternoon
2021-09-14 11:15:05.210644	explorer.exe	11	Afternoon
2021-09-14 11:15:05.259468	explorer.exe	11	Afternoon
2021-09-14 11:15:10.315281	WINWORD.EXE	11	Afternoon
2021-09-14 11:15:38.475635	msedge.exe	11	Afternoon
2021-09-14 11:15:42.993759	explorer.exe	11	Afternoon
2021-09-14 11:15:43.109506	WINWORD.EXE	11	Afternoon
2021-09-14 11:15:46.546017	explorer.exe	11	Afternoon
2021-09-14 11:15:46.585076	explorer.exe	11	Afternoon
2021-09-14 11:15:47.734413	WINWORD.EXE	11	Afternoon
2021-09-14 11:16:12.535575	explorer.exe	11	Afternoon
2021-09-14 11:16:12.629451	explorer.exe	11	Afternoon
2021-09-14 11:16:13.597878	WINWORD.EXE	11	Afternoon
2021-09-14 11:16:31.944199	explorer.exe	11	Afternoon
2021-09-14 11:16:32.037943	explorer.exe	11	Afternoon
2021-09-14 11:16:32.150859	WINWORD.EXE	11	Afternoon
2021-09-14 11:16:33.549771	explorer.exe	11	Afternoon
2021-09-14 11:16:33.636680	explorer.exe	11	Afternoon
2021-09-14 11:16:33.711870	WINWORD.EXE	11	Afternoon
2021-09-14 11:16:37.218430	explorer.exe	11	Afternoon
2021-09-14 11:16:37.301520	explorer.exe	11	Afternoon
2021-09-14 11:16:37.403079	WINWORD.EXE	11	Afternoon
2021-09-14 11:16:39.394089	explorer.exe	11	Afternoon
2021-09-14 11:16:39.437055	explorer.exe	11	Afternoon
2021-09-14 11:16:39.601107	WINWORD.EXE	11	Afternoon
2021-09-14 11:17:48.776148	explorer.exe	11	Afternoon
2021-09-14 11:17:48.870441	explorer.exe	11	Afternoon
2021-09-14 11:17:49.702490	WINWORD.EXE	11	Afternoon
2021-09-14 11:17:56.074501	explorer.exe	11	Afternoon
2021-09-14 11:17:56.163446	explorer.exe	11	Afternoon
2021-09-14 11:17:56.300709	WINWORD.EXE	11	Afternoon
2021-09-14 11:18:47.124470	explorer.exe	11	Afternoon
2021-09-14 11:18:47.221156	explorer.exe	11	Afternoon
2021-09-14 11:18:47.838478	WINWORD.EXE	11	Afternoon
2021-09-14 11:18:57.125868	explorer.exe	10	Afternoon
2021-09-14 11:18:57.214003	explorer.exe	10	Afternoon
2021-09-14 11:18:57.339983	WINWORD.EXE	10	Afternoon
2021-09-14 11:19:13.848977	explorer.exe	10	Afternoon
2021-09-14 11:19:13.935500	explorer.exe	10	Afternoon
2021-09-14 11:19:14.044009	WINWORD.EXE	10	Afternoon
2021-09-14 11:19:14.977597	explorer.exe	10	Afternoon
2021-09-14 11:19:15.070384	explorer.exe	10	Afternoon
2021-09-14 11:19:15.110401	WINWORD.EXE	10	Afternoon
2021-09-14 11:19:28.265590	explorer.exe	10	Afternoon
2021-09-14 11:19:28.312460	explorer.exe	10	Afternoon
2021-09-14 11:19:29.045410	WINWORD.EXE	10	Afternoon
2021-09-14 11:19:39.988053	explorer.exe	10	Afternoon
2021-09-14 11:19:40.083750	explorer.exe	10	Afternoon
2021-09-14 11:19:41.052273	WINWORD.EXE	10	Afternoon
2021-09-14 11:20:28.005461	explorer.exe	10	Afternoon
2021-09-14 11:20:28.091391	explorer.exe	10	Afternoon
2021-09-14 11:20:28.200760	WINWORD.EXE	10	Afternoon
2021-09-14 11:20:30.325204	explorer.exe	10	Afternoon
2021-09-14 11:20:30.447277	explorer.exe	10	Afternoon
2021-09-14 11:20:30.512231	WINWORD.EXE	10	Afternoon
2021-09-14 11:20:33.498709	explorer.exe	10	Afternoon
2021-09-14 11:20:33.545581	explorer.exe	10	Afternoon
2021-09-14 11:20:33.683322	WINWORD.EXE	10	Afternoon
2021-09-14 11:20:35.394494	explorer.exe	10	Afternoon
2021-09-14 11:20:35.447223	explorer.exe	10	Afternoon
2021-09-14 11:20:35.582956	WINWORD.EXE	10	Afternoon
2021-09-14 11:20:42.377519	explorer.exe	10	Afternoon
2021-09-14 11:20:42.473231	explorer.exe	10	Afternoon
2021-09-14 11:20:42.589660	WINWORD.EXE	10	Afternoon
2021-09-14 11:20:49.136491	explorer.exe	10	Afternoon
2021-09-14 11:20:49.246922	explorer.exe	10	Afternoon
2021-09-14 11:20:49.371138	WINWORD.EXE	10	Afternoon
2021-09-14 11:20:58.502691	explorer.exe	10	Afternoon
2021-09-14 11:20:58.585695	explorer.exe	10	Afternoon
2021-09-14 11:20:58.633081	WINWORD.EXE	10	Afternoon
2021-09-14 11:21:07.625821	explorer.exe	10	Afternoon
2021-09-14 11:21:07.731801	explorer.exe	10	Afternoon
2021-09-14 11:21:07.931261	WINWORD.EXE	10	Afternoon
2021-09-14 11:21:14.613934	explorer.exe	10	Afternoon
2021-09-14 11:21:14.711129	explorer.exe	10	Afternoon
2021-09-14 11:21:14.808392	WINWORD.EXE	10	Afternoon
2021-09-14 11:21:15.934970	explorer.exe	10	Afternoon
2021-09-14 11:21:16.015041	explorer.exe	10	Afternoon
2021-09-14 11:21:16.099586	WINWORD.EXE	10	Afternoon
2021-09-14 11:21:17.097808	explorer.exe	10	Afternoon
2021-09-14 11:21:17.152492	explorer.exe	10	Afternoon
2021-09-14 11:21:17.293359	WINWORD.EXE	10	Afternoon
2021-09-14 11:21:19.434335	explorer.exe	10	Afternoon
2021-09-14 11:21:19.486105	explorer.exe	10	Afternoon
2021-09-14 11:21:19.637457	WINWORD.EXE	10	Afternoon
2021-09-14 11:21:27.666594	explorer.exe	10	Afternoon
2021-09-14 11:21:27.718862	explorer.exe	10	Afternoon
2021-09-14 11:21:27.844949	WINWORD.EXE	10	Afternoon
2021-09-14 11:21:30.679533	explorer.exe	10	Afternoon
2021-09-14 11:21:30.782070	explorer.exe	10	Afternoon
2021-09-14 11:21:30.889492	WINWORD.EXE	10	Afternoon
2021-09-14 11:21:39.936804	explorer.exe	10	Afternoon
2021-09-14 11:21:39.984652	explorer.exe	10	Afternoon
2021-09-14 11:21:40.164508	WINWORD.EXE	10	Afternoon
2021-09-14 11:21:44.932320	WINWORD.EXE	10	Afternoon
2021-09-14 11:21:54.064189	msedge.exe	10	Afternoon
2021-09-14 11:22:05.165353	WINWORD.EXE	10	Afternoon
2021-09-14 11:22:34.533570	msedge.exe	10	Afternoon
2021-09-14 11:22:50.447837	explorer.exe	10	Afternoon
2021-09-14 11:22:50.478621	explorer.exe	10	Afternoon
2021-09-14 11:22:52.003188	devenv.exe	10	Afternoon
2021-09-14 11:23:24.640590	TextLogger.exe	10	Afternoon
2021-09-14 11:23:25.639086	devenv.exe	10	Afternoon
2021-09-14 11:23:27.035162	explorer.exe	10	Afternoon
2021-09-14 11:23:28.099514	ShellExperienceHost.exe	10	Afternoon
2021-09-14 11:23:30.093224	explorer.exe	10	Afternoon
2021-09-14 11:23:34.794346	devenv.exe	10	Afternoon
2021-09-14 11:24:07.532872	ShellExperienceHost.exe	9	Afternoon
2021-09-14 11:24:07.947004	dwm.exe	9	Afternoon
2021-09-14 11:24:32.231207	devenv.exe	9	Afternoon
2021-09-14 11:24:34.590222	explorer.exe	9	Afternoon
2021-09-14 11:24:34.676152	TextLogger.exe	9	Afternoon
2021-09-14 11:25:07.342919	devenv.exe	9	Afternoon
2021-09-14 11:25:28.617584	dwm.exe	9	Afternoon
2021-09-14 11:25:45.887219	devenv.exe	9	Afternoon
2021-09-14 11:26:26.423985	explorer.exe	9	Afternoon
2021-09-14 11:26:26.503079	dwm.exe	9	Afternoon
2021-09-14 11:26:29.102316	explorer.exe	9	Afternoon
2021-09-14 11:26:29.203871	devenv.exe	9	Afternoon
2021-09-14 11:26:31.855755	explorer.exe	9	Afternoon
2021-09-14 11:26:33.200140	devenv.exe	9	Afternoon
2021-09-14 11:26:36.427568	explorer.exe	9	Afternoon
2021-09-14 11:26:36.511080	devenv.exe	9	Afternoon
2021-09-14 11:26:40.500430	explorer.exe	9	Afternoon
2021-09-14 11:26:40.588316	devenv.exe	9	Afternoon
2021-09-14 11:26:42.196290	explorer.exe	9	Afternoon
2021-09-14 11:26:42.279293	devenv.exe	9	Afternoon
2021-09-14 11:27:38.483651	explorer.exe	9	Afternoon
2021-09-14 11:27:38.548110	devenv.exe	9	Afternoon
2021-09-14 11:28:24.012189	msedge.exe	9	Afternoon
2021-09-14 11:28:29.014987	explorer.exe	9	Afternoon
2021-09-14 11:28:29.121426	devenv.exe	9	Afternoon
2021-09-14 11:35:55.295403	msedge.exe	9	Afternoon
2021-09-14 11:36:22.513354	explorer.exe	9	Afternoon
2021-09-14 11:36:22.601239	devenv.exe	9	Afternoon
2021-09-14 11:37:26.201118	explorer.exe	9	Afternoon
2021-09-14 11:37:26.299742	devenv.exe	9	Afternoon
2021-09-14 11:37:38.295547	msedge.exe	9	Afternoon
2021-09-14 11:37:52.234975	explorer.exe	9	Afternoon
2021-09-14 11:37:52.313603	devenv.exe	9	Afternoon
2021-09-14 11:38:02.800611	msedge.exe	9	Afternoon
2021-09-14 11:38:24.985515	explorer.exe	9	Afternoon
2021-09-14 11:38:25.016748	explorer.exe	9	Afternoon
2021-09-14 11:38:26.019775	devenv.exe	9	Afternoon
2021-09-14 11:38:37.381766	explorer.exe	9	Afternoon
2021-09-14 11:38:37.482862	devenv.exe	9	Afternoon
2021-09-14 11:38:38.561414	explorer.exe	9	Afternoon
2021-09-14 11:38:38.619541	explorer.exe	9	Afternoon
2021-09-14 11:38:39.123189	devenv.exe	9	Afternoon
2021-09-14 11:38:47.264413	msedge.exe	9	Afternoon
2021-09-14 11:39:24.922174	explorer.exe	9	Afternoon
2021-09-14 11:39:25.001838	devenv.exe	9	Afternoon
2021-09-14 11:39:32.026052	explorer.exe	9	Afternoon
2021-09-14 11:39:34.633325	devenv.exe	9	Afternoon
2021-09-14 11:39:59.803909	msedge.exe	9	Afternoon
2021-09-14 11:41:38.971987	explorer.exe	9	Afternoon
2021-09-14 11:41:38.992516	explorer.exe	9	Afternoon
2021-09-14 11:41:39.959070	devenv.exe	9	Afternoon
2021-09-14 11:41:41.964503	explorer.exe	9	Afternoon
2021-09-14 11:41:42.042630	explorer.exe	9	Afternoon
2021-09-14 11:41:42.246909	msedge.exe	9	Afternoon
2021-09-14 11:41:43.133007	explorer.exe	9	Afternoon
2021-09-14 11:41:43.196018	explorer.exe	9	Afternoon
2021-09-14 11:41:43.800057	devenv.exe	9	Afternoon
2021-09-14 11:42:16.475055	explorer.exe	9	Afternoon
2021-09-14 11:42:16.561533	devenv.exe	9	Afternoon
2021-09-14 11:43:50.620836	explorer.exe	9	Afternoon
2021-09-14 11:43:50.716320	devenv.exe	9	Afternoon
2021-09-14 11:46:35.125886	explorer.exe	9	Afternoon
2021-09-14 11:46:35.215725	explorer.exe	9	Afternoon
2021-09-14 11:46:39.706980	devenv.exe	9	Afternoon
2021-09-14 11:46:49.240842	explorer.exe	9	Afternoon
2021-09-14 11:46:49.329702	explorer.exe	9	Afternoon
2021-09-14 11:46:49.485944	devenv.exe	9	Afternoon
2021-09-14 11:47:16.393025	explorer.exe	9	Afternoon
2021-09-14 11:47:16.477984	explorer.exe	9	Afternoon
2021-09-14 11:47:17.026008	devenv.exe	9	Afternoon
2021-09-14 11:47:22.718450	explorer.exe	9	Afternoon
2021-09-14 11:47:22.756534	explorer.exe	9	Afternoon
2021-09-14 11:47:22.904961	devenv.exe	9	Afternoon
2021-09-14 11:47:28.329567	explorer.exe	9	Afternoon
2021-09-14 11:47:28.414521	explorer.exe	9	Afternoon
2021-09-14 11:47:29.007259	devenv.exe	9	Afternoon
2021-09-14 11:47:47.666811	explorer.exe	9	Afternoon
2021-09-14 11:47:47.752741	explorer.exe	9	Afternoon
2021-09-14 11:47:48.304154	devenv.exe	9	Afternoon
2021-09-14 11:48:04.678116	explorer.exe	9	Afternoon
2021-09-14 11:48:04.753308	explorer.exe	9	Afternoon
2021-09-14 11:48:05.005292	devenv.exe	9	Afternoon
2021-09-14 11:48:06.208220	explorer.exe	9	Afternoon
2021-09-14 11:48:06.290248	explorer.exe	9	Afternoon
2021-09-14 11:48:06.417250	devenv.exe	9	Afternoon
2021-09-14 11:48:51.002551	explorer.exe	9	Afternoon
2021-09-14 11:48:51.084593	explorer.exe	9	Afternoon
2021-09-14 11:48:51.551525	devenv.exe	9	Afternoon
2021-09-14 11:48:53.184478	explorer.exe	9	Afternoon
2021-09-14 11:48:53.230374	explorer.exe	9	Afternoon
2021-09-14 11:48:53.411170	devenv.exe	9	Afternoon
2021-09-14 11:49:10.871270	explorer.exe	9	Afternoon
2021-09-14 11:49:10.959170	explorer.exe	9	Afternoon
2021-09-14 11:49:11.401132	devenv.exe	9	Afternoon
2021-09-14 11:49:33.260876	explorer.exe	9	Afternoon
2021-09-14 11:49:33.343878	explorer.exe	9	Afternoon
2021-09-14 11:49:34.323272	devenv.exe	9	Afternoon
2021-09-14 11:49:46.216855	explorer.exe	9	Afternoon
2021-09-14 11:49:46.303762	explorer.exe	9	Afternoon
2021-09-14 11:49:46.761741	devenv.exe	9	Afternoon
2021-09-14 11:50:21.062163	msedge.exe	9	Afternoon
2021-09-14 11:50:42.062714	explorer.exe	9	Afternoon
2021-09-14 11:50:42.127188	explorer.exe	9	Afternoon
2021-09-14 11:50:42.923616	devenv.exe	9	Afternoon
2021-09-14 11:51:14.128007	explorer.exe	9	Afternoon
2021-09-14 11:51:14.219342	explorer.exe	9	Afternoon
2021-09-14 11:51:14.321027	msedge.exe	9	Afternoon
2021-09-14 11:54:47.882327	explorer.exe	9	Afternoon
2021-09-14 11:54:47.949705	explorer.exe	9	Afternoon
2021-09-14 11:54:48.999344	msedge.exe	9	Afternoon
2021-09-14 11:54:49.660953	explorer.exe	9	Afternoon
2021-09-14 11:54:49.748373	explorer.exe	9	Afternoon
2021-09-14 11:54:51.118075	msedge.exe	9	Afternoon
2021-09-14 11:54:52.326112	explorer.exe	9	Afternoon
2021-09-14 11:54:52.415954	explorer.exe	9	Afternoon
2021-09-14 11:54:54.177281	devenv.exe	9	Afternoon
2021-09-14 11:55:34.711847	TextLogger.exe	9	Afternoon
2021-09-14 11:55:43.561581	devenv.exe	9	Afternoon
2021-09-14 11:55:54.568342	explorer.exe	9	Afternoon
2021-09-14 11:55:54.775009	explorer.exe	9	Afternoon
2021-09-14 11:55:56.161470	msedge.exe	9	Afternoon
2021-09-14 11:56:07.251747	explorer.exe	9	Afternoon
2021-09-14 11:56:07.308387	explorer.exe	9	Afternoon
2021-09-14 11:56:07.916473	devenv.exe	9	Afternoon
2021-09-14 11:56:10.494160	explorer.exe	9	Afternoon
2021-09-14 11:56:10.584512	explorer.exe	9	Afternoon
2021-09-14 11:56:10.681305	msedge.exe	9	Afternoon
2021-09-14 11:56:13.783673	explorer.exe	9	Afternoon
2021-09-14 11:56:13.868634	explorer.exe	9	Afternoon
2021-09-14 11:56:13.952744	devenv.exe	9	Afternoon
2021-09-14 11:56:33.659006	explorer.exe	9	Afternoon
2021-09-14 11:56:33.717599	explorer.exe	9	Afternoon
2021-09-14 11:56:33.927127	msedge.exe	9	Afternoon
2021-09-14 12:00:16.612235	WINWORD.EXE	9	Afternoon
2021-09-14 12:00:33.069974	msedge.exe	9	Afternoon
2021-09-14 12:01:39.911917	WINWORD.EXE	9	Afternoon
2021-09-14 12:03:41.281483	TextLogger.exe	9	Afternoon
2021-09-14 12:03:58.571251	WINWORD.EXE	10	Afternoon
2021-09-14 12:07:50.941376	TextLogger.exe	10	Afternoon
2021-09-14 12:08:34.355485	msedge.exe	10	Afternoon
2021-09-14 12:09:06.960104	WINWORD.EXE	9	Afternoon
2021-09-14 12:09:11.147459	WINWORD.EXE	9	Afternoon
2021-09-14 12:09:32.648816	msedge.exe	9	Afternoon
2021-09-14 12:09:33.815097	WINWORD.EXE	9	Afternoon
2021-09-14 12:09:50.280293	explorer.exe	9	Afternoon
2021-09-14 12:09:51.379100	explorer.exe	9	Afternoon
2021-09-14 12:10:04.610189	WINWORD.EXE	9	Afternoon
2021-09-14 12:10:09.993357	POWERPNT.EXE	9	Afternoon
2021-09-14 12:10:20.397308	WINWORD.EXE	9	Afternoon
2021-09-14 12:10:22.459982	explorer.exe	9	Afternoon
2021-09-14 12:10:22.549359	explorer.exe	9	Afternoon
2021-09-14 12:10:31.922357	WINWORD.EXE	9	Afternoon
2021-09-14 12:10:35.029210	WINWORD.EXE	9	Afternoon
2021-09-14 12:10:39.347674	WINWORD.EXE	9	Afternoon
2021-09-14 12:10:49.711302	explorer.exe	9	Afternoon
2021-09-14 12:10:49.788993	explorer.exe	9	Afternoon
2021-09-14 12:10:50.322212	WINWORD.EXE	9	Afternoon
2021-09-14 12:10:57.657690	explorer.exe	9	Afternoon
2021-09-14 12:10:57.725074	explorer.exe	9	Afternoon
2021-09-14 12:10:58.212478	WINWORD.EXE	9	Afternoon
2021-09-14 12:11:18.102113	explorer.exe	9	Afternoon
2021-09-14 12:11:18.177315	explorer.exe	9	Afternoon
2021-09-14 12:11:18.888758	WINWORD.EXE	9	Afternoon
2021-09-14 12:11:22.409981	explorer.exe	9	Afternoon
2021-09-14 12:11:22.450017	explorer.exe	9	Afternoon
2021-09-14 12:11:22.578462	WINWORD.EXE	9	Afternoon
2021-09-14 12:11:32.768068	explorer.exe	9	Afternoon
2021-09-14 12:11:32.856024	explorer.exe	9	Afternoon
2021-09-14 12:11:33.032296	WINWORD.EXE	9	Afternoon
2021-09-14 12:11:38.104063	explorer.exe	9	Afternoon
2021-09-14 12:11:38.170036	explorer.exe	9	Afternoon
2021-09-14 12:11:38.309764	WINWORD.EXE	9	Afternoon
2021-09-14 12:11:40.940019	explorer.exe	9	Afternoon
2021-09-14 12:11:41.016186	explorer.exe	9	Afternoon
2021-09-14 12:11:41.110443	WINWORD.EXE	9	Afternoon
2021-09-14 12:11:49.927569	explorer.exe	9	Afternoon
2021-09-14 12:11:49.975418	explorer.exe	9	Afternoon
2021-09-14 12:11:50.119996	WINWORD.EXE	9	Afternoon
2021-09-14 12:11:52.600543	explorer.exe	9	Afternoon
2021-09-14 12:11:52.663023	explorer.exe	9	Afternoon
2021-09-14 12:11:52.853543	WINWORD.EXE	9	Afternoon
2021-09-14 12:11:55.463506	explorer.exe	9	Afternoon
2021-09-14 12:11:55.556271	explorer.exe	9	Afternoon
2021-09-14 12:11:55.661007	WINWORD.EXE	9	Afternoon
2021-09-14 12:11:58.168478	explorer.exe	9	Afternoon
2021-09-14 12:11:58.231952	explorer.exe	9	Afternoon
2021-09-14 12:11:58.395044	WINWORD.EXE	9	Afternoon
2021-09-14 12:12:43.371950	devenv.exe	9	Afternoon
2021-09-14 12:13:58.793188	explorer.exe	9	Afternoon
2021-09-14 12:13:58.857635	explorer.exe	9	Afternoon
2021-09-14 12:14:01.438997	devenv.exe	9	Afternoon
2021-09-14 12:14:57.824418	explorer.exe	9	Afternoon
2021-09-14 12:14:57.902538	explorer.exe	9	Afternoon
2021-09-14 12:14:59.304946	devenv.exe	9	Afternoon
2021-09-14 12:15:31.430193	explorer.exe	9	Afternoon
2021-09-14 12:15:31.495634	explorer.exe	9	Afternoon
2021-09-14 12:15:33.627730	msedge.exe	9	Afternoon
2021-09-14 12:15:36.294801	explorer.exe	9	Afternoon
2021-09-14 12:15:36.338741	explorer.exe	9	Afternoon
2021-09-14 12:15:37.671754	POWERPNT.EXE	9	Afternoon
2021-09-14 12:15:38.430551	explorer.exe	9	Afternoon
2021-09-14 12:15:38.523321	explorer.exe	9	Afternoon
2021-09-14 12:15:41.809594	devenv.exe	9	Afternoon
2021-09-14 12:15:42.641572	explorer.exe	9	Afternoon
2021-09-14 12:15:42.729456	explorer.exe	9	Afternoon
2021-09-14 12:15:43.946390	devenv.exe	9	Afternoon
2021-09-14 12:15:44.823335	explorer.exe	9	Afternoon
2021-09-14 12:15:44.912196	explorer.exe	9	Afternoon
2021-09-14 12:15:47.830644	devenv.exe	9	Afternoon
2021-09-14 12:15:49.097813	explorer.exe	9	Afternoon
2021-09-14 12:15:49.197947	explorer.exe	9	Afternoon
2021-09-14 12:15:51.253297	devenv.exe	9	Afternoon
2021-09-14 12:17:34.265590	explorer.exe	9	Afternoon
2021-09-14 12:17:34.348591	explorer.exe	9	Afternoon
2021-09-14 12:17:35.202053	devenv.exe	9	Afternoon
2021-09-14 12:18:52.032098	msedge.exe	9	Afternoon
2021-09-14 12:19:03.978819	devenv.exe	9	Afternoon
2021-09-14 12:19:05.059398	explorer.exe	9	Afternoon
2021-09-14 12:19:05.142006	explorer.exe	9	Afternoon
2021-09-14 12:19:05.277277	msedge.exe	9	Afternoon
2021-09-14 12:19:07.958562	devenv.exe	9	Afternoon
2021-09-14 12:20:39.201915	explorer.exe	9	Afternoon
2021-09-14 12:20:39.260503	explorer.exe	9	Afternoon
2021-09-14 12:20:39.875980	msedge.exe	9	Afternoon
2021-09-14 12:20:57.818600	explorer.exe	9	Afternoon
2021-09-14 12:20:57.920214	explorer.exe	9	Afternoon
2021-09-14 12:20:58.747357	devenv.exe	9	Afternoon
2021-09-14 12:21:00.587719	explorer.exe	9	Afternoon
2021-09-14 12:21:00.682659	explorer.exe	9	Afternoon
2021-09-14 12:21:02.102472	msedge.exe	9	Afternoon
2021-09-14 12:21:02.876901	explorer.exe	9	Afternoon
2021-09-14 12:21:02.891074	explorer.exe	9	Afternoon
2021-09-14 12:21:04.211296	devenv.exe	9	Afternoon
2021-09-14 12:21:55.137063	explorer.exe	9	Afternoon
2021-09-14 12:21:55.256196	explorer.exe	9	Afternoon
2021-09-14 12:21:55.934672	msedge.exe	9	Afternoon
2021-09-14 12:22:01.036820	explorer.exe	9	Afternoon
2021-09-14 12:22:01.078427	explorer.exe	9	Afternoon
2021-09-14 12:22:01.557100	devenv.exe	9	Afternoon
2021-09-14 12:22:05.515547	explorer.exe	9	Afternoon
2021-09-14 12:22:05.604168	explorer.exe	9	Afternoon
2021-09-14 12:22:06.124804	msedge.exe	9	Afternoon
2021-09-14 12:22:12.370273	explorer.exe	9	Afternoon
2021-09-14 12:22:12.449367	explorer.exe	9	Afternoon
2021-09-14 12:22:12.964624	devenv.exe	9	Afternoon
2021-09-14 12:22:44.956403	explorer.exe	9	Afternoon
2021-09-14 12:22:45.039407	explorer.exe	9	Afternoon
2021-09-14 12:22:45.242517	msedge.exe	9	Afternoon
2021-09-14 12:22:51.502751	explorer.exe	9	Afternoon
2021-09-14 12:22:51.538881	explorer.exe	9	Afternoon
2021-09-14 12:22:51.666897	devenv.exe	9	Afternoon
2021-09-14 12:23:08.590337	explorer.exe	9	Afternoon
2021-09-14 12:23:08.683104	explorer.exe	9	Afternoon
2021-09-14 12:23:08.783220	msedge.exe	9	Afternoon
2021-09-14 12:23:15.598447	explorer.exe	9	Afternoon
2021-09-14 12:23:15.731271	explorer.exe	9	Afternoon
2021-09-14 12:23:17.000291	devenv.exe	9	Afternoon
2021-09-14 12:23:46.387262	explorer.exe	9	Afternoon
2021-09-14 12:23:46.422419	explorer.exe	9	Afternoon
2021-09-14 12:23:47.011246	msedge.exe	9	Afternoon
2021-09-14 12:23:48.185146	explorer.exe	9	Afternoon
2021-09-14 12:23:48.243732	explorer.exe	9	Afternoon
2021-09-14 12:23:48.390210	devenv.exe	9	Afternoon
2021-09-14 12:26:02.579056	TextLogger.exe	9	Afternoon
2021-09-14 12:26:15.916344	devenv.exe	9	Afternoon
2021-09-14 12:26:24.785808	explorer.exe	9	Afternoon
2021-09-14 12:26:24.890294	explorer.exe	9	Afternoon
2021-09-14 12:26:25.938704	devenv.exe	9	Afternoon
2021-09-14 12:28:27.680251	explorer.exe	9	Afternoon
2021-09-14 12:28:27.774972	explorer.exe	9	Afternoon
2021-09-14 12:28:28.252199	msedge.exe	9	Afternoon
2021-09-14 12:28:40.774508	explorer.exe	9	Afternoon
2021-09-14 12:28:40.842870	explorer.exe	9	Afternoon
2021-09-14 12:28:42.088653	devenv.exe	9	Afternoon
2021-09-14 12:28:43.824819	explorer.exe	9	Afternoon
2021-09-14 12:28:43.899033	explorer.exe	9	Afternoon
2021-09-14 12:28:49.299211	Ssms.exe	9	Afternoon
2021-09-14 12:35:29.125491	explorer.exe	9	Afternoon
2021-09-14 12:35:29.190918	explorer.exe	9	Afternoon
2021-09-14 12:35:39.131892	msedge.exe	9	Afternoon
2021-09-14 12:36:53.412027	ShellExperienceHost.exe	9	Afternoon
2021-09-14 12:36:53.752825	msedge.exe	9	Afternoon
2021-09-14 12:37:34.036337	explorer.exe	9	Afternoon
2021-09-14 12:37:34.075396	explorer.exe	9	Afternoon
2021-09-14 12:37:35.197818	Ssms.exe	9	Afternoon
2021-09-14 12:39:28.226491	explorer.exe	9	Afternoon
2021-09-14 12:39:28.620996	ShellExperienceHost.exe	9	Afternoon
2021-09-14 12:40:00.789523	Ssms.exe	9	Afternoon
2021-09-14 12:50:29.063900	explorer.exe	9	Afternoon
2021-09-14 12:50:29.096110	explorer.exe	9	Afternoon
2021-09-14 12:50:30.504737	msedge.exe	9	Afternoon
2021-09-14 12:52:20.617160	explorer.exe	9	Afternoon
2021-09-14 12:52:20.696275	explorer.exe	9	Afternoon
2021-09-14 12:52:22.162793	Ssms.exe	9	Afternoon
2021-09-14 12:52:29.089033	explorer.exe	9	Afternoon
2021-09-14 12:52:29.132977	explorer.exe	9	Afternoon
2021-09-14 12:52:29.368000	msedge.exe	9	Afternoon
2021-09-14 12:52:58.648656	explorer.exe	9	Afternoon
2021-09-14 12:52:58.735099	explorer.exe	9	Afternoon
2021-09-14 12:53:00.999021	Ssms.exe	9	Afternoon
2021-09-14 12:55:50.631237	explorer.exe	9	Afternoon
2021-09-14 12:55:50.717681	explorer.exe	9	Afternoon
2021-09-14 12:55:51.606698	msedge.exe	9	Afternoon
2021-09-14 12:55:55.325170	explorer.exe	9	Afternoon
2021-09-14 12:55:55.406203	explorer.exe	9	Afternoon
2021-09-14 12:55:55.521428	Ssms.exe	9	Afternoon
2021-09-14 12:55:56.310049	explorer.exe	9	Afternoon
2021-09-14 12:55:56.400876	explorer.exe	9	Afternoon
2021-09-14 12:55:56.465832	msedge.exe	9	Afternoon
2021-09-14 12:56:11.656881	explorer.exe	9	Afternoon
2021-09-14 12:56:11.779485	explorer.exe	9	Afternoon
2021-09-14 12:56:12.718186	Ssms.exe	9	Afternoon
2021-09-14 12:56:20.926712	TextLogger.exe	9	Afternoon
2021-09-14 12:56:33.017460	Ssms.exe	9	Afternoon
2021-09-14 12:56:48.319913	explorer.exe	9	Afternoon
2021-09-14 12:56:48.411238	explorer.exe	9	Afternoon
2021-09-14 12:56:48.519775	msedge.exe	9	Afternoon
2021-09-14 12:56:49.522757	explorer.exe	9	Afternoon
2021-09-14 12:56:49.568651	explorer.exe	9	Afternoon
2021-09-14 12:56:49.692841	Ssms.exe	9	Afternoon
2021-09-14 12:56:57.720697	explorer.exe	9	Afternoon
2021-09-14 12:56:57.819836	explorer.exe	9	Afternoon
2021-09-14 12:56:57.984913	msedge.exe	9	Afternoon
2021-09-14 12:56:58.376494	explorer.exe	9	Afternoon
2021-09-14 12:56:58.461445	explorer.exe	9	Afternoon
2021-09-14 12:56:58.540605	Ssms.exe	9	Afternoon
2021-09-14 12:57:06.076426	explorer.exe	9	Afternoon
2021-09-14 12:57:06.167249	explorer.exe	9	Afternoon
2021-09-14 12:57:06.814674	msedge.exe	9	Afternoon
2021-09-14 12:58:02.208550	explorer.exe	9	Afternoon
2021-09-14 12:58:02.265187	explorer.exe	9	Afternoon
2021-09-14 12:58:02.808846	Ssms.exe	9	Afternoon
2021-09-14 12:58:21.589567	explorer.exe	9	Afternoon
2021-09-14 12:58:21.630579	explorer.exe	9	Afternoon
2021-09-14 12:58:22.411937	msedge.exe	9	Afternoon
2021-09-14 12:59:25.805054	explorer.exe	9	Afternoon
2021-09-14 12:59:25.845604	explorer.exe	9	Afternoon
2021-09-14 12:59:27.289677	Ssms.exe	9	Afternoon
2021-09-14 12:59:35.495434	explorer.exe	9	Afternoon
2021-09-14 12:59:35.596989	explorer.exe	9	Afternoon
2021-09-14 12:59:36.405869	msedge.exe	9	Afternoon
2021-09-14 13:00:14.461281	explorer.exe	9	Afternoon
2021-09-14 13:00:14.502309	explorer.exe	9	Afternoon
2021-09-14 13:00:15.385942	msedge.exe	9	Afternoon
2021-09-14 13:00:16.266312	explorer.exe	9	Afternoon
2021-09-14 13:00:16.342496	explorer.exe	9	Afternoon
2021-09-14 13:00:17.680384	Ssms.exe	9	Afternoon
2021-09-14 13:08:24.564771	msedge.exe	9	Afternoon
2021-09-14 13:08:30.037155	Ssms.exe	9	Afternoon
2021-09-14 13:11:45.314293	msedge.exe	9	Afternoon
2021-09-14 13:12:48.823060	Ssms.exe	9	Afternoon
2021-09-14 13:15:10.813448	msedge.exe	9	Afternoon
2021-09-14 13:20:24.334689	explorer.exe	9	Afternoon
2021-09-14 13:20:24.433316	devenv.exe	9	Afternoon
2021-09-14 13:20:25.595740	explorer.exe	9	Afternoon
2021-09-14 13:20:25.700742	explorer.exe	9	Afternoon
2021-09-14 13:20:26.351385	msedge.exe	9	Afternoon
2021-09-14 13:21:15.582514	explorer.exe	9	Afternoon
2021-09-14 13:21:15.672352	devenv.exe	9	Afternoon
2021-09-14 13:21:16.585541	explorer.exe	9	Afternoon
2021-09-14 13:21:16.661708	explorer.exe	9	Afternoon
2021-09-14 13:21:18.194913	Ssms.exe	9	Afternoon
2021-09-14 13:22:55.111754	msedge.exe	9	Afternoon
2021-09-14 13:23:51.976846	explorer.exe	9	Afternoon
2021-09-14 13:23:52.036410	explorer.exe	9	Afternoon
2021-09-14 13:23:52.558458	Ssms.exe	9	Afternoon
2021-09-14 13:25:05.874122	msedge.exe	9	Afternoon
2021-09-14 13:25:12.510672	explorer.exe	9	Afternoon
2021-09-14 13:25:12.595171	explorer.exe	9	Afternoon
2021-09-14 13:25:13.163262	msedge.exe	9	Afternoon
2021-09-14 13:25:22.125277	explorer.exe	9	Afternoon
2021-09-14 13:25:22.204896	explorer.exe	9	Afternoon
2021-09-14 13:25:23.903362	Ssms.exe	9	Afternoon
2021-09-14 13:26:42.919186	TextLogger.exe	9	Afternoon
2021-09-14 13:26:50.773520	Ssms.exe	9	Afternoon
2021-09-14 13:28:25.205133	msedge.exe	9	Afternoon
2021-09-14 13:31:03.175738	WINWORD.EXE	9	Afternoon
2021-09-14 13:31:09.148594	WINWORD.EXE	9	Afternoon
2021-09-14 13:31:13.309980	WINWORD.EXE	9	Afternoon
2021-09-14 13:31:15.314147	WINWORD.EXE	9	Afternoon
2021-09-14 13:32:56.747936	ShellExperienceHost.exe	9	Afternoon
2021-09-14 13:32:57.029684	WINWORD.EXE	9	Afternoon
2021-09-14 13:38:34.371338	msedge.exe	10	Afternoon
2021-09-14 13:38:36.670998	WINWORD.EXE	10	Afternoon
2021-09-14 13:38:47.800156	msedge.exe	10	Afternoon
2021-09-14 13:38:54.218689	POWERPNT.EXE	9	Afternoon
2021-09-14 13:38:55.155158	msedge.exe	9	Afternoon
2021-09-14 13:38:59.188097	Ssms.exe	9	Afternoon
2021-09-14 13:51:51.494351	explorer.exe	9	Afternoon
2021-09-14 13:51:51.588095	devenv.exe	9	Afternoon
2021-09-14 13:53:32.448832	msedge.exe	9	Afternoon
2021-09-14 14:05:22.615888	explorer.exe	10	Afternoon
2021-09-14 14:05:22.748690	devenv.exe	10	Afternoon
2021-09-14 14:05:53.610983	msedge.exe	10	Afternoon
2021-09-14 14:05:56.378391	devenv.exe	10	Afternoon
2021-09-14 14:11:29.546509	msedge.exe	10	Afternoon
2021-09-14 14:41:26.616754	WINWORD.EXE	10	Afternoon
2021-09-14 14:41:31.084272	WINWORD.EXE	10	Afternoon
2021-09-14 14:41:38.572262	msedge.exe	10	Afternoon
2021-09-14 14:42:20.580705	WINWORD.EXE	10	Afternoon
2021-09-14 14:42:22.694136	msedge.exe	10	Afternoon
2021-09-14 14:42:25.983921	WINWORD.EXE	10	Afternoon
2021-09-14 14:42:28.238107	WINWORD.EXE	10	Afternoon
2021-09-14 14:42:53.884955	explorer.exe	10	Afternoon
2021-09-14 14:42:54.410317	explorer.exe	10	Afternoon
2021-09-14 14:42:56.351635	explorer.exe	10	Afternoon
2021-09-14 14:43:00.155052	msedge.exe	10	Afternoon
2021-09-14 14:43:17.822462	explorer.exe	10	Afternoon
2021-09-14 14:43:17.930853	explorer.exe	10	Afternoon
2021-09-14 14:43:20.678678	WINWORD.EXE	10	Afternoon
2021-09-14 14:44:51.962161	explorer.exe	11	Afternoon
2021-09-14 14:44:52.586243	explorer.exe	11	Afternoon
2021-09-14 14:44:56.536906	ApplicationFrameHost.exe	11	Afternoon
2021-09-14 14:45:00.848022	WINWORD.EXE	11	Afternoon
2021-09-14 14:45:01.593459	explorer.exe	11	Afternoon
2021-09-14 14:45:02.246218	explorer.exe	11	Afternoon
2021-09-14 14:45:03.722393	WINWORD.EXE	11	Afternoon
2021-09-14 14:50:42.358927	msedge.exe	11	Afternoon
2021-09-14 14:50:44.576895	WINWORD.EXE	11	Afternoon
2021-09-14 14:54:33.001500	explorer.exe	11	Afternoon
2021-09-14 14:54:33.812971	explorer.exe	11	Afternoon
2021-09-14 14:54:40.417171	WINWORD.EXE	11	Afternoon
2021-09-14 14:54:42.645646	WINWORD.EXE	11	Afternoon
2021-09-14 14:54:46.823952	WINWORD.EXE	11	Afternoon
2021-09-14 14:55:17.980354	explorer.exe	11	Afternoon
2021-09-14 14:55:18.045777	explorer.exe	11	Afternoon
2021-09-14 14:55:18.591982	WINWORD.EXE	11	Afternoon
2021-09-14 15:03:14.005494	explorer.exe	11	Afternoon
2021-09-14 15:03:14.084592	WINWORD.EXE	11	Afternoon
2021-09-14 15:03:27.914380	explorer.exe	11	Afternoon
2021-09-14 15:03:27.979809	explorer.exe	11	Afternoon
2021-09-14 15:03:28.133757	WINWORD.EXE	11	Afternoon
2021-09-14 15:05:43.794952	explorer.exe	11	Afternoon
2021-09-14 15:05:43.876983	WINWORD.EXE	11	Afternoon
2021-09-14 15:05:55.749005	explorer.exe	11	Afternoon
2021-09-14 15:05:55.825188	explorer.exe	11	Afternoon
2021-09-14 15:05:56.230386	WINWORD.EXE	11	Afternoon
2021-09-14 15:05:57.415660	explorer.exe	11	Afternoon
2021-09-14 15:05:57.475746	explorer.exe	11	Afternoon
2021-09-14 15:05:57.700022	WINWORD.EXE	11	Afternoon
2021-09-14 15:08:05.498301	msedge.exe	11	Afternoon
2021-09-14 15:08:06.235154	WINWORD.EXE	11	Afternoon
2021-09-14 15:08:24.232633	msedge.exe	11	Afternoon
2021-09-14 15:08:25.091029	WINWORD.EXE	11	Afternoon
2021-09-14 15:08:39.416699	explorer.exe	11	Afternoon
2021-09-14 15:08:39.458688	explorer.exe	11	Afternoon
2021-09-14 15:08:39.628599	msedge.exe	11	Afternoon
2021-09-14 15:08:41.032323	explorer.exe	11	Afternoon
2021-09-14 15:08:41.138762	explorer.exe	11	Afternoon
2021-09-14 15:08:41.274496	WINWORD.EXE	11	Afternoon
2021-09-14 15:08:56.489937	explorer.exe	11	Afternoon
2021-09-14 15:08:56.587562	explorer.exe	11	Afternoon
2021-09-14 15:08:57.501887	WINWORD.EXE	11	Afternoon
2021-09-14 15:09:02.607402	msedge.exe	11	Afternoon
2021-09-14 15:09:45.711115	explorer.exe	11	Afternoon
2021-09-14 15:09:45.808765	explorer.exe	11	Afternoon
2021-09-14 15:09:46.705194	WINWORD.EXE	11	Afternoon
2021-09-14 15:10:54.819360	msedge.exe	11	Afternoon
2021-09-14 15:11:25.158496	explorer.exe	11	Afternoon
2021-09-14 15:11:25.210249	explorer.exe	11	Afternoon
2021-09-14 15:11:26.161412	WINWORD.EXE	11	Afternoon
2021-09-14 15:11:35.640890	explorer.exe	11	Afternoon
2021-09-14 15:11:35.711197	explorer.exe	11	Afternoon
2021-09-14 15:11:35.844003	msedge.exe	11	Afternoon
2021-09-14 15:11:53.802022	explorer.exe	11	Afternoon
2021-09-14 15:11:53.870383	WINWORD.EXE	11	Afternoon
2021-09-14 15:11:56.823993	msedge.exe	11	Afternoon
2021-09-14 15:12:00.755121	explorer.exe	11	Afternoon
2021-09-14 15:12:00.827379	WINWORD.EXE	11	Afternoon
2021-09-14 15:12:55.669567	msedge.exe	11	Afternoon
2021-09-14 15:13:09.566318	explorer.exe	11	Afternoon
2021-09-14 15:13:09.663967	explorer.exe	11	Afternoon
2021-09-14 15:13:10.178853	WINWORD.EXE	11	Afternoon
2021-09-14 15:14:48.176880	explorer.exe	10	Afternoon
2021-09-14 15:14:48.268685	explorer.exe	10	Afternoon
2021-09-14 15:14:49.228944	msedge.exe	10	Afternoon
2021-09-14 15:14:52.160900	explorer.exe	10	Afternoon
2021-09-14 15:14:52.264422	explorer.exe	10	Afternoon
2021-09-14 15:14:52.987620	WINWORD.EXE	10	Afternoon
2021-09-14 15:14:54.875342	explorer.exe	10	Afternoon
2021-09-14 15:14:54.876318	explorer.exe	10	Afternoon
2021-09-14 15:14:56.076842	WINWORD.EXE	10	Afternoon
2021-09-14 15:16:29.773032	explorer.exe	10	Afternoon
2021-09-14 15:16:29.873152	explorer.exe	10	Afternoon
2021-09-14 15:16:31.769509	WINWORD.EXE	10	Afternoon
2021-09-14 15:16:32.748930	explorer.exe	10	Afternoon
2021-09-14 15:16:32.816309	explorer.exe	10	Afternoon
2021-09-14 15:16:33.512379	msedge.exe	10	Afternoon
2021-09-14 15:16:34.452935	explorer.exe	10	Afternoon
2021-09-14 15:16:34.537893	explorer.exe	10	Afternoon
2021-09-14 15:16:35.175098	WINWORD.EXE	10	Afternoon
2021-09-14 15:16:58.091536	msedge.exe	10	Afternoon
2021-09-14 15:17:07.714119	WINWORD.EXE	10	Afternoon
2021-09-14 15:17:11.286158	explorer.exe	10	Afternoon
2021-09-14 15:17:11.416031	devenv.exe	10	Afternoon
2021-09-14 15:17:55.567503	explorer.exe	10	Afternoon
2021-09-14 15:17:56.066492	TextLogger.exe	10	Afternoon
2021-09-14 15:18:18.234020	devenv.exe	10	Afternoon
2021-09-14 15:19:12.986373	explorer.exe	10	Afternoon
2021-09-14 15:19:13.100626	devenv.exe	10	Afternoon
2021-09-14 15:20:42.419127	explorer.exe	10	Afternoon
2021-09-14 15:20:42.724772	explorer.exe	10	Afternoon
2021-09-14 15:20:43.841899	devenv.exe	10	Afternoon
2021-09-14 15:21:38.831532	WINWORD.EXE	10	Afternoon
2021-09-14 15:21:40.994479	devenv.exe	10	Afternoon
2021-09-14 15:21:41.797162	TextLogger.exe	10	Afternoon
2021-09-14 15:21:43.303902	POWERPNT.EXE	10	Afternoon
2021-09-14 15:21:49.705849	explorer.exe	10	Afternoon
2021-09-14 15:23:01.078222	TextLogger.exe	10	Afternoon
2021-09-14 15:23:01.173959	devenv.exe	10	Afternoon
2021-09-14 15:26:01.687752	Ssms.exe	8	Afternoon
2021-09-14 15:26:08.661941	devenv.exe	8	Afternoon
2021-09-14 15:26:22.751836	explorer.exe	8	Afternoon
2021-09-14 15:26:22.817263	explorer.exe	8	Afternoon
2021-09-14 15:26:22.957878	Ssms.exe	8	Afternoon
2021-09-14 15:26:25.093484	explorer.exe	8	Afternoon
2021-09-14 15:26:25.138402	explorer.exe	8	Afternoon
2021-09-14 15:26:25.457732	devenv.exe	8	Afternoon
2021-09-14 15:31:00.357120	explorer.exe	8	Afternoon
2021-09-14 15:31:00.455770	devenv.exe	8	Afternoon
2021-09-14 15:31:08.483358	devenv.exe	8	Afternoon
2021-09-14 15:31:40.515791	msedge.exe	8	Afternoon
2021-09-14 15:31:55.993317	explorer.exe	8	Afternoon
2021-09-14 15:31:56.074438	explorer.exe	8	Afternoon
2021-09-14 15:31:57.444397	devenv.exe	8	Afternoon
2021-09-14 15:33:07.605920	explorer.exe	8	Afternoon
2021-09-14 15:33:07.695758	explorer.exe	8	Afternoon
2021-09-14 15:33:09.116568	devenv.exe	8	Afternoon
2021-09-14 15:33:16.205956	explorer.exe	8	Afternoon
2021-09-14 15:33:16.275288	explorer.exe	8	Afternoon
2021-09-14 15:33:19.107139	devenv.exe	8	Afternoon
2021-09-14 15:33:22.012225	explorer.exe	8	Afternoon
2021-09-14 15:33:22.087426	explorer.exe	8	Afternoon
2021-09-14 15:33:22.250492	devenv.exe	8	Afternoon
2021-09-14 15:33:25.541298	explorer.exe	8	Afternoon
2021-09-14 15:33:25.632109	explorer.exe	8	Afternoon
2021-09-14 15:33:25.790305	devenv.exe	8	Afternoon
2021-09-14 15:33:27.501133	explorer.exe	8	Afternoon
2021-09-14 15:33:27.590969	explorer.exe	8	Afternoon
2021-09-14 15:33:27.769671	devenv.exe	8	Afternoon
2021-09-14 15:33:29.122124	explorer.exe	8	Afternoon
2021-09-14 15:33:29.197313	explorer.exe	8	Afternoon
2021-09-14 15:33:29.367224	devenv.exe	8	Afternoon
2021-09-14 15:35:42.692675	explorer.exe	8	Afternoon
2021-09-14 15:35:42.789347	explorer.exe	8	Afternoon
2021-09-14 15:35:43.292245	devenv.exe	8	Afternoon
2021-09-14 15:36:00.227684	devenv.exe	8	Afternoon
2021-09-14 15:40:55.735404	explorer.exe	8	Afternoon
2021-09-14 15:40:55.824270	devenv.exe	8	Afternoon
2021-09-14 15:41:33.754454	explorer.exe	8	Afternoon
2021-09-14 15:41:33.845270	explorer.exe	8	Afternoon
2021-09-14 15:41:34.354029	devenv.exe	8	Afternoon
2021-09-14 15:43:47.577922	explorer.exe	8	Afternoon
2021-09-14 15:43:47.658971	explorer.exe	8	Afternoon
2021-09-14 15:43:48.503643	devenv.exe	8	Afternoon
2021-09-14 15:44:04.482111	explorer.exe	8	Afternoon
2021-09-14 15:44:04.573904	explorer.exe	8	Afternoon
2021-09-14 15:44:05.124650	devenv.exe	8	Afternoon
2021-09-14 15:46:21.092640	explorer.exe	8	Afternoon
2021-09-14 15:46:21.193220	explorer.exe	8	Afternoon
2021-09-14 15:46:24.550426	Ssms.exe	8	Afternoon
2021-09-14 15:46:36.342640	explorer.exe	8	Afternoon
2021-09-14 15:46:36.405136	explorer.exe	8	Afternoon
2021-09-14 15:46:37.893345	devenv.exe	8	Afternoon
2021-09-14 15:47:05.062484	msedge.exe	8	Afternoon
2021-09-14 15:47:15.008136	devenv.exe	8	Afternoon
2021-09-14 15:47:44.549212	Ssms.exe	8	Afternoon
2021-09-14 15:47:48.326317	explorer.exe	8	Afternoon
2021-09-14 15:47:48.387834	explorer.exe	8	Afternoon
2021-09-14 15:47:48.785269	devenv.exe	8	Afternoon
2021-09-14 15:48:43.214404	TextLogger.exe	8	Afternoon
2021-09-14 15:48:47.204382	devenv.exe	8	Afternoon
2021-09-14 15:51:46.270190	Ssms.exe	8	Afternoon
2021-09-14 15:52:13.959825	explorer.exe	8	Afternoon
2021-09-14 15:52:13.994001	explorer.exe	8	Afternoon
2021-09-14 15:52:14.496899	devenv.exe	8	Afternoon
2021-09-14 15:54:54.001574	msedge.exe	8	Afternoon
2021-09-14 15:55:12.257245	devenv.exe	8	Afternoon
2021-09-14 15:55:43.650396	msedge.exe	8	Afternoon
2021-09-14 15:56:31.974453	explorer.exe	8	Afternoon
2021-09-14 15:56:32.070150	devenv.exe	8	Afternoon
2021-09-14 15:56:40.210990	msedge.exe	8	Afternoon
2021-09-14 15:56:43.230317	devenv.exe	8	Afternoon
2021-09-14 15:57:07.240498	msedge.exe	8	Afternoon
2021-09-14 15:57:10.747110	explorer.exe	8	Afternoon
2021-09-14 15:57:10.831087	devenv.exe	8	Afternoon
2021-09-14 15:57:49.433646	msedge.exe	8	Afternoon
2021-09-14 15:57:51.779198	devenv.exe	8	Afternoon
2021-09-14 15:58:40.305573	msedge.exe	8	Afternoon
2021-09-14 15:58:41.969529	explorer.exe	8	Afternoon
2021-09-14 15:58:42.045696	devenv.exe	8	Afternoon
2021-09-14 15:59:59.405977	msedge.exe	8	Afternoon
2021-09-14 16:00:11.389584	explorer.exe	8	Evening
2021-09-14 16:00:11.486259	devenv.exe	8	Evening
2021-09-14 16:00:19.586339	explorer.exe	8	Evening
2021-09-14 16:00:19.641011	explorer.exe	8	Evening
2021-09-14 16:00:21.791270	devenv.exe	8	Evening
2021-09-14 16:00:29.630607	msedge.exe	8	Evening
2021-09-14 16:00:32.498586	explorer.exe	8	Evening
2021-09-14 16:00:32.571836	explorer.exe	8	Evening
2021-09-14 16:00:32.698771	devenv.exe	8	Evening
2021-09-14 16:00:53.875148	explorer.exe	8	Evening
2021-09-14 16:00:53.951314	explorer.exe	8	Evening
2021-09-14 16:00:54.785246	devenv.exe	8	Evening
2021-09-14 16:01:01.761585	explorer.exe	8	Evening
2021-09-14 16:01:01.837758	explorer.exe	8	Evening
2021-09-14 16:01:02.089690	devenv.exe	8	Evening
2021-09-14 16:01:10.759057	explorer.exe	8	Evening
2021-09-14 16:01:10.796164	explorer.exe	8	Evening
2021-09-14 16:01:11.991399	msedge.exe	8	Evening
2021-09-14 16:01:30.875956	explorer.exe	8	Evening
2021-09-14 16:01:30.969676	devenv.exe	8	Evening
2021-09-14 16:01:34.809274	explorer.exe	8	Evening
2021-09-14 16:01:34.905948	explorer.exe	8	Evening
2021-09-14 16:01:37.248572	msedge.exe	8	Evening
2021-09-14 16:02:42.733639	explorer.exe	8	Evening
2021-09-14 16:02:42.808832	explorer.exe	8	Evening
2021-09-14 16:02:44.139799	devenv.exe	8	Evening
2021-09-14 16:02:46.403324	explorer.exe	8	Evening
2021-09-14 16:02:46.493170	explorer.exe	8	Evening
2021-09-14 16:02:46.606461	msedge.exe	8	Evening
2021-09-14 16:02:56.964175	explorer.exe	8	Evening
2021-09-14 16:02:57.044764	explorer.exe	8	Evening
2021-09-14 16:02:57.183424	devenv.exe	8	Evening
2021-09-14 16:03:05.811781	explorer.exe	8	Evening
2021-09-14 16:03:05.859626	explorer.exe	8	Evening
2021-09-14 16:03:06.000246	msedge.exe	8	Evening
2021-09-14 16:03:11.933457	explorer.exe	8	Evening
2021-09-14 16:03:12.008647	explorer.exe	8	Evening
2021-09-14 16:03:12.206877	devenv.exe	8	Evening
2021-09-14 16:03:19.009179	explorer.exe	8	Evening
2021-09-14 16:03:19.107802	explorer.exe	8	Evening
2021-09-14 16:03:19.209360	msedge.exe	8	Evening
2021-09-14 16:03:20.680944	explorer.exe	8	Evening
2021-09-14 16:03:20.749302	explorer.exe	8	Evening
2021-09-14 16:03:20.886986	devenv.exe	8	Evening
2021-09-14 16:03:22.156438	explorer.exe	8	Evening
2021-09-14 16:03:22.265968	explorer.exe	8	Evening
2021-09-14 16:03:22.357760	msedge.exe	8	Evening
2021-09-14 16:03:25.374169	explorer.exe	8	Evening
2021-09-14 16:03:25.409322	explorer.exe	8	Evening
2021-09-14 16:03:25.523573	devenv.exe	8	Evening
2021-09-14 16:03:26.630924	explorer.exe	8	Evening
2021-09-14 16:03:26.724668	explorer.exe	8	Evening
2021-09-14 16:03:27.566411	devenv.exe	8	Evening
2021-09-14 16:04:26.932728	explorer.exe	8	Evening
2021-09-14 16:04:27.109474	explorer.exe	8	Evening
2021-09-14 16:04:27.444413	devenv.exe	8	Evening
2021-09-14 16:04:36.057143	msedge.exe	8	Evening
2021-09-14 16:04:43.837895	explorer.exe	8	Evening
2021-09-14 16:04:44.327134	devenv.exe	8	Evening
2021-09-14 16:05:39.057746	msedge.exe	8	Evening
2021-09-14 16:05:40.551792	explorer.exe	8	Evening
2021-09-14 16:05:40.631865	explorer.exe	8	Evening
2021-09-14 16:05:40.792014	devenv.exe	8	Evening
2021-09-14 16:06:24.793099	msedge.exe	8	Evening
2021-09-14 16:06:53.185814	explorer.exe	8	Evening
2021-09-14 16:06:53.298112	devenv.exe	8	Evening
2021-09-14 16:06:56.397522	explorer.exe	8	Evening
2021-09-14 16:06:56.435609	explorer.exe	8	Evening
2021-09-14 16:06:57.849579	devenv.exe	8	Evening
2021-09-14 16:07:06.421295	explorer.exe	8	Evening
2021-09-14 16:07:06.492580	explorer.exe	8	Evening
2021-09-14 16:07:07.025774	devenv.exe	8	Evening
2021-09-14 16:07:21.300226	explorer.exe	8	Evening
2021-09-14 16:07:21.391039	explorer.exe	8	Evening
2021-09-14 16:07:21.852925	devenv.exe	8	Evening
2021-09-14 16:07:23.317674	explorer.exe	8	Evening
2021-09-14 16:07:23.407533	explorer.exe	8	Evening
2021-09-14 16:07:23.560824	devenv.exe	8	Evening
2021-09-14 16:07:25.628075	explorer.exe	8	Evening
2021-09-14 16:07:25.673968	explorer.exe	8	Evening
2021-09-14 16:07:26.373144	msedge.exe	8	Evening
2021-09-14 16:07:32.070051	explorer.exe	8	Evening
2021-09-14 16:07:32.157927	devenv.exe	8	Evening
2021-09-14 16:08:03.172181	explorer.exe	8	Evening
2021-09-14 16:08:03.267870	explorer.exe	8	Evening
2021-09-14 16:08:04.184718	devenv.exe	8	Evening
2021-09-14 16:08:36.929961	explorer.exe	8	Evening
2021-09-14 16:08:37.013938	explorer.exe	8	Evening
2021-09-14 16:08:37.560781	devenv.exe	8	Evening
2021-09-14 16:10:39.835639	explorer.exe	7	Evening
2021-09-14 16:10:39.913776	explorer.exe	7	Evening
2021-09-14 16:10:41.820863	msedge.exe	7	Evening
2021-09-14 16:13:39.807518	explorer.exe	7	Evening
2021-09-14 16:13:39.894426	explorer.exe	7	Evening
2021-09-14 16:13:41.115066	devenv.exe	7	Evening
2021-09-14 16:14:45.015260	msedge.exe	8	Evening
2021-09-14 16:14:53.394609	explorer.exe	8	Evening
2021-09-14 16:14:53.485418	devenv.exe	8	Evening
2021-09-14 16:15:05.606716	msedge.exe	8	Evening
2021-09-14 16:15:07.647600	devenv.exe	8	Evening
2021-09-14 16:15:08.640699	explorer.exe	8	Evening
2021-09-14 16:15:08.708076	explorer.exe	8	Evening
2021-09-14 16:15:10.162086	devenv.exe	8	Evening
2021-09-14 16:15:10.911062	explorer.exe	8	Evening
2021-09-14 16:15:10.970627	explorer.exe	8	Evening
2021-09-14 16:15:11.201081	devenv.exe	8	Evening
2021-09-14 16:15:15.084623	msedge.exe	8	Evening
2021-09-14 16:15:16.639217	explorer.exe	8	Evening
2021-09-14 16:15:16.689988	explorer.exe	8	Evening
2021-09-14 16:15:16.860135	devenv.exe	8	Evening
2021-09-14 16:15:18.323892	explorer.exe	8	Evening
2021-09-14 16:15:18.396152	explorer.exe	8	Evening
2021-09-14 16:15:18.550439	msedge.exe	8	Evening
2021-09-14 16:15:33.603187	explorer.exe	8	Evening
2021-09-14 16:15:33.692049	devenv.exe	8	Evening
2021-09-14 16:16:23.302378	msedge.exe	8	Evening
2021-09-14 16:16:33.244126	explorer.exe	8	Evening
2021-09-14 16:16:33.362282	devenv.exe	8	Evening
2021-09-14 16:17:08.277040	TextLogger.exe	8	Evening
