Type	Stopped_Time	Activated_Time	Duration(s)	Daylight	
Mouse	2021-09-07 08:40:04.831440	2021-09-07 08:40:11.106429	6.274989	Morning
Mouse	2021-09-07 08:40:20.768861	2021-09-07 08:40:26.393501	5.62464	Morning
Mouse	2021-09-07 08:41:52.658490	2021-09-07 08:42:06.828481	14.169991	Morning
Keyboard	2021-09-07 08:40:01.110942	2021-09-07 08:42:26.375069	145.264127	Morning
Mouse	2021-09-07 08:42:58.768835	2021-09-07 08:43:20.953937	22.185102	Morning
Mouse	2021-09-07 08:43:24.519141	2021-09-07 08:44:11.528878	47.009737	Morning
Mouse	2021-09-07 08:44:13.253328	2021-09-07 08:44:21.493034	8.239706	Morning
Mouse	2021-09-07 08:44:25.097322	2021-09-07 08:44:33.704163	8.606841	Morning
Mouse	2021-09-07 08:44:34.721684	2021-09-07 08:44:44.603857	9.882173	Morning
Mouse	2021-09-07 08:45:10.472320	2021-09-07 08:45:24.243909	13.771589	Morning
Mouse	2021-09-07 08:45:28.878368	2021-09-07 08:46:01.665333	32.786965	Morning
Mouse	2021-09-07 08:46:21.534189	2021-09-07 08:46:38.667845	17.133656	Morning
Mouse	2021-09-07 08:46:51.023502	2021-09-07 08:47:03.011991	11.988489	Morning
Mouse	2021-09-07 08:47:03.017851	2021-09-07 08:47:37.346708	34.328857	Morning
Mouse	2021-09-07 08:47:45.456541	2021-09-07 08:47:53.936466	8.479925	Morning
Mouse	2021-09-07 08:48:03.175134	2021-09-07 08:48:17.104904	13.92977	Morning
Mouse	2021-09-07 08:48:17.236733	2021-09-07 08:48:40.759640	23.522907	Morning
Mouse	2021-09-07 08:48:42.331808	2021-09-07 08:49:38.983456	56.651648	Morning
Mouse	2021-09-07 08:49:48.612735	2021-09-07 08:49:56.666892	8.054157	Morning
Keyboard	2021-09-07 08:42:27.080699	2021-09-07 08:50:23.371236	476.290537	Morning
Mouse	2021-09-07 08:50:40.785165	2021-09-07 08:51:19.607875	38.82271	Morning
Mouse	2021-09-07 08:51:20.986709	2021-09-07 08:52:24.060780	63.074071	Morning
Mouse	2021-09-07 08:53:01.330855	2021-09-07 08:53:25.384978	24.054123	Morning
Mouse	2021-09-07 08:53:33.940131	2021-09-07 08:57:36.803469	242.863338	Morning
Mouse	2021-09-07 08:57:38.675407	2021-09-07 09:03:27.091451	348.416044	Morning
Mouse	2021-09-07 09:03:31.190810	2021-09-07 09:03:38.477440	7.28663	Morning
Mouse	2021-09-07 09:04:22.003953	2021-09-07 09:04:28.588510	6.584557	Morning
Mouse	2021-09-07 09:04:49.206311	2021-09-07 09:04:57.352277	8.145966	Morning
Mouse	2021-09-07 09:05:03.033551	2021-09-07 09:05:08.037139	5.003588	Morning
Mouse	2021-09-07 09:05:43.643259	2021-09-07 09:05:55.000933	11.357674	Morning
Mouse	2021-09-07 09:06:17.909620	2021-09-07 09:06:55.481432	37.571812	Morning
Mouse	2021-09-07 09:07:35.956389	2021-09-07 09:33:26.559285	1550.602896	Morning
Mouse	2021-09-07 09:33:28.236914	2021-09-07 09:33:36.468819	8.231905	Morning
Mouse	2021-09-07 09:34:23.128908	2021-09-07 09:34:30.022997	6.894089	Morning
Mouse	2021-09-07 09:34:35.972812	2021-09-07 09:34:44.226189	8.253377	Morning
Keyboard	2021-09-07 08:50:24.998090	2021-09-07 09:35:29.549459	2704.551369	Morning
Mouse	2021-09-07 09:35:27.831797	2021-09-07 09:35:35.225854	7.394057	Morning
Keyboard	2021-09-07 09:35:33.909533	2021-09-07 09:36:02.921347	29.011814	Morning
Mouse	2021-09-07 09:36:11.393461	2021-09-07 09:36:18.276811	6.88335	Morning
Mouse	2021-09-07 09:36:21.768773	2021-09-07 09:36:27.322129	5.553356	Morning
Mouse	2021-09-07 09:37:10.800333	2021-09-07 09:37:26.405778	15.605445	Morning
Mouse	2021-09-07 09:37:31.488508	2021-09-07 09:37:38.974319	7.485811	Morning
Keyboard	2021-09-07 09:36:12.176615	2021-09-07 09:38:13.369569	121.192954	Morning
Keyboard	2021-09-07 09:38:30.820599	2021-09-07 09:38:40.184257	9.363658	Morning
Mouse	2021-09-07 09:38:37.847494	2021-09-07 09:38:44.712289	6.864795	Morning
Keyboard	2021-09-07 09:38:43.941845	2021-09-07 09:38:52.011625	8.06978	Morning
Mouse	2021-09-07 09:39:37.768465	2021-09-07 09:39:56.292683	18.524218	Morning
Keyboard	2021-09-07 09:38:52.488158	2021-09-07 09:40:18.179940	85.691782	Morning
Mouse	2021-09-07 09:40:16.533559	2021-09-07 09:40:29.696783	13.163224	Morning
Keyboard	2021-09-07 09:40:26.888365	2021-09-07 09:40:53.050756	26.162391	Morning
Mouse	2021-09-07 09:40:51.957075	2021-09-07 09:41:03.417278	11.460203	Morning
Keyboard	2021-09-07 09:41:01.227026	2021-09-07 09:42:36.612484	95.385458	Morning
Mouse	2021-09-07 09:42:32.190894	2021-09-07 09:42:43.725311	11.534417	Morning
Mouse	2021-09-07 09:43:45.502608	2021-09-07 09:43:52.440651	6.938043	Morning
Keyboard	2021-09-07 09:42:47.269032	2021-09-07 09:44:33.146043	105.877011	Morning
Mouse	2021-09-07 09:44:31.628563	2021-09-07 09:44:40.952192	9.323629	Morning
Mouse	2021-09-07 09:45:01.175499	2021-09-07 09:45:08.358645	7.183146	Morning
Keyboard	2021-09-07 09:44:45.401125	2021-09-07 09:46:30.610203	105.209078	Morning
Mouse	2021-09-07 09:47:20.223241	2021-09-07 09:47:26.405462	6.182221	Morning
Mouse	2021-09-07 09:48:21.550379	2021-09-07 09:48:28.089025	6.538646	Morning
Mouse	2021-09-07 09:48:31.347594	2021-09-07 09:48:47.803572	16.455978	Morning
Mouse	2021-09-07 09:48:51.112930	2021-09-07 09:49:01.029853	9.916923	Morning
Mouse	2021-09-07 09:49:26.065768	2021-09-07 09:49:36.451818	10.38605	Morning
Mouse	2021-09-07 09:49:41.284532	2021-09-07 09:49:46.362318	5.077786	Morning
Mouse	2021-09-07 09:50:28.722889	2021-09-07 09:50:34.265515	5.542626	Morning
Keyboard	2021-09-07 09:46:34.234972	2021-09-07 09:50:52.029988	257.795016	Morning
Mouse	2021-09-07 09:50:51.190199	2021-09-07 09:51:12.195690	21.005491	Morning
Mouse	2021-09-07 09:51:51.488101	2021-09-07 09:51:59.637967	8.149866	Morning
Mouse	2021-09-07 09:57:27.754671	2021-09-07 09:57:35.664311	7.90964	Morning
Mouse	2021-09-07 09:57:45.846324	2021-09-07 09:59:10.961723	85.115399	Morning
Mouse	2021-09-07 09:59:12.081768	2021-09-07 10:01:08.161253	116.079485	Morning
Mouse	2021-09-07 10:01:08.207148	2021-09-07 10:03:31.726769	143.519621	Morning
Mouse	2021-09-07 10:03:40.736935	2021-09-07 10:03:50.139686	9.402751	Morning
Mouse	2021-09-07 10:04:00.174201	2021-09-07 10:04:21.818473	21.644272	Morning
Mouse	2021-09-07 10:04:31.939928	2021-09-07 10:05:14.508611	42.568683	Morning
Mouse	2021-09-07 10:05:43.394604	2021-09-07 10:05:50.825767	7.431163	Morning
Mouse	2021-09-07 10:05:58.456139	2021-09-07 10:06:16.516506	18.060367	Morning
Mouse	2021-09-07 10:06:20.908803	2021-09-07 10:08:14.084179	113.175376	Morning
Mouse	2021-09-07 10:08:18.738177	2021-09-07 10:12:54.156419	275.418242	Morning
Mouse	2021-09-07 10:12:57.113262	2021-09-07 10:13:03.791595	6.678333	Morning
Mouse	2021-09-07 10:13:25.034351	2021-09-07 10:13:30.709747	5.675396	Morning
Mouse	2021-09-07 10:13:32.393230	2021-09-07 10:13:38.354789	5.961559	Morning
Mouse	2021-09-07 10:13:58.551712	2021-09-07 10:14:09.722884	11.171172	Morning
Mouse	2021-09-07 10:14:51.612815	2021-09-07 10:17:02.398343	130.785528	Morning
Keyboard	2021-09-07 09:51:10.956516	2021-09-07 10:17:28.419137	1577.462621	Morning
Keyboard	2021-09-07 10:17:58.637906	2021-09-07 10:18:05.603600	6.965694	Morning
Keyboard	2021-09-07 10:18:06.304729	2021-09-07 10:18:12.890244	6.585515	Morning
Mouse	2021-09-07 10:18:46.393812	2021-09-07 10:30:59.037759	732.643947	Morning
Keyboard	2021-09-07 10:18:27.948900	2021-09-07 10:31:02.973061	755.024161	Morning
Mouse	2021-09-07 10:31:07.846795	2021-09-07 10:31:22.808704	14.961909	Morning
Mouse	2021-09-07 10:31:39.019577	2021-09-07 10:31:47.666483	8.646906	Morning
Keyboard	2021-09-07 10:31:05.502190	2021-09-07 10:32:06.727763	61.225573	Morning
Keyboard	2021-09-07 10:32:12.331899	2021-09-07 10:32:17.938019	5.60612	Morning
Mouse	2021-09-07 10:32:06.816626	2021-09-07 10:32:18.454552	11.637926	Morning
Keyboard	2021-09-07 10:32:20.136086	2021-09-07 10:34:27.212911	127.076825	Morning
Keyboard	2021-09-07 10:34:59.104425	2021-09-07 10:35:15.963698	16.859273	Morning
Mouse	2021-09-07 10:35:21.456511	2021-09-07 10:35:26.665162	5.208651	Morning
Mouse	2021-09-07 10:36:32.722459	2021-09-07 10:36:41.943548	9.221089	Morning
Keyboard	2021-09-07 10:35:26.155431	2021-09-07 10:37:45.563498	139.408067	Morning
Mouse	2021-09-07 10:38:59.269719	2021-09-07 10:39:06.459687	7.189968	Morning
Mouse	2021-09-07 10:40:02.691628	2021-09-07 10:40:10.511440	7.819812	Morning
Keyboard	2021-09-07 10:37:46.166974	2021-09-07 10:41:02.369446	196.202472	Morning
Keyboard	2021-09-07 10:41:03.787327	2021-09-07 10:41:25.553519	21.766192	Morning
Mouse	2021-09-07 10:41:30.986757	2021-09-07 10:42:00.289568	29.302811	Morning
Keyboard	2021-09-07 10:42:04.052025	2021-09-07 10:42:20.286337	16.234312	Morning
Mouse	2021-09-07 10:42:27.737030	2021-09-07 10:42:35.812686	8.075656	Morning
Keyboard	2021-09-07 10:42:30.787617	2021-09-07 10:43:51.546154	80.758537	Morning
Keyboard	2021-09-07 10:43:52.989397	2021-09-07 10:44:04.487674	11.498277	Morning
Keyboard	2021-09-07 10:44:10.760713	2021-09-07 10:44:19.976965	9.216252	Morning
Mouse	2021-09-07 10:44:19.627377	2021-09-07 10:44:25.100614	5.473237	Morning
Keyboard	2021-09-07 10:44:24.721730	2021-09-07 10:44:31.256518	6.534788	Morning
Keyboard	2021-09-07 10:44:34.912486	2021-09-07 10:44:49.637165	14.724679	Morning
Keyboard	2021-09-07 10:45:03.497569	2021-09-07 10:45:29.497857	26.000288	Morning
Keyboard	2021-09-07 10:45:34.192871	2021-09-07 10:46:26.226648	52.033777	Morning
Keyboard	2021-09-07 10:46:30.616018	2021-09-07 10:46:37.906603	7.290585	Morning
Mouse	2021-09-07 10:48:38.378346	2021-09-07 10:48:43.932679	5.554333	Morning
Mouse	2021-09-07 10:50:03.706890	2021-09-07 10:50:10.709353	7.002463	Morning
Mouse	2021-09-07 10:50:16.252988	2021-09-07 10:50:23.391157	7.138169	Morning
Mouse	2021-09-07 10:52:56.055259	2021-09-07 10:53:04.105481	8.050222	Morning
Keyboard	2021-09-07 10:46:40.273604	2021-09-07 10:53:09.054382	388.780778	Morning
Keyboard	2021-09-07 10:53:21.348518	2021-09-07 10:53:38.781970	17.433452	Morning
Mouse	2021-09-07 10:53:37.737126	2021-09-07 10:53:46.753142	9.016016	Morning
Keyboard	2021-09-07 10:53:43.507256	2021-09-07 10:53:50.056640	6.549384	Morning
Mouse	2021-09-07 10:53:49.441447	2021-09-07 10:54:03.516718	14.075271	Morning
Keyboard	2021-09-07 10:53:55.971301	2021-09-07 10:54:05.480507	9.509206	Morning
Mouse	2021-09-07 10:54:03.550941	2021-09-07 10:54:17.035384	13.484443	Morning
Mouse	2021-09-07 10:54:17.863458	2021-09-07 10:54:27.822779	9.959321	Morning
Mouse	2021-09-07 10:54:33.534325	2021-09-07 10:54:41.445343	7.911018	Morning
Keyboard	2021-09-07 10:54:42.892711	2021-09-07 10:54:53.981274	11.088563	Morning
Keyboard	2021-09-07 10:54:55.573949	2021-09-07 10:55:03.874196	8.300247	Morning
Mouse	2021-09-07 10:55:01.800109	2021-09-07 10:55:09.663865	7.863756	Morning
Keyboard	2021-09-07 10:55:09.389468	2021-09-07 10:55:21.907221	12.517753	Morning
Keyboard	2021-09-07 10:55:23.412009	2021-09-07 10:55:42.270177	18.858168	Morning
Mouse	2021-09-07 10:55:41.456752	2021-09-07 10:55:50.417397	8.960645	Morning
Mouse	2021-09-07 10:56:30.175889	2021-09-07 10:56:36.762366	6.586477	Morning
Mouse	2021-09-07 10:58:22.925198	2021-09-07 11:03:06.036797	283.111599	Afternoon
Keyboard	2021-09-07 10:55:44.217050	2021-09-07 11:03:19.673618	455.456568	Afternoon
Mouse	2021-09-07 11:03:19.065262	2021-09-07 11:03:38.809113	19.743851	Afternoon
Mouse	2021-09-07 11:03:44.144710	2021-09-07 11:03:49.158059	5.013349	Afternoon
Mouse	2021-09-07 11:03:59.832219	2021-09-07 11:04:38.685164	38.852945	Afternoon
Mouse	2021-09-07 11:04:40.846157	2021-09-07 11:04:51.850350	11.004193	Afternoon
Keyboard	2021-09-07 11:03:37.943954	2021-09-07 11:04:55.387220	77.443266	Afternoon
Mouse	2021-09-07 11:04:55.144072	2021-09-07 11:05:02.616248	7.472176	Afternoon
Mouse	2021-09-07 11:05:25.269096	2021-09-07 11:05:30.418200	5.149104	Afternoon
Keyboard	2021-09-07 11:04:59.701398	2021-09-07 11:05:30.958186	31.256788	Afternoon
Keyboard	2021-09-07 11:05:33.059649	2021-09-07 11:09:57.340954	264.281305	Afternoon
Mouse	2021-09-07 11:11:10.065686	2021-09-07 11:11:16.889420	6.823734	Afternoon
Keyboard	2021-09-07 11:09:57.842876	2021-09-07 11:11:47.397234	109.554358	Afternoon
Mouse	2021-09-07 11:11:46.378745	2021-09-07 11:11:51.806131	5.427386	Afternoon
Mouse	2021-09-07 11:11:55.784392	2021-09-07 11:12:00.997929	5.213537	Afternoon
Mouse	2021-09-07 11:13:01.378826	2021-09-07 11:14:33.448361	92.069535	Afternoon
Keyboard	2021-09-07 11:11:52.421325	2021-09-07 11:14:56.234987	183.813662	Afternoon
Mouse	2021-09-07 11:16:12.722317	2021-09-07 11:16:25.434393	12.712076	Afternoon
Mouse	2021-09-07 11:16:25.737073	2021-09-07 11:16:37.314456	11.577383	Afternoon
Keyboard	2021-09-07 11:15:00.921215	2021-09-07 11:17:08.811464	127.890249	Afternoon
Keyboard	2021-09-07 11:17:09.434470	2021-09-07 11:17:14.764208	5.329738	Afternoon
Keyboard	2021-09-07 11:17:16.733809	2021-09-07 11:17:23.395500	6.661691	Afternoon
Keyboard	2021-09-07 11:17:24.219658	2021-09-07 11:17:41.610146	17.390488	Afternoon
Keyboard	2021-09-07 11:17:44.176389	2021-09-07 11:18:48.404746	64.228357	Afternoon
Keyboard	2021-09-07 11:18:49.370460	2021-09-07 11:18:57.234212	7.863752	Afternoon
Keyboard	2021-09-07 11:19:00.598256	2021-09-07 11:19:22.867338	22.269082	Afternoon
Mouse	2021-09-07 11:19:26.753843	2021-09-07 11:19:32.664561	5.910718	Afternoon
Mouse	2021-09-07 11:20:47.518170	2021-09-07 11:20:52.606710	5.08854	Afternoon
Mouse	2021-09-07 11:21:01.487061	2021-09-07 11:21:09.144714	7.657653	Afternoon
Mouse	2021-09-07 11:22:31.191257	2021-09-07 11:22:36.350071	5.158814	Afternoon
Keyboard	2021-09-07 11:19:34.036547	2021-09-07 11:24:57.476782	323.440235	Afternoon
Keyboard	2021-09-07 11:25:00.170944	2021-09-07 11:25:19.690370	19.519426	Afternoon
Keyboard	2021-09-07 11:25:19.860279	2021-09-07 11:25:46.043220	26.182941	Afternoon
Mouse	2021-09-07 11:25:57.550285	2021-09-07 11:26:03.012828	5.462543	Afternoon
Keyboard	2021-09-07 11:25:56.539574	2021-09-07 11:26:41.037702	44.498128	Afternoon
Keyboard	2021-09-07 11:26:58.035639	2021-09-07 11:27:03.556768	5.521129	Afternoon
Mouse	2021-09-07 11:26:40.080731	2021-09-07 11:27:16.748308	36.667577	Afternoon
Mouse	2021-09-07 11:29:21.847513	2021-09-07 11:29:28.684965	6.837452	Afternoon
Mouse	2021-09-07 11:30:25.330751	2021-09-07 11:30:40.216520	14.885769	Afternoon
Mouse	2021-09-07 11:30:45.628328	2021-09-07 11:30:51.578098	5.94977	Afternoon
Keyboard	2021-09-07 11:27:15.886057	2021-09-07 11:30:55.795598	219.909541	Afternoon
Mouse	2021-09-07 11:31:12.519137	2021-09-07 11:31:55.172948	42.653811	Afternoon
Keyboard	2021-09-07 11:30:56.941035	2021-09-07 11:32:29.005710	92.064675	Afternoon
Keyboard	2021-09-07 11:32:30.522215	2021-09-07 11:32:59.882640	29.360425	Afternoon
Keyboard	2021-09-07 11:33:02.802376	2021-09-07 11:33:14.397336	11.59496	Afternoon
Mouse	2021-09-07 11:33:13.721598	2021-09-07 11:33:22.203477	8.481879	Afternoon
Mouse	2021-09-07 11:37:37.519481	2021-09-07 11:37:45.068803	7.549322	Afternoon
Mouse	2021-09-07 11:38:22.377491	2021-09-07 11:38:30.863277	8.485786	Afternoon
Keyboard	2021-09-07 11:33:28.512643	2021-09-07 11:39:09.466321	340.953678	Afternoon
Mouse	2021-09-07 11:39:08.706557	2021-09-07 11:39:22.087550	13.380993	Afternoon
Keyboard	2021-09-07 11:39:23.065991	2021-09-07 11:39:34.125830	11.059839	Afternoon
Keyboard	2021-09-07 11:39:40.642990	2021-09-07 11:39:54.313013	13.670023	Afternoon
Keyboard	2021-09-07 11:39:59.131074	2021-09-07 11:40:18.401316	19.270242	Afternoon
Mouse	2021-09-07 11:40:17.661130	2021-09-07 11:40:30.362465	12.701335	Afternoon
Keyboard	2021-09-07 11:40:30.176944	2021-09-07 11:40:39.004491	8.827547	Afternoon
Keyboard	2021-09-07 11:40:41.242629	2021-09-07 11:40:49.972549	8.72992	Afternoon
Keyboard	2021-09-07 11:40:55.893057	2021-09-07 11:41:02.724651	6.831594	Afternoon
Keyboard	2021-09-07 11:41:08.161805	2021-09-07 11:41:30.008062	21.846257	Afternoon
Keyboard	2021-09-07 11:41:30.467994	2021-09-07 11:41:41.714343	11.246349	Afternoon
Mouse	2021-09-07 11:41:50.472617	2021-09-07 11:42:00.622311	10.148718	Afternoon
Keyboard	2021-09-07 11:41:50.002874	2021-09-07 11:42:01.528503	11.525629	Afternoon
Keyboard	2021-09-07 11:42:03.066493	2021-09-07 11:42:23.472667	20.406174	Afternoon
Mouse	2021-09-07 11:42:30.924338	2021-09-07 11:42:37.027461	6.103123	Afternoon
Keyboard	2021-09-07 11:42:24.342729	2021-09-07 11:42:42.778071	18.435342	Afternoon
Mouse	2021-09-07 11:43:05.097001	2021-09-07 11:43:12.433399	7.336398	Afternoon
Mouse	2021-09-07 11:44:13.410292	2021-09-07 11:44:20.719394	7.309102	Afternoon
Mouse	2021-09-07 11:44:24.143001	2021-09-07 11:44:42.963087	18.820086	Afternoon
Mouse	2021-09-07 11:44:45.207084	2021-09-07 11:49:36.382784	291.1757	Afternoon
Mouse	2021-09-07 11:49:42.658749	2021-09-07 11:50:06.976147	24.317398	Afternoon
Mouse	2021-09-07 11:50:26.331372	2021-09-07 11:50:31.969698	5.638326	Afternoon
Mouse	2021-09-07 11:50:35.502644	2021-09-07 11:50:59.923931	24.421287	Afternoon
Mouse	2021-09-07 11:51:48.753813	2021-09-07 11:51:54.039606	5.285793	Afternoon
Mouse	2021-09-07 11:51:56.425197	2021-09-07 11:52:13.746353	17.321156	Afternoon
Mouse	2021-09-07 11:52:26.018029	2021-09-07 11:54:00.207316	94.189287	Afternoon
Mouse	2021-09-07 11:54:06.847513	2021-09-07 11:54:14.571628	7.724115	Afternoon
Keyboard	2021-09-07 11:42:43.986001	2021-09-07 11:55:23.140480	759.154479	Afternoon
Keyboard	2021-09-07 11:55:25.248745	2021-09-07 11:55:43.561049	18.312304	Afternoon
Keyboard	2021-09-07 11:55:44.337368	2021-09-07 11:55:55.628637	11.291269	Afternoon
Keyboard	2021-09-07 11:55:56.378590	2021-09-07 11:56:12.693950	16.31536	Afternoon
Mouse	2021-09-07 11:56:56.143317	2021-09-07 11:57:22.497101	26.353784	Afternoon
Mouse	2021-09-07 11:57:39.378833	2021-09-07 11:57:54.622973	15.24414	Afternoon
Keyboard	2021-09-07 11:56:14.539536	2021-09-07 11:58:22.271596	127.73206	Afternoon
Keyboard	2021-09-07 11:58:23.271540	2021-09-07 11:58:39.659152	16.387612	Afternoon
Mouse	2021-09-07 11:58:36.159376	2021-09-07 11:58:50.619395	14.460019	Afternoon
Keyboard	2021-09-07 11:58:54.098661	2021-09-07 11:59:02.665494	8.566833	Afternoon
Keyboard	2021-09-07 11:59:05.016907	2021-09-07 11:59:21.618381	16.601474	Afternoon
Mouse	2021-09-07 11:59:41.988220	2021-09-07 11:59:57.288954	15.300734	Afternoon
Mouse	2021-09-07 12:00:02.222341	2021-09-07 12:00:33.116692	30.894351	Afternoon
Keyboard	2021-09-07 11:59:25.787060	2021-09-07 12:00:40.732418	74.945358	Afternoon
Keyboard	2021-09-07 12:00:42.084871	2021-09-07 12:00:52.985536	10.900665	Afternoon
Mouse	2021-09-07 12:01:18.018115	2021-09-07 12:01:25.527399	7.509284	Afternoon
Keyboard	2021-09-07 12:00:53.334149	2021-09-07 12:01:39.496276	46.162127	Afternoon
Mouse	2021-09-07 12:01:38.644726	2021-09-07 12:02:07.089192	28.444466	Afternoon
Mouse	2021-09-07 12:02:41.471760	2021-09-07 12:02:51.653962	10.182202	Afternoon
Mouse	2021-09-07 12:02:53.238174	2021-09-07 12:02:59.180383	5.942209	Afternoon
Mouse	2021-09-07 12:03:21.362411	2021-09-07 12:03:31.147920	9.785509	Afternoon
Mouse	2021-09-07 12:03:47.675181	2021-09-07 12:04:13.227258	25.552077	Afternoon
Mouse	2021-09-07 12:04:25.518462	2021-09-07 12:04:35.199487	9.681025	Afternoon
Keyboard	2021-09-07 12:02:06.282643	2021-09-07 12:04:41.582865	155.300222	Afternoon
Mouse	2021-09-07 12:04:39.222666	2021-09-07 12:04:44.939112	5.716446	Afternoon
Keyboard	2021-09-07 12:04:44.498693	2021-09-07 12:04:50.179971	5.681278	Afternoon
Keyboard	2021-09-07 12:04:52.472793	2021-09-07 12:05:20.836210	28.363417	Afternoon
Keyboard	2021-09-07 12:05:24.268617	2021-09-07 12:05:42.179571	17.910954	Afternoon
Keyboard	2021-09-07 12:05:46.643153	2021-09-07 12:05:57.165916	10.522763	Afternoon
Keyboard	2021-09-07 12:05:58.705856	2021-09-07 12:06:21.629212	22.923356	Afternoon
Keyboard	2021-09-07 12:06:22.692604	2021-09-07 12:06:28.891424	6.19882	Afternoon
Mouse	2021-09-07 12:06:24.424914	2021-09-07 12:06:29.704850	5.279936	Afternoon
Mouse	2021-09-07 12:06:32.550371	2021-09-07 12:06:38.814618	6.264247	Afternoon
Mouse	2021-09-07 12:06:43.846522	2021-09-07 12:06:50.679094	6.832572	Afternoon
Keyboard	2021-09-07 12:06:34.650821	2021-09-07 12:06:54.163246	19.512425	Afternoon
Keyboard	2021-09-07 12:06:54.657353	2021-09-07 12:07:11.767588	17.110235	Afternoon
Keyboard	2021-09-07 12:07:12.477504	2021-09-07 12:08:18.500619	66.023115	Afternoon
Mouse	2021-09-07 12:07:41.065550	2021-09-07 12:08:25.560720	44.49517	Afternoon
Keyboard	2021-09-07 12:08:23.453428	2021-09-07 12:08:28.721647	5.268219	Afternoon
Keyboard	2021-09-07 12:08:29.414960	2021-09-07 12:08:34.516196	5.101236	Afternoon
Mouse	2021-09-07 12:08:57.035265	2021-09-07 12:09:03.665727	6.630462	Afternoon
Keyboard	2021-09-07 12:08:37.187902	2021-09-07 12:09:22.160624	44.972722	Afternoon
Mouse	2021-09-07 12:09:17.440216	2021-09-07 12:09:23.735703	6.295487	Afternoon
Keyboard	2021-09-07 12:09:23.346080	2021-09-07 12:09:31.128785	7.782705	Afternoon
Keyboard	2021-09-07 12:09:34.915650	2021-09-07 12:09:57.753056	22.837406	Afternoon
Mouse	2021-09-07 12:09:56.628130	2021-09-07 12:10:09.692725	13.064595	Afternoon
Keyboard	2021-09-07 12:10:09.170294	2021-09-07 12:10:22.881382	13.711088	Afternoon
Keyboard	2021-09-07 12:10:24.382257	2021-09-07 12:10:45.753892	21.371635	Afternoon
Mouse	2021-09-07 12:10:47.799657	2021-09-07 12:10:52.884295	5.084638	Afternoon
Mouse	2021-09-07 12:11:09.581468	2021-09-07 12:11:23.479016	13.897548	Afternoon
Keyboard	2021-09-07 12:10:52.158754	2021-09-07 12:11:45.867260	53.708506	Afternoon
Mouse	2021-09-07 12:12:06.097380	2021-09-07 12:12:16.044010	9.94663	Afternoon
Keyboard	2021-09-07 12:11:46.635748	2021-09-07 12:12:44.365441	57.729693	Afternoon
Keyboard	2021-09-07 12:12:44.385950	2021-09-07 12:13:44.843013	60.457063	Afternoon
Keyboard	2021-09-07 12:13:45.146712	2021-09-07 12:13:53.080769	7.934057	Afternoon
Keyboard	2021-09-07 12:13:53.461605	2021-09-07 12:14:03.426786	9.965181	Afternoon
Keyboard	2021-09-07 12:14:05.227451	2021-09-07 12:14:15.230766	10.003315	Afternoon
Mouse	2021-09-07 12:14:22.252744	2021-09-07 12:14:37.286926	15.034182	Afternoon
Keyboard	2021-09-07 12:14:18.741237	2021-09-07 12:15:57.262273	98.521036	Afternoon
Mouse	2021-09-07 12:16:13.674309	2021-09-07 12:16:19.632912	5.958603	Afternoon
Keyboard	2021-09-07 12:16:08.691230	2021-09-07 12:16:42.538718	33.847488	Afternoon
Keyboard	2021-09-07 12:16:43.251519	2021-09-07 12:16:54.633603	11.382084	Afternoon
Keyboard	2021-09-07 12:16:54.850385	2021-09-07 12:17:21.136787	26.286402	Afternoon
Mouse	2021-09-07 12:17:19.629073	2021-09-07 12:17:25.396285	5.767212	Afternoon
Keyboard	2021-09-07 12:17:22.454085	2021-09-07 12:17:28.231060	5.776975	Afternoon
Mouse	2021-09-07 12:17:26.019289	2021-09-07 12:17:33.091102	7.071813	Afternoon
Keyboard	2021-09-07 12:17:31.595103	2021-09-07 12:17:44.140197	12.545094	Afternoon
Mouse	2021-09-07 12:17:43.658783	2021-09-07 12:17:50.580215	6.921432	Afternoon
Mouse	2021-09-07 12:17:53.221648	2021-09-07 12:17:59.877509	6.655861	Afternoon
Keyboard	2021-09-07 12:17:59.028895	2021-09-07 12:18:37.406322	38.377427	Afternoon
Mouse	2021-09-07 12:18:37.364333	2021-09-07 12:18:47.482825	10.118492	Afternoon
Keyboard	2021-09-07 12:18:47.036566	2021-09-07 12:18:57.860088	10.823522	Afternoon
Mouse	2021-09-07 12:18:57.128692	2021-09-07 12:19:03.053116	5.924424	Afternoon
Keyboard	2021-09-07 12:19:02.573703	2021-09-07 12:19:47.452621	44.878918	Afternoon
Keyboard	2021-09-07 12:19:47.488751	2021-09-07 12:20:07.245903	19.757152	Afternoon
Keyboard	2021-09-07 12:20:07.261496	2021-09-07 12:20:29.067716	21.80622	Afternoon
Keyboard	2021-09-07 12:20:34.617166	2021-09-07 12:21:23.728279	49.111113	Afternoon
Keyboard	2021-09-07 12:21:25.044599	2021-09-07 12:21:33.257943	8.213344	Afternoon
Keyboard	2021-09-07 12:21:34.115312	2021-09-07 12:21:41.473253	7.357941	Afternoon
Mouse	2021-09-07 12:21:45.174170	2021-09-07 12:21:50.212911	5.038741	Afternoon
Keyboard	2021-09-07 12:21:49.462960	2021-09-07 12:22:19.360471	29.897511	Afternoon
Mouse	2021-09-07 12:23:20.378073	2021-09-07 12:23:27.851193	7.47312	Afternoon
Mouse	2021-09-07 12:23:55.831824	2021-09-07 12:24:02.763022	6.931198	Afternoon
Mouse	2021-09-07 12:24:02.831378	2021-09-07 12:24:08.789980	5.958602	Afternoon
Mouse	2021-09-07 12:25:35.409436	2021-09-07 12:27:04.404729	88.995293	Afternoon
Mouse	2021-09-07 12:27:08.221855	2021-09-07 12:27:14.899179	6.677324	Afternoon
Mouse	2021-09-07 12:28:39.910329	2021-09-07 12:28:46.058366	6.148037	Afternoon
Mouse	2021-09-07 12:29:39.595970	2021-09-07 12:29:46.210766	6.614796	Afternoon
Mouse	2021-09-07 12:29:48.081777	2021-09-07 12:29:54.455356	6.373579	Afternoon
Keyboard	2021-09-07 12:22:23.833810	2021-09-07 12:30:01.976360	458.14255	Afternoon
Keyboard	2021-09-07 12:30:18.784869	2021-09-07 12:30:29.365231	10.580362	Afternoon
Mouse	2021-09-07 12:29:59.706974	2021-09-07 12:30:32.231259	32.524285	Afternoon
Keyboard	2021-09-07 12:30:30.554610	2021-09-07 12:30:35.901971	5.347361	Afternoon
Mouse	2021-09-07 12:30:35.066037	2021-09-07 12:30:42.250148	7.184111	Afternoon
Mouse	2021-09-07 12:30:42.784292	2021-09-07 12:30:54.666346	11.882054	Afternoon
Mouse	2021-09-07 12:31:02.972455	2021-09-07 12:31:09.706398	6.733943	Afternoon
Keyboard	2021-09-07 12:30:53.986704	2021-09-07 12:31:28.993295	35.006591	Afternoon
Keyboard	2021-09-07 12:31:29.836966	2021-09-07 12:31:36.724202	6.887236	Afternoon
Keyboard	2021-09-07 12:31:39.336916	2021-09-07 12:31:45.134392	5.797476	Afternoon
Keyboard	2021-09-07 12:31:50.436790	2021-09-07 12:32:36.331312	45.894522	Afternoon
Mouse	2021-09-07 12:32:41.034193	2021-09-07 12:32:49.334445	8.300252	Afternoon
Mouse	2021-09-07 12:32:49.456508	2021-09-07 12:32:56.908191	7.451683	Afternoon
Keyboard	2021-09-07 12:32:39.624128	2021-09-07 12:32:57.922760	18.298632	Afternoon
Keyboard	2021-09-07 12:32:58.277244	2021-09-07 12:33:11.059615	12.782371	Afternoon
Mouse	2021-09-07 12:33:10.160259	2021-09-07 12:33:17.919527	7.759268	Afternoon
Keyboard	2021-09-07 12:33:17.133445	2021-09-07 12:33:39.673999	22.540554	Afternoon
Keyboard	2021-09-07 12:33:41.454156	2021-09-07 12:34:26.637872	45.183716	Afternoon
Mouse	2021-09-07 12:34:28.612404	2021-09-07 12:34:37.557096	8.944692	Afternoon
Mouse	2021-09-07 12:34:49.612037	2021-09-07 12:34:55.761986	6.149949	Afternoon
Mouse	2021-09-07 12:35:05.769157	2021-09-07 12:35:10.917266	5.148109	Afternoon
Mouse	2021-09-07 12:35:11.769778	2021-09-07 12:35:19.013429	7.243651	Afternoon
Mouse	2021-09-07 12:35:19.707719	2021-09-07 12:35:26.725826	7.018107	Afternoon
Mouse	2021-09-07 12:35:27.612485	2021-09-07 12:35:37.149002	9.536517	Afternoon
Mouse	2021-09-07 12:36:39.597137	2021-09-07 12:36:51.340527	11.74339	Afternoon
Keyboard	2021-09-07 12:34:27.802852	2021-09-07 12:37:01.024477	153.221625	Afternoon
Keyboard	2021-09-07 12:37:06.806339	2021-09-07 12:37:21.092527	14.286188	Afternoon
Mouse	2021-09-07 12:37:26.392970	2021-09-07 12:37:36.654034	10.261064	Afternoon
Keyboard	2021-09-07 12:37:21.620860	2021-09-07 12:37:40.584443	18.963583	Afternoon
Keyboard	2021-09-07 12:37:56.706458	2021-09-07 12:38:09.225190	12.518732	Afternoon
Keyboard	2021-09-07 12:38:10.202665	2021-09-07 12:38:23.559232	13.356567	Afternoon
Mouse	2021-09-07 12:38:19.096627	2021-09-07 12:38:24.170524	5.073897	Afternoon
Keyboard	2021-09-07 12:38:24.107048	2021-09-07 12:38:32.561585	8.454537	Afternoon
Keyboard	2021-09-07 12:38:33.471684	2021-09-07 12:38:39.763273	6.291589	Afternoon
Keyboard	2021-09-07 12:38:44.251267	2021-09-07 12:38:55.069912	10.818645	Afternoon
Keyboard	2021-09-07 12:38:55.652881	2021-09-07 12:39:05.454988	9.802107	Afternoon
Keyboard	2021-09-07 12:39:06.169789	2021-09-07 12:39:13.457408	7.287619	Afternoon
Keyboard	2021-09-07 12:39:14.245442	2021-09-07 12:39:27.490689	13.245247	Afternoon
Mouse	2021-09-07 12:39:41.519735	2021-09-07 12:41:56.746431	135.226696	Afternoon
Keyboard	2021-09-07 12:39:29.558916	2021-09-07 12:43:22.553440	232.994524	Afternoon
Keyboard	2021-09-07 12:43:31.435683	2021-09-07 12:43:37.053488	5.617805	Afternoon
Keyboard	2021-09-07 12:43:37.811253	2021-09-07 12:43:51.564277	13.753024	Afternoon
Keyboard	2021-09-07 12:43:52.538823	2021-09-07 12:44:00.451403	7.91258	Afternoon
Keyboard	2021-09-07 12:44:01.076363	2021-09-07 12:44:11.009323	9.93296	Afternoon
Mouse	2021-09-07 12:44:11.190969	2021-09-07 12:44:22.499798	11.308829	Afternoon
Keyboard	2021-09-07 12:44:11.009323	2021-09-07 12:44:28.130297	17.120974	Afternoon
Mouse	2021-09-07 12:44:39.065145	2021-09-07 12:44:50.512654	11.447509	Afternoon
Mouse	2021-09-07 12:44:52.722476	2021-09-07 12:46:18.941564	86.219088	Afternoon
Mouse	2021-09-07 12:46:39.846475	2021-09-07 12:46:45.634191	5.787716	Afternoon
Mouse	2021-09-07 12:46:59.674307	2021-09-07 12:47:11.180416	11.506109	Afternoon
Mouse	2021-09-07 12:47:13.628492	2021-09-07 12:49:09.352540	115.724048	Afternoon
Mouse	2021-09-07 12:49:11.456889	2021-09-07 12:50:53.429856	101.972967	Afternoon
Mouse	2021-09-07 12:50:53.441576	2021-09-07 12:51:10.999042	17.557466	Afternoon
Mouse	2021-09-07 12:51:12.268491	2021-09-07 12:52:48.267232	95.998741	Afternoon
Mouse	2021-09-07 12:53:05.283903	2021-09-07 12:53:29.885846	24.601943	Afternoon
Mouse	2021-09-07 12:53:37.955641	2021-09-07 12:53:48.731319	10.775678	Afternoon
Mouse	2021-09-07 12:53:49.535024	2021-09-07 12:54:09.786613	20.251589	Afternoon
Mouse	2021-09-07 12:54:42.839185	2021-09-07 12:55:04.685442	21.846257	Afternoon
Mouse	2021-09-07 12:55:21.705836	2021-09-07 12:56:55.365879	93.660043	Afternoon
Mouse	2021-09-07 12:57:00.425114	2021-09-07 12:57:19.165118	18.740004	Afternoon
Mouse	2021-09-07 12:57:21.549730	2021-09-07 12:58:50.608769	89.059039	Afternoon
Mouse	2021-09-07 12:58:57.034145	2021-09-07 13:01:55.221957	178.187812	Afternoon
Mouse	2021-09-07 13:02:02.221503	2021-09-07 13:02:07.447731	5.226228	Afternoon
Mouse	2021-09-07 13:02:07.518041	2021-09-07 13:02:41.966029	34.447988	Afternoon
Mouse	2021-09-07 13:02:48.753729	2021-09-07 13:03:00.522459	11.76873	Afternoon
Mouse	2021-09-07 13:03:01.411075	2021-09-07 13:03:18.534002	17.122927	Afternoon
Mouse	2021-09-07 13:03:19.800530	2021-09-07 13:03:35.077867	15.277337	Afternoon
Mouse	2021-09-07 13:04:08.361906	2021-09-07 13:04:18.104415	9.742509	Afternoon
Keyboard	2021-09-07 12:44:32.041178	2021-09-07 13:04:49.712736	1217.671558	Afternoon
Mouse	2021-09-07 13:04:48.800686	2021-09-07 13:04:55.977963	7.177277	Afternoon
Mouse	2021-09-07 13:05:12.799149	2021-09-07 13:05:18.462852	5.663703	Afternoon
Mouse	2021-09-07 13:05:19.784055	2021-09-07 13:05:24.838419	5.054364	Afternoon
Mouse	2021-09-07 13:05:35.315287	2021-09-07 13:06:06.118004	30.802717	Afternoon
Mouse	2021-09-07 13:06:10.377497	2021-09-07 13:06:39.667614	29.290117	Afternoon
Mouse	2021-09-07 13:06:47.159322	2021-09-07 13:06:54.741846	7.582524	Afternoon
Keyboard	2021-09-07 13:04:55.048332	2021-09-07 13:07:08.017395	132.969063	Afternoon
Mouse	2021-09-07 13:07:04.581059	2021-09-07 13:07:32.245303	27.664244	Afternoon
Keyboard	2021-09-07 13:07:30.969018	2021-09-07 13:07:39.539757	8.570739	Afternoon
Mouse	2021-09-07 13:07:38.643333	2021-09-07 13:07:48.548952	9.905619	Afternoon
Mouse	2021-09-07 13:07:54.331779	2021-09-07 13:08:01.389922	7.058143	Afternoon
Keyboard	2021-09-07 13:07:47.536331	2021-09-07 13:08:25.281988	37.745657	Afternoon
Mouse	2021-09-07 13:08:23.334851	2021-09-07 13:08:28.427294	5.092443	Afternoon
Keyboard	2021-09-07 13:08:27.708590	2021-09-07 13:08:38.270423	10.561833	Afternoon
Mouse	2021-09-07 13:10:30.284300	2021-09-07 13:10:36.467955	6.183655	Afternoon
Mouse	2021-09-07 13:13:46.753344	2021-09-07 13:13:52.299410	5.546066	Afternoon
Mouse	2021-09-07 13:13:54.285316	2021-09-07 13:14:08.174420	13.889104	Afternoon
Mouse	2021-09-07 13:14:12.659386	2021-09-07 13:14:27.762506	15.10312	Afternoon
Mouse	2021-09-07 13:14:27.769340	2021-09-07 13:14:37.800253	10.030913	Afternoon
Mouse	2021-09-07 13:14:44.643256	2021-09-07 13:14:53.825480	9.182224	Afternoon
Mouse	2021-09-07 13:15:01.066012	2021-09-07 13:15:07.122415	6.056403	Afternoon
Keyboard	2021-09-07 13:08:44.044763	2021-09-07 13:15:41.418932	417.374169	Afternoon
Keyboard	2021-09-07 13:15:41.432602	2021-09-07 13:15:51.211970	9.779368	Afternoon
Mouse	2021-09-07 13:15:52.940072	2021-09-07 13:17:52.764752	119.82468	Afternoon
Mouse	2021-09-07 13:18:03.487627	2021-09-07 13:18:08.623700	5.136073	Afternoon
Keyboard	2021-09-07 13:15:52.057164	2021-09-07 13:18:10.341024	138.28386	Afternoon
Mouse	2021-09-07 13:18:11.269791	2021-09-07 13:18:17.456801	6.18701	Afternoon
Mouse	2021-09-07 13:18:20.597892	2021-09-07 13:18:28.310778	7.712886	Afternoon
Mouse	2021-09-07 13:18:33.831656	2021-09-07 13:19:16.479583	42.647927	Afternoon
Mouse	2021-09-07 13:20:11.613020	2021-09-07 13:20:25.086245	13.473225	Afternoon
Keyboard	2021-09-07 13:18:25.232428	2021-09-07 13:20:43.078572	137.846144	Afternoon
Mouse	2021-09-07 13:20:51.378336	2021-09-07 13:20:56.425420	5.047084	Afternoon
Keyboard	2021-09-07 13:20:51.490165	2021-09-07 13:20:56.513821	5.023656	Afternoon
Keyboard	2021-09-07 13:20:56.547997	2021-09-07 13:21:01.578261	5.030264	Afternoon
Keyboard	2021-09-07 13:21:06.305195	2021-09-07 13:21:18.680634	12.375439	Afternoon
Keyboard	2021-09-07 13:21:19.803843	2021-09-07 13:21:28.966860	9.163017	Afternoon
Mouse	2021-09-07 13:21:30.299978	2021-09-07 13:21:35.701162	5.401184	Afternoon
Keyboard	2021-09-07 13:21:30.777487	2021-09-07 13:21:37.923070	7.145583	Afternoon
Keyboard	2021-09-07 13:21:42.793111	2021-09-07 13:22:04.685440	21.892329	Afternoon
Mouse	2021-09-07 13:22:07.222344	2021-09-07 13:22:13.350630	6.128286	Afternoon
Keyboard	2021-09-07 13:22:07.196971	2021-09-07 13:22:13.600934	6.403963	Afternoon
Keyboard	2021-09-07 13:22:14.424274	2021-09-07 13:22:36.651901	22.227627	Afternoon
Keyboard	2021-09-07 13:22:38.298409	2021-09-07 13:22:45.892466	7.594057	Afternoon
Mouse	2021-09-07 13:22:45.956918	2021-09-07 13:22:53.124128	7.16721	Afternoon
Keyboard	2021-09-07 13:22:47.141098	2021-09-07 13:22:59.258774	12.117676	Afternoon
Mouse	2021-09-07 13:23:04.003563	2021-09-07 13:23:11.963639	7.960076	Afternoon
Keyboard	2021-09-07 13:22:59.308559	2021-09-07 13:23:12.181499	12.87294	Afternoon
Mouse	2021-09-07 13:23:26.144618	2021-09-07 13:23:45.662785	19.518167	Afternoon
Mouse	2021-09-07 13:24:12.785328	2021-09-07 13:24:37.790958	25.00563	Afternoon
Keyboard	2021-09-07 13:23:12.237672	2021-09-07 13:24:37.986838	85.749166	Afternoon
Keyboard	2021-09-07 13:24:38.265169	2021-09-07 13:24:52.693778	14.428609	Afternoon
Mouse	2021-09-07 13:24:42.314779	2021-09-07 13:24:52.717722	10.402943	Afternoon
Keyboard	2021-09-07 13:24:56.026964	2021-09-07 13:25:14.942165	18.915201	Afternoon
Mouse	2021-09-07 13:24:56.613427	2021-09-07 13:25:15.655005	19.041578	Afternoon
Mouse	2021-09-07 13:25:17.518383	2021-09-07 13:26:14.573272	57.054889	Afternoon
Keyboard	2021-09-07 13:25:19.691913	2021-09-07 13:26:36.092979	76.401066	Afternoon
Mouse	2021-09-07 13:26:27.769660	2021-09-07 13:26:37.870410	10.10075	Afternoon
Keyboard	2021-09-07 13:26:39.488669	2021-09-07 13:27:02.391202	22.902533	Afternoon
Keyboard	2021-09-07 13:27:03.342055	2021-09-07 13:32:30.069832	326.727777	Afternoon
Mouse	2021-09-07 13:27:03.315691	2021-09-07 13:32:31.951420	328.635729	Afternoon
Mouse	2021-09-07 13:32:32.971401	2021-09-07 13:35:24.262307	171.290906	Afternoon
Mouse	2021-09-07 13:35:24.269143	2021-09-07 13:36:12.165253	47.89611	Afternoon
Mouse	2021-09-07 13:36:20.158531	2021-09-07 13:36:28.311845	8.153314	Afternoon
Mouse	2021-09-07 13:36:40.238341	2021-09-07 13:38:20.745035	100.506694	Afternoon
Keyboard	2021-09-07 13:32:35.496581	2021-09-07 13:38:27.049629	351.553048	Afternoon
Mouse	2021-09-07 13:38:24.361970	2021-09-07 13:38:40.298275	15.936305	Afternoon
Mouse	2021-09-07 13:38:57.799934	2021-09-07 13:39:02.853091	5.053157	Afternoon
Mouse	2021-09-07 13:39:45.737142	2021-09-07 13:39:51.485458	5.748316	Afternoon
Keyboard	2021-09-07 13:38:38.875768	2021-09-07 13:40:42.772961	123.897193	Afternoon
Mouse	2021-09-07 13:40:41.456089	2021-09-07 13:41:05.637642	24.181553	Afternoon
Keyboard	2021-09-07 13:41:04.521461	2021-09-07 13:41:13.774537	9.253076	Afternoon
Mouse	2021-09-07 13:41:11.128903	2021-09-07 13:41:23.325899	12.196996	Afternoon
Keyboard	2021-09-07 13:41:22.849295	2021-09-07 13:41:30.875522	8.026227	Afternoon
Keyboard	2021-09-07 13:41:35.201964	2021-09-07 13:41:41.707751	6.505787	Afternoon
Keyboard	2021-09-07 13:41:43.919906	2021-09-07 13:41:51.898819	7.978913	Afternoon
Mouse	2021-09-07 13:41:29.987752	2021-09-07 13:41:55.618328	25.630576	Afternoon
Mouse	2021-09-07 13:42:50.800340	2021-09-07 13:42:59.041995	8.241655	Afternoon
Mouse	2021-09-07 13:43:22.410159	2021-09-07 13:48:43.887458	321.477299	Afternoon
Mouse	2021-09-07 13:49:07.095995	2021-09-07 13:49:13.180394	6.084399	Afternoon
Keyboard	2021-09-07 13:41:54.768675	2021-09-07 13:49:56.896227	482.127552	Afternoon
Mouse	2021-09-07 13:49:53.268821	2021-09-07 13:50:01.627544	8.358723	Afternoon
Mouse	2021-09-07 13:50:34.643451	2021-09-07 13:50:42.869603	8.226152	Afternoon
Mouse	2021-09-07 13:50:42.878392	2021-09-07 13:50:54.851380	11.972988	Afternoon
Mouse	2021-09-07 13:50:55.520372	2021-09-07 13:51:11.072916	15.552544	Afternoon
Mouse	2021-09-07 13:51:11.080727	2021-09-07 13:51:20.373956	9.293229	Afternoon
Keyboard	2021-09-07 13:50:01.381652	2021-09-07 13:52:54.117260	172.735608	Afternoon
Mouse	2021-09-07 13:53:02.755690	2021-09-07 13:53:12.416146	9.660456	Afternoon
Mouse	2021-09-07 13:53:12.535281	2021-09-07 13:53:43.275508	30.740227	Afternoon
Mouse	2021-09-07 13:54:43.299429	2021-09-07 13:54:52.714086	9.414657	Afternoon
Mouse	2021-09-07 13:55:02.956039	2021-09-07 13:55:16.334265	13.378226	Afternoon
Mouse	2021-09-07 13:55:17.643017	2021-09-07 13:55:27.632444	9.989427	Afternoon
Mouse	2021-09-07 13:55:55.518847	2021-09-07 13:56:03.444808	7.925961	Afternoon
Mouse	2021-09-07 13:56:25.861692	2021-09-07 13:56:33.832507	7.970815	Afternoon
Mouse	2021-09-07 13:56:34.346797	2021-09-07 13:57:48.371845	74.025048	Afternoon
Mouse	2021-09-07 13:57:54.205348	2021-09-07 13:57:59.576275	5.370927	Afternoon
Mouse	2021-09-07 13:58:09.316403	2021-09-07 13:58:18.057085	8.740682	Afternoon
Mouse	2021-09-07 13:58:25.801754	2021-09-07 13:58:34.158139	8.356385	Afternoon
Mouse	2021-09-07 13:59:22.690859	2021-09-07 13:59:28.675052	5.984193	Afternoon
Mouse	2021-09-07 13:59:32.627451	2021-09-07 13:59:38.814243	6.186792	Afternoon
Mouse	2021-09-07 13:59:48.440863	2021-09-07 14:00:02.037518	13.596655	Afternoon
Mouse	2021-09-07 14:00:28.252721	2021-09-07 14:00:33.823442	5.570721	Afternoon
Mouse	2021-09-07 14:01:10.174147	2021-09-07 14:01:20.976146	10.801999	Afternoon
Mouse	2021-09-07 14:01:56.190680	2021-09-07 14:02:03.574640	7.38396	Afternoon
Mouse	2021-09-07 14:02:03.690850	2021-09-07 14:02:09.194560	5.50371	Afternoon
Mouse	2021-09-07 14:02:12.113012	2021-09-07 14:02:20.510776	8.397764	Afternoon
Mouse	2021-09-07 14:02:45.831488	2021-09-07 14:03:13.711451	27.879963	Afternoon
Mouse	2021-09-07 14:03:18.831459	2021-09-07 14:03:42.481686	23.650227	Afternoon
Mouse	2021-09-07 14:03:42.488523	2021-09-07 14:04:20.095815	37.607292	Afternoon
Mouse	2021-09-07 14:04:44.956563	2021-09-07 14:04:54.383631	9.427068	Afternoon
Keyboard	2021-09-07 13:52:54.605509	2021-09-07 14:04:59.551405	724.945896	Afternoon
Mouse	2021-09-07 14:04:54.394371	2021-09-07 14:05:24.525318	30.130947	Afternoon
Mouse	2021-09-07 14:06:05.190323	2021-09-07 14:06:12.073261	6.882938	Afternoon
Mouse	2021-09-07 14:06:12.081035	2021-09-07 14:06:17.638777	5.557742	Afternoon
Mouse	2021-09-07 14:06:24.877965	2021-09-07 14:06:34.287670	9.409705	Afternoon
Mouse	2021-09-07 14:06:48.612090	2021-09-07 14:07:28.402962	39.790872	Afternoon
Mouse	2021-09-07 14:07:41.518383	2021-09-07 14:07:48.128365	6.609982	Afternoon
Mouse	2021-09-07 14:07:48.222108	2021-09-07 14:08:03.063749	14.841641	Afternoon
Mouse	2021-09-07 14:08:03.955869	2021-09-07 14:08:37.746555	33.790686	Afternoon
Mouse	2021-09-07 14:08:49.362648	2021-09-07 14:08:54.875559	5.512911	Afternoon
Keyboard	2021-09-07 14:05:23.364063	2021-09-07 14:09:18.993283	235.62922	Afternoon
Mouse	2021-09-07 14:09:17.191658	2021-09-07 14:09:25.292756	8.101098	Afternoon
Mouse	2021-09-07 14:09:34.128682	2021-09-07 14:09:40.820162	6.69148	Afternoon
Mouse	2021-09-07 14:09:46.441225	2021-09-07 14:10:45.825214	59.383989	Afternoon
Mouse	2021-09-07 14:10:45.940440	2021-09-07 14:11:01.954276	16.013836	Afternoon
Mouse	2021-09-07 14:11:02.643749	2021-09-07 14:11:09.941586	7.297837	Afternoon
Mouse	2021-09-07 14:11:13.643873	2021-09-07 14:11:40.469516	26.825643	Afternoon
Mouse	2021-09-07 14:12:10.190920	2021-09-07 14:12:15.317702	5.126782	Afternoon
Mouse	2021-09-07 14:13:02.847626	2021-09-07 14:13:56.075361	53.227735	Afternoon
Mouse	2021-09-07 14:13:58.940253	2021-09-07 14:14:05.434245	6.493992	Afternoon
Mouse	2021-09-07 14:14:08.457295	2021-09-07 14:14:19.120007	10.662712	Afternoon
Mouse	2021-09-07 14:14:19.174206	2021-09-07 14:14:24.888351	5.714145	Afternoon
Mouse	2021-09-07 14:14:27.456929	2021-09-07 14:14:36.103182	8.646253	Afternoon
Mouse	2021-09-07 14:14:42.660256	2021-09-07 14:14:48.414441	5.754185	Afternoon
Mouse	2021-09-07 14:15:24.128185	2021-09-07 14:15:30.118735	5.99055	Afternoon
Mouse	2021-09-07 14:15:38.238302	2021-09-07 14:15:53.256346	15.018044	Afternoon
Mouse	2021-09-07 14:16:05.565854	2021-09-07 14:16:20.654027	15.088173	Afternoon
Keyboard	2021-09-07 14:09:24.514908	2021-09-07 14:17:04.926869	460.411961	Afternoon
Mouse	2021-09-07 14:16:49.612384	2021-09-07 14:17:05.476180	15.863796	Afternoon
Mouse	2021-09-07 14:17:16.800804	2021-09-07 14:21:10.970186	234.169382	Afternoon
Keyboard	2021-09-07 14:17:10.805101	2021-09-07 14:21:38.330211	267.52511	Afternoon
Mouse	2021-09-07 14:21:51.987408	2021-09-07 14:21:58.619632	6.632224	Afternoon
Mouse	2021-09-07 14:22:22.800685	2021-09-07 14:22:34.523990	11.723305	Afternoon
Mouse	2021-09-07 14:22:49.472250	2021-09-07 14:23:00.022283	10.550033	Afternoon
Mouse	2021-09-07 14:23:52.099590	2021-09-07 14:24:45.023217	52.923627	Afternoon
Mouse	2021-09-07 14:25:17.159748	2021-09-07 14:25:23.068415	5.908667	Afternoon
Mouse	2021-09-07 14:25:24.565973	2021-09-07 14:25:30.370180	5.804207	Afternoon
Keyboard	2021-09-07 14:21:38.827383	2021-09-07 14:25:54.466415	255.639032	Afternoon
Mouse	2021-09-07 14:26:17.412357	2021-09-07 14:32:25.295443	367.883086	Afternoon
Mouse	2021-09-07 14:32:59.830554	2021-09-07 14:34:55.200503	115.369949	Afternoon
Mouse	2021-09-07 14:34:59.769406	2021-09-07 14:48:24.381751	804.612345	Afternoon
Mouse	2021-09-07 14:48:29.815738	2021-09-07 14:50:17.647482	107.831744	Afternoon
Mouse	2021-09-07 14:50:25.910397	2021-09-07 14:50:59.858156	33.947759	Afternoon
Mouse	2021-09-07 14:51:19.597239	2021-09-07 14:51:33.360896	13.763657	Afternoon
Keyboard	2021-09-07 14:25:54.639257	2021-09-07 14:51:37.537938	1542.898681	Afternoon
Mouse	2021-09-07 14:51:36.456405	2021-09-07 14:51:53.389835	16.93343	Afternoon
Mouse	2021-09-07 14:51:55.721480	2021-09-07 14:52:38.305038	42.583558	Afternoon
Mouse	2021-09-07 14:52:41.442391	2021-09-07 14:52:58.573192	17.130801	Afternoon
Mouse	2021-09-07 14:52:59.284599	2021-09-07 14:53:12.416351	13.131752	Afternoon
Mouse	2021-09-07 14:53:13.142865	2021-09-07 14:53:28.648973	15.506108	Afternoon
Mouse	2021-09-07 14:53:29.019067	2021-09-07 14:54:33.640935	64.621868	Afternoon
Keyboard	2021-09-07 14:51:39.107684	2021-09-07 14:54:48.940055	189.832371	Afternoon
Keyboard	2021-09-07 14:54:49.617759	2021-09-07 14:55:00.724647	11.106888	Afternoon
Keyboard	2021-09-07 14:55:01.355978	2021-09-07 14:55:41.476157	40.120179	Afternoon
Mouse	2021-09-07 14:56:10.285239	2021-09-07 14:56:15.899266	5.614027	Afternoon
Keyboard	2021-09-07 14:55:48.322724	2021-09-07 14:58:32.195021	163.872297	Afternoon
Mouse	2021-09-07 14:56:18.553262	2021-09-07 14:58:34.335326	135.782064	Afternoon
Keyboard	2021-09-07 14:58:33.388987	2021-09-07 14:58:42.476338	9.087351	Afternoon
Keyboard	2021-09-07 14:58:49.401009	2021-09-07 14:58:58.790196	9.389187	Afternoon
Keyboard	2021-09-07 14:59:02.736051	2021-09-07 14:59:44.241332	41.505281	Afternoon
Mouse	2021-09-07 14:59:05.799871	2021-09-07 14:59:49.991858	44.191987	Afternoon
Keyboard	2021-09-07 14:59:51.122387	2021-09-07 15:00:42.736915	51.614528	Afternoon
Keyboard	2021-09-07 15:00:58.034637	2021-09-07 15:01:09.859788	11.825151	Afternoon
Mouse	2021-09-07 15:00:02.300486	2021-09-07 15:01:28.516845	86.216359	Afternoon
Keyboard	2021-09-07 15:01:15.326139	2021-09-07 15:01:35.429083	20.102944	Afternoon
Keyboard	2021-09-07 15:01:37.613267	2021-09-07 15:02:01.268971	23.655704	Afternoon
Keyboard	2021-09-07 15:02:08.827702	2021-09-07 15:02:56.376586	47.548884	Afternoon
Keyboard	2021-09-07 15:02:57.406972	2021-09-07 15:03:05.762687	8.355715	Afternoon
Mouse	2021-09-07 15:01:37.643536	2021-09-07 15:03:11.278965	93.635429	Afternoon
Keyboard	2021-09-07 15:03:10.709507	2021-09-07 15:03:16.944170	6.234663	Afternoon
Mouse	2021-09-07 15:03:12.816105	2021-09-07 15:04:58.247157	105.431052	Afternoon
Keyboard	2021-09-07 15:03:18.853621	2021-09-07 15:05:47.046543	148.192922	Afternoon
Mouse	2021-09-07 15:05:07.051843	2021-09-07 15:05:48.122860	41.071017	Afternoon
Keyboard	2021-09-07 15:05:49.709285	2021-09-07 15:05:59.513343	9.804058	Afternoon
Mouse	2021-09-07 15:05:50.206324	2021-09-07 15:07:21.720112	91.513788	Afternoon
Mouse	2021-09-07 15:07:52.848496	2021-09-07 15:07:58.070388	5.221892	Afternoon
Mouse	2021-09-07 15:08:29.784586	2021-09-07 15:08:43.046853	13.262267	Afternoon
Mouse	2021-09-07 15:09:57.832701	2021-09-07 15:10:25.163608	27.330907	Afternoon
Mouse	2021-09-07 15:10:55.768223	2021-09-07 15:11:01.060650	5.291451	Afternoon
Mouse	2021-09-07 15:11:09.533897	2021-09-07 15:12:38.991280	89.457383	Afternoon
Mouse	2021-09-07 15:13:38.299125	2021-09-07 15:13:57.200208	18.901083	Afternoon
Mouse	2021-09-07 15:14:05.127608	2021-09-07 15:14:13.354200	8.226592	Afternoon
Mouse	2021-09-07 15:14:14.487693	2021-09-07 15:14:33.312627	18.824934	Afternoon
Mouse	2021-09-07 15:14:34.894343	2021-09-07 15:14:43.325993	8.43165	Afternoon
Keyboard	2021-09-07 15:06:02.536686	2021-09-07 15:14:51.176219	528.639533	Afternoon
Mouse	2021-09-07 15:14:53.393030	2021-09-07 15:15:00.362640	6.96961	Afternoon
Keyboard	2021-09-07 15:14:51.825590	2021-09-07 15:15:21.015907	29.190317	Afternoon
Keyboard	2021-09-07 15:15:22.978433	2021-09-07 15:15:39.236228	16.257795	Afternoon
Mouse	2021-09-07 15:15:23.002802	2021-09-07 15:15:40.786205	17.783403	Afternoon
Mouse	2021-09-07 15:15:42.065009	2021-09-07 15:16:17.619502	35.554493	Afternoon
Keyboard	2021-09-07 15:15:42.496931	2021-09-07 15:16:19.324381	36.82745	Afternoon
Mouse	2021-09-07 15:16:20.534831	2021-09-07 15:16:36.225041	15.69021	Afternoon
Keyboard	2021-09-07 15:16:19.736464	2021-09-07 15:16:45.599645	25.863181	Afternoon
Mouse	2021-09-07 15:16:40.222804	2021-09-07 15:17:04.561499	24.338695	Afternoon
Keyboard	2021-09-07 15:16:46.147067	2021-09-07 15:17:13.155410	27.008343	Afternoon
Mouse	2021-09-07 15:17:09.862997	2021-09-07 15:17:17.159054	7.296057	Afternoon
Keyboard	2021-09-07 15:17:18.171463	2021-09-07 15:17:23.195246	5.023783	Afternoon
Keyboard	2021-09-07 15:17:24.318740	2021-09-07 15:17:47.583946	23.265206	Afternoon
Mouse	2021-09-07 15:17:18.128421	2021-09-07 15:17:51.057052	32.928631	Afternoon
Keyboard	2021-09-07 15:17:50.593585	2021-09-07 15:18:06.924473	16.330888	Afternoon
Mouse	2021-09-07 15:18:00.583618	2021-09-07 15:18:07.565046	6.981428	Afternoon
Keyboard	2021-09-07 15:18:16.573300	2021-09-07 15:18:26.320384	9.747084	Afternoon
Mouse	2021-09-07 15:18:10.863313	2021-09-07 15:18:28.874194	18.010881	Afternoon
Keyboard	2021-09-07 15:18:27.692067	2021-09-07 15:18:35.182277	7.49021	Afternoon
Keyboard	2021-09-07 15:18:36.034915	2021-09-07 15:18:48.844462	12.809547	Afternoon
Keyboard	2021-09-07 15:18:49.732378	2021-09-07 15:18:56.220629	6.488251	Afternoon
Mouse	2021-09-07 15:18:47.112390	2021-09-07 15:18:56.369056	9.256666	Afternoon
Keyboard	2021-09-07 15:18:58.611787	2021-09-07 15:19:23.174082	24.562295	Afternoon
Mouse	2021-09-07 15:18:56.378820	2021-09-07 15:19:28.206608	31.827788	Afternoon
Keyboard	2021-09-07 15:19:26.509591	2021-09-07 15:19:47.888866	21.379275	Afternoon
Keyboard	2021-09-07 15:19:49.182000	2021-09-07 15:19:58.670312	9.488312	Afternoon
Mouse	2021-09-07 15:19:47.426993	2021-09-07 15:20:00.014352	12.587359	Afternoon
Keyboard	2021-09-07 15:20:04.726156	2021-09-07 15:20:16.904670	12.178514	Afternoon
Mouse	2021-09-07 15:20:04.050472	2021-09-07 15:20:17.930740	13.880268	Afternoon
Keyboard	2021-09-07 15:20:17.731465	2021-09-07 15:20:38.915949	21.184484	Afternoon
Keyboard	2021-09-07 15:20:39.995787	2021-09-07 15:20:48.406146	8.410359	Afternoon
Mouse	2021-09-07 15:20:37.253286	2021-09-07 15:20:52.308246	15.05496	Afternoon
Keyboard	2021-09-07 15:20:49.566406	2021-09-07 15:21:18.726187	29.159781	Afternoon
Mouse	2021-09-07 15:21:17.315000	2021-09-07 15:21:28.075602	10.760602	Afternoon
Keyboard	2021-09-07 15:21:25.138437	2021-09-07 15:21:35.196479	10.058042	Afternoon
Mouse	2021-09-07 15:21:38.676496	2021-09-07 15:21:47.776873	9.100377	Afternoon
Keyboard	2021-09-07 15:21:47.213103	2021-09-07 15:21:55.442022	8.228919	Afternoon
Mouse	2021-09-07 15:21:54.691497	2021-09-07 15:22:02.668715	7.977218	Afternoon
Keyboard	2021-09-07 15:22:01.729168	2021-09-07 15:22:15.657666	13.928498	Afternoon
Mouse	2021-09-07 15:22:22.252700	2021-09-07 15:22:32.750748	10.498048	Afternoon
Keyboard	2021-09-07 15:22:19.316682	2021-09-07 15:23:43.198329	83.881647	Afternoon
Keyboard	2021-09-07 15:23:45.066992	2021-09-07 15:24:01.346692	16.2797	Afternoon
Mouse	2021-09-07 15:23:40.456892	2021-09-07 15:24:09.802453	29.345561	Afternoon
Keyboard	2021-09-07 15:24:02.257314	2021-09-07 15:24:17.205660	14.948346	Afternoon
Keyboard	2021-09-07 15:24:20.008908	2021-09-07 15:24:26.595337	6.586429	Afternoon
Mouse	2021-09-07 15:24:25.425289	2021-09-07 15:24:31.279290	5.854001	Afternoon
Mouse	2021-09-07 15:24:32.307592	2021-09-07 15:25:19.256422	46.94883	Afternoon
Mouse	2021-09-07 15:25:54.190520	2021-09-07 15:26:05.864104	11.673584	Afternoon
Keyboard	2021-09-07 15:24:32.286106	2021-09-07 15:26:08.833586	96.54748	Afternoon
Keyboard	2021-09-07 15:26:12.063402	2021-09-07 15:26:18.533914	6.470512	Afternoon
Keyboard	2021-09-07 15:26:19.340122	2021-09-07 15:26:45.030550	25.690428	Afternoon
Keyboard	2021-09-07 15:26:47.917425	2021-09-07 15:27:00.849115	12.93169	Afternoon
Mouse	2021-09-07 15:26:53.033564	2021-09-07 15:27:31.772469	38.738905	Afternoon
Mouse	2021-09-07 15:27:37.646239	2021-09-07 15:27:42.832129	5.18589	Afternoon
Mouse	2021-09-07 15:27:46.128792	2021-09-07 15:28:37.526818	51.398026	Afternoon
Keyboard	2021-09-07 15:27:31.011265	2021-09-07 15:28:58.468643	87.457378	Afternoon
Mouse	2021-09-07 15:28:57.189837	2021-09-07 15:29:04.040698	6.850861	Afternoon
Mouse	2021-09-07 15:29:09.287052	2021-09-07 15:29:16.498774	7.211722	Afternoon
Keyboard	2021-09-07 15:29:01.699719	2021-09-07 15:29:21.808681	20.108962	Afternoon
Mouse	2021-09-07 15:29:17.112578	2021-09-07 15:29:22.512375	5.399797	Afternoon
Mouse	2021-09-07 15:29:22.705724	2021-09-07 15:29:31.619505	8.913781	Afternoon
Keyboard	2021-09-07 15:29:28.446350	2021-09-07 15:29:44.746231	16.299881	Afternoon
Mouse	2021-09-07 15:29:46.330482	2021-09-07 15:29:56.479939	10.149457	Afternoon
Mouse	2021-09-07 15:30:14.080694	2021-09-07 15:30:23.413413	9.332719	Afternoon
Mouse	2021-09-07 15:30:30.690016	2021-09-07 15:30:38.445904	7.755888	Afternoon
Mouse	2021-09-07 15:30:40.659558	2021-09-07 15:30:47.194682	6.535124	Afternoon
Mouse	2021-09-07 15:31:02.752285	2021-09-07 15:31:23.531819	20.779534	Afternoon
Mouse	2021-09-07 15:31:23.675885	2021-09-07 15:31:28.927407	5.251522	Afternoon
Mouse	2021-09-07 15:31:31.644307	2021-09-07 15:31:46.953469	15.309162	Afternoon
Mouse	2021-09-07 15:32:34.722214	2021-09-07 15:32:41.307081	6.584867	Afternoon
Keyboard	2021-09-07 15:29:55.812938	2021-09-07 15:32:49.460258	173.64732	Afternoon
Mouse	2021-09-07 15:32:47.158647	2021-09-07 17:18:36.857641	6349.698994	Evening
Mouse	2021-09-07 17:19:56.849330	2021-09-07 17:20:10.838669	13.989339	Evening
Mouse	2021-09-07 17:20:12.019257	2021-09-07 17:20:24.997917	12.97866	Evening
Mouse	2021-09-07 17:20:44.926330	2021-09-07 17:21:23.015690	38.08936	Evening
Mouse	2021-09-07 17:21:47.737788	2021-09-07 17:21:54.356504	6.618716	Evening
Keyboard	2021-09-07 15:32:49.520807	2021-09-07 17:22:06.841060	6557.320253	Evening
Mouse	2021-09-07 17:22:17.815203	2021-09-07 17:22:24.773735	6.958532	Evening
Mouse	2021-09-07 17:22:29.221652	2021-09-07 17:22:34.900000	5.678348	Evening
Keyboard	2021-09-07 17:22:08.239410	2021-09-07 17:22:39.581340	31.34193	Evening
Keyboard	2021-09-07 17:22:40.460197	2021-09-07 17:22:59.301767	18.84157	Evening
Mouse	2021-09-07 17:22:58.143627	2021-09-07 17:23:11.277553	13.133926	Evening
Keyboard	2021-09-07 17:23:10.742434	2021-09-07 17:23:15.875891	5.133457	Evening
Keyboard	2021-09-07 17:23:15.875891	2021-09-07 17:23:28.684641	12.80875	Evening
Mouse	2021-09-07 17:23:27.799969	2021-09-07 17:23:37.020047	9.220078	Evening
Keyboard	2021-09-07 17:23:35.781843	2021-09-07 17:23:40.809843	5.028	Evening
Mouse	2021-09-07 17:23:41.930133	2021-09-07 17:23:47.600444	5.670311	Evening
Keyboard	2021-09-07 17:23:49.289814	2021-09-07 17:23:57.790248	8.500434	Evening
Mouse	2021-09-07 17:24:03.363089	2021-09-07 17:24:11.214203	7.851114	Evening
Keyboard	2021-09-07 17:23:58.246229	2021-09-07 17:24:22.305233	24.059004	Evening
Mouse	2021-09-07 17:24:21.519153	2021-09-07 17:24:33.375813	11.85666	Evening
Mouse	2021-09-07 17:24:39.111776	2021-09-07 17:24:55.266278	16.154502	Evening
Keyboard	2021-09-07 17:24:26.585280	2021-09-07 17:24:59.639984	33.054704	Evening
Keyboard	2021-09-07 17:25:03.689530	2021-09-07 17:25:09.447950	5.75842	Evening
Keyboard	2021-09-07 17:25:11.033786	2021-09-07 17:25:26.820862	15.787076	Evening
Mouse	2021-09-07 17:24:58.925188	2021-09-07 17:25:50.781287	51.856099	Evening
Keyboard	2021-09-07 17:25:32.913247	2021-09-07 17:26:07.503872	34.590625	Evening
Mouse	2021-09-07 17:25:59.955474	2021-09-07 17:26:35.937532	35.982058	Evening
Mouse	2021-09-07 17:26:40.315192	2021-09-07 17:26:50.126082	9.81089	Evening
Keyboard	2021-09-07 17:26:23.892405	2021-09-07 17:26:54.669732	30.777327	Evening
Keyboard	2021-09-07 17:26:55.180442	2021-09-07 17:27:06.682682	11.50224	Evening
Keyboard	2021-09-07 17:27:09.016469	2021-09-07 17:27:16.258241	7.241772	Evening
Mouse	2021-09-07 17:27:14.799303	2021-09-07 17:27:22.209963	7.41066	Evening
Keyboard	2021-09-07 17:27:37.798807	2021-09-07 17:27:43.273066	5.474259	Evening
Mouse	2021-09-07 17:28:03.033529	2021-09-07 17:28:09.843651	6.810122	Evening
Mouse	2021-09-07 17:28:13.768186	2021-09-07 17:28:22.524462	8.756276	Evening
Mouse	2021-09-07 17:28:24.549769	2021-09-07 17:28:33.787458	9.237689	Evening
Mouse	2021-09-07 17:29:00.283876	2021-09-07 17:29:12.898254	12.614378	Evening
Mouse	2021-09-07 17:29:28.471477	2021-09-07 17:29:33.636183	5.164706	Evening
Mouse	2021-09-07 17:29:35.142925	2021-09-07 17:30:13.305569	38.162644	Evening
Mouse	2021-09-07 17:30:13.362165	2021-09-07 17:30:20.300209	6.938044	Evening
Mouse	2021-09-07 17:30:25.768638	2021-09-07 17:30:38.799983	13.031345	Evening
Mouse	2021-09-07 17:30:42.067355	2021-09-07 17:30:48.864768	6.797413	Evening
Mouse	2021-09-07 17:31:35.956481	2021-09-07 17:31:41.315512	5.359031	Evening
Mouse	2021-09-07 17:31:46.393313	2021-09-07 17:32:34.198120	47.804807	Evening
Mouse	2021-09-07 17:32:40.268044	2021-09-07 17:32:50.025196	9.757152	Evening
Keyboard	2021-09-07 17:27:43.467390	2021-09-07 17:33:00.412993	316.945603	Evening
Mouse	2021-09-07 17:32:59.050496	2021-09-07 17:34:12.122328	73.071832	Evening
Mouse	2021-09-07 17:34:19.988026	2021-09-07 17:34:37.983943	17.995917	Evening
Keyboard	2021-09-07 17:33:16.872682	2021-09-07 17:34:44.411266	87.538584	Evening
Keyboard	2021-09-07 17:34:46.769546	2021-09-07 17:35:01.234407	14.464861	Evening
Mouse	2021-09-07 17:34:38.189984	2021-09-07 17:35:03.112221	24.922237	Evening
Mouse	2021-09-07 17:35:33.393511	2021-09-07 17:36:15.933741	42.54023	Evening
Mouse	2021-09-07 17:36:27.330694	2021-09-07 17:46:02.314205	574.983511	Evening
Mouse	2021-09-07 17:46:23.550152	2021-09-07 17:47:41.828343	78.278191	Evening
Mouse	2021-09-07 17:49:01.972630	2021-09-07 17:49:34.612140	32.63951	Evening
Keyboard	2021-09-07 17:35:01.983418	2021-09-07 17:50:00.223783	898.240365	Evening
Mouse	2021-09-07 17:49:58.941638	2021-09-07 17:50:11.382248	12.44061	Evening
Mouse	2021-09-07 17:50:37.081776	2021-09-07 17:50:48.476554	11.394778	Evening
Mouse	2021-09-07 17:51:10.314998	2021-09-07 17:51:18.639661	8.324663	Evening
Mouse	2021-09-07 17:53:06.237278	2021-09-07 17:53:11.837495	5.600217	Evening
Mouse	2021-09-07 17:53:21.113268	2021-09-07 17:53:37.779194	16.665926	Evening
Mouse	2021-09-07 17:53:44.690861	2021-09-07 17:53:56.047556	11.356695	Evening
Mouse	2021-09-07 17:54:49.644711	2021-09-07 17:55:04.336153	14.691442	Evening
Mouse	2021-09-07 17:58:18.160219	2021-09-07 17:58:25.947805	7.787586	Evening
Mouse	2021-09-07 17:58:27.706482	2021-09-07 17:58:36.617059	8.910577	Evening
Mouse	2021-09-07 17:59:30.534492	2021-09-07 17:59:41.134399	10.599907	Evening
Mouse	2021-09-07 18:00:22.175717	2021-09-07 18:00:30.069746	7.894029	Evening
Mouse	2021-09-07 18:00:31.377311	2021-09-07 18:00:41.690093	10.312782	Evening
Mouse	2021-09-07 18:01:43.628513	2021-09-07 18:02:00.117690	16.489177	Evening
Mouse	2021-09-07 18:02:19.018935	2021-09-07 18:02:30.658334	11.639399	Evening
Keyboard	2021-09-07 17:50:10.589329	2021-09-07 18:02:44.085325	753.495996	Evening
Mouse	2021-09-07 18:02:42.424298	2021-09-07 18:02:51.880725	9.456427	Evening
Mouse	2021-09-07 18:02:54.550476	2021-09-07 18:03:12.533701	17.983225	Evening
Mouse	2021-09-07 18:03:14.736683	2021-09-07 18:05:18.338150	123.601467	Evening
Mouse	2021-09-07 18:05:42.050497	2021-09-07 18:05:50.498214	8.447717	Evening
Mouse	2021-09-07 18:05:50.753064	2021-09-07 18:06:15.605968	24.852904	Evening
Mouse	2021-09-07 18:06:31.456526	2021-09-07 18:06:36.521621	5.065095	Evening
Mouse	2021-09-07 18:06:42.580807	2021-09-07 18:06:48.782554	6.201747	Evening
Mouse	2021-09-07 18:07:04.252267	2021-09-07 18:07:12.167781	7.915514	Evening
Mouse	2021-09-07 18:07:18.611701	2021-09-07 18:07:36.790224	18.178523	Evening
Mouse	2021-09-07 18:07:56.081959	2021-09-07 18:08:05.126302	9.044343	Evening
Mouse	2021-09-07 18:08:07.174996	2021-09-07 18:08:52.903516	45.72852	Evening
Mouse	2021-09-07 18:09:23.549992	2021-09-07 18:09:29.986103	6.436111	Evening
Mouse	2021-09-07 18:09:39.317538	2021-09-07 18:09:46.043670	6.726132	Evening
Mouse	2021-09-07 18:09:53.878127	2021-09-07 18:10:05.322713	11.444586	Evening
Mouse	2021-09-07 18:10:11.315488	2021-09-07 18:11:53.767918	102.45243	Evening
Mouse	2021-09-07 18:12:01.333840	2021-09-07 18:12:14.814440	13.4806	Evening
Mouse	2021-09-07 18:12:15.143500	2021-09-07 18:12:32.950955	17.807455	Evening
Mouse	2021-09-07 18:12:43.035271	2021-09-07 18:12:49.528029	6.492758	Evening
Mouse	2021-09-07 18:12:49.534855	2021-09-07 18:12:59.095766	9.560911	Evening
Mouse	2021-09-07 18:13:17.721526	2021-09-07 18:13:23.151843	5.430317	Evening
Mouse	2021-09-07 18:13:31.752857	2021-09-07 18:13:52.516728	20.763871	Evening
Mouse	2021-09-07 18:13:53.174876	2021-09-07 18:14:06.965987	13.791111	Evening
Mouse	2021-09-07 18:14:22.958127	2021-09-07 18:14:35.110670	12.152543	Evening
Mouse	2021-09-07 18:14:48.863710	2021-09-07 18:14:54.650454	5.786744	Evening
Mouse	2021-09-07 18:15:03.331521	2021-09-07 18:15:16.359008	13.027487	Evening
Mouse	2021-09-07 18:15:18.753385	2021-09-07 18:15:29.576910	10.822548	Evening
Mouse	2021-09-07 18:15:37.175056	2021-09-07 18:15:47.668525	10.493469	Evening
Mouse	2021-09-07 18:15:50.580449	2021-09-07 18:16:00.947950	10.367501	Evening
Mouse	2021-09-07 18:16:54.268755	2021-09-07 18:17:01.166751	6.897996	Evening
Mouse	2021-09-07 18:17:03.815997	2021-09-07 18:17:11.748105	7.932108	Evening
Mouse	2021-09-07 18:17:35.175317	2021-09-07 18:17:46.173635	10.998318	Evening
Mouse	2021-09-07 18:17:47.518276	2021-09-07 18:17:55.966969	8.448693	Evening
Mouse	2021-09-07 18:18:06.644005	2021-09-07 18:18:12.078228	5.434223	Evening
Mouse	2021-09-07 18:18:15.863143	2021-09-07 18:18:21.890101	6.026958	Evening
Mouse	2021-09-07 18:18:22.581464	2021-09-07 18:18:29.556602	6.975138	Evening
Mouse	2021-09-07 18:18:29.628868	2021-09-07 18:18:44.127935	14.499067	Evening
Mouse	2021-09-07 18:18:44.987257	2021-09-07 18:18:51.786643	6.799386	Evening
Mouse	2021-09-07 18:18:54.159528	2021-09-07 18:19:14.023726	19.864198	Evening
Mouse	2021-09-07 18:19:27.675857	2021-09-07 18:19:43.198298	15.522441	Evening
Mouse	2021-09-07 18:20:12.206205	2021-09-07 18:20:31.750855	19.54465	Evening
Mouse	2021-09-07 18:20:43.799886	2021-09-07 18:22:36.682311	112.882425	Evening
Mouse	2021-09-07 18:22:49.377787	2021-09-07 18:24:55.585282	126.207495	Evening
Mouse	2021-09-07 18:25:00.364805	2021-09-07 18:25:14.418577	14.053772	Evening
Mouse	2021-09-07 18:25:25.097584	2021-09-07 18:25:40.427656	15.330072	Evening
Mouse	2021-09-07 18:26:00.955640	2021-09-07 18:26:14.742842	13.787202	Evening
Mouse	2021-09-07 18:26:50.518916	2021-09-07 18:28:18.214432	87.695516	Evening
Mouse	2021-09-07 18:28:21.502306	2021-09-07 18:28:59.531224	38.028918	Evening
Mouse	2021-09-07 18:29:25.534344	2021-09-07 18:29:30.977358	5.443014	Evening
Mouse	2021-09-07 18:29:32.613972	2021-09-07 18:29:39.842998	7.229026	Evening
Mouse	2021-09-07 18:29:46.815221	2021-09-07 18:29:54.700445	7.885224	Evening
Mouse	2021-09-07 18:30:08.158568	2021-09-07 18:30:22.557063	14.398495	Evening
Mouse	2021-09-07 18:30:27.425892	2021-09-07 18:30:36.160684	8.734792	Evening
Mouse	2021-09-07 18:30:48.175541	2021-09-07 18:31:07.773895	19.598354	Evening
Mouse	2021-09-07 18:31:44.112388	2021-09-07 18:31:55.070680	10.958292	Evening
Mouse	2021-09-07 18:32:06.549428	2021-09-07 18:32:15.485383	8.935955	Evening
Mouse	2021-09-07 18:32:22.377518	2021-09-07 18:32:28.709145	6.331627	Evening
Mouse	2021-09-07 18:32:30.565519	2021-09-07 18:33:00.494218	29.928699	Evening
Mouse	2021-09-07 18:33:09.111831	2021-09-07 18:36:01.562709	172.450878	Evening
Mouse	2021-09-07 18:36:03.643639	2021-09-07 18:36:37.074107	33.430468	Evening
Mouse	2021-09-07 18:36:39.128664	2021-09-07 18:36:58.063980	18.935316	Evening
Mouse	2021-09-07 18:37:01.674096	2021-09-07 18:37:30.759189	29.085093	Evening
Mouse	2021-09-07 18:37:40.237093	2021-09-07 18:37:48.556856	8.319763	Evening
Mouse	2021-09-07 18:37:51.252955	2021-09-07 18:38:01.155640	9.902685	Evening
Keyboard	2021-09-07 18:02:51.546760	2021-09-07 18:38:12.715448	2121.168688	Evening
Mouse	2021-09-07 18:38:10.440202	2021-09-07 18:38:21.386767	10.946565	Evening
Keyboard	2021-09-07 18:38:20.378043	2021-09-07 18:38:37.858369	17.480326	Evening
Mouse	2021-09-07 18:40:11.955861	2021-09-07 18:40:31.450078	19.494217	Evening
Mouse	2021-09-07 18:40:36.581585	2021-09-07 18:40:53.526789	16.945204	Evening
Mouse	2021-09-07 18:41:00.346699	2021-09-07 18:41:08.916429	8.56973	Evening
Mouse	2021-09-07 18:41:14.362370	2021-09-07 18:41:21.708592	7.346222	Evening
Mouse	2021-09-07 18:41:26.455392	2021-09-07 18:41:47.274325	20.818933	Evening
Mouse	2021-09-07 18:41:47.581922	2021-09-07 18:41:58.361507	10.779585	Evening
Mouse	2021-09-07 18:41:58.504077	2021-09-07 18:42:04.587671	6.083594	Evening
Mouse	2021-09-07 18:42:20.205858	2021-09-07 18:42:31.185578	10.97972	Evening
Mouse	2021-09-07 18:42:50.503679	2021-09-07 18:42:57.318677	6.814998	Evening
Mouse	2021-09-07 18:43:15.894631	2021-09-07 18:43:20.902122	5.007491	Evening
Mouse	2021-09-07 18:43:25.597135	2021-09-07 18:43:35.088724	9.491589	Evening
Mouse	2021-09-07 18:43:35.800582	2021-09-07 18:43:47.257858	11.457276	Evening
Mouse	2021-09-07 18:44:27.128352	2021-09-07 18:44:37.661490	10.533138	Evening
Mouse	2021-09-07 18:44:55.082045	2021-09-07 18:45:55.813348	60.731303	Evening
Keyboard	2021-09-07 18:38:45.436008	2021-09-07 18:46:05.204322	439.768314	Evening
Mouse	2021-09-07 18:46:11.940233	2021-09-07 18:46:16.980727	5.040494	Evening
Mouse	2021-09-07 18:46:18.112730	2021-09-07 18:46:30.214255	12.101525	Evening
Mouse	2021-09-07 18:46:49.065143	2021-09-07 18:47:11.114249	22.049106	Evening
Mouse	2021-09-07 18:47:25.002607	2021-09-07 18:54:21.298355	416.295748	Evening
Mouse	2021-09-07 18:54:30.158963	2021-09-07 18:56:17.590406	107.431443	Evening
Mouse	2021-09-07 18:56:30.033620	2021-09-07 19:00:01.190010	211.15639	Evening
Mouse	2021-09-08 08:06:06.238502	2021-09-08 08:06:38.525490	32.286988	Morning
Mouse	2021-09-08 08:06:40.425757	2021-09-08 08:06:46.580656	6.154899	Morning
Keyboard	2021-09-08 08:05:29.690496	2021-09-08 08:07:18.624767	108.934271	Morning
Mouse	2021-09-08 08:07:17.393398	2021-09-08 08:07:29.651405	12.258007	Morning
Keyboard	2021-09-08 08:07:30.274409	2021-09-08 08:07:37.098193	6.823784	Morning
Mouse	2021-09-08 08:07:56.815905	2021-09-08 08:10:53.929129	177.113224	Morning
Keyboard	2021-09-08 08:07:37.249550	2021-09-08 08:10:59.827189	202.577639	Morning
Keyboard	2021-09-08 08:11:01.493101	2021-09-08 08:11:31.363258	29.870157	Morning
Mouse	2021-09-08 08:12:41.768912	2021-09-08 08:12:47.091814	5.322902	Morning
Mouse	2021-09-08 08:12:54.486843	2021-09-08 08:13:00.009927	5.523084	Morning
Mouse	2021-09-08 08:13:00.550909	2021-09-08 08:15:22.518386	141.967477	Morning
Mouse	2021-09-08 08:15:27.331718	2021-09-08 08:16:25.603380	58.271662	Morning
Mouse	2021-09-08 08:17:59.050569	2021-09-08 08:18:04.820680	5.770111	Morning
Mouse	2021-09-08 08:18:51.691685	2021-09-08 08:18:59.487085	7.7954	Morning
Mouse	2021-09-08 08:19:02.535719	2021-09-08 08:19:11.203150	8.667431	Morning
Mouse	2021-09-08 08:19:12.612223	2021-09-08 08:19:18.444859	5.832636	Morning
Mouse	2021-09-08 08:19:37.690730	2021-09-08 08:20:01.659867	23.969137	Morning
Mouse	2021-09-08 08:20:06.642970	2021-09-08 08:20:35.650856	29.007886	Morning
Mouse	2021-09-08 08:20:36.097114	2021-09-08 08:21:46.451009	70.353895	Morning
Mouse	2021-09-08 08:21:50.003515	2021-09-08 08:22:06.086471	16.082956	Morning
Mouse	2021-09-08 08:22:08.925156	2021-09-08 08:22:16.715674	7.790518	Morning
Mouse	2021-09-08 08:22:16.972505	2021-09-08 08:22:23.088310	6.115805	Morning
Mouse	2021-09-08 08:22:26.675975	2021-09-08 08:23:02.545747	35.869772	Morning
Mouse	2021-09-08 08:23:14.518613	2021-09-08 08:29:21.999805	367.481192	Morning
Mouse	2021-09-08 08:30:09.747700	2021-09-08 08:30:18.184083	8.436383	Morning
Mouse	2021-09-08 08:30:55.121171	2021-09-08 08:31:03.445835	8.324664	Morning
Mouse	2021-09-08 08:31:19.776829	2021-09-08 08:31:32.842393	13.065564	Morning
Mouse	2021-09-08 08:32:01.590551	2021-09-08 08:32:06.755257	5.164706	Morning
Mouse	2021-09-08 08:32:21.512126	2021-09-08 08:32:34.469305	12.957179	Morning
Mouse	2021-09-08 08:32:56.106592	2021-09-08 08:33:45.898483	49.791891	Morning
Mouse	2021-09-08 08:33:47.340774	2021-09-08 08:34:16.669961	29.329187	Morning
Mouse	2021-09-08 08:34:19.714678	2021-09-08 08:34:26.031656	6.316978	Morning
Mouse	2021-09-08 08:34:33.762610	2021-09-08 08:34:44.903497	11.140887	Morning
Mouse	2021-09-08 08:34:44.918180	2021-09-08 08:34:52.176467	7.258287	Morning
Mouse	2021-09-08 08:34:57.104865	2021-09-08 08:35:07.889330	10.784465	Morning
Mouse	2021-09-08 08:35:08.667628	2021-09-08 08:36:06.658038	57.99041	Morning
Mouse	2021-09-08 08:36:28.292385	2021-09-08 08:36:36.125915	7.83353	Morning
Mouse	2021-09-08 08:36:41.620646	2021-09-08 08:37:10.358232	28.737586	Morning
Mouse	2021-09-08 08:37:10.512522	2021-09-08 08:37:48.305534	37.793012	Morning
Mouse	2021-09-08 08:37:49.621891	2021-09-08 08:39:27.753272	98.131381	Morning
Mouse	2021-09-08 08:39:29.918171	2021-09-08 08:40:11.675264	41.757093	Morning
Mouse	2021-09-08 08:40:17.932711	2021-09-08 08:40:39.346381	21.41367	Morning
Mouse	2021-09-08 08:40:45.887166	2021-09-08 08:40:53.324157	7.436991	Morning
Mouse	2021-09-08 08:40:53.339782	2021-09-08 09:01:04.245207	1210.905425	Morning
Mouse	2021-09-08 09:01:06.386670	2021-09-08 09:02:13.644086	67.257416	Morning
Mouse	2021-09-08 09:03:00.902791	2021-09-08 09:03:06.663153	5.760362	Morning
Mouse	2021-09-08 09:03:06.838924	2021-09-08 09:03:24.861784	18.02286	Morning
Mouse	2021-09-08 09:03:31.448224	2021-09-08 09:03:37.503534	6.05531	Morning
Mouse	2021-09-08 09:03:40.058024	2021-09-08 09:03:49.564252	9.506228	Morning
Mouse	2021-09-08 09:03:53.089417	2021-09-08 09:04:12.626254	19.536837	Morning
Mouse	2021-09-08 09:04:20.074995	2021-09-08 09:04:27.924155	7.84916	Morning
Mouse	2021-09-08 09:04:36.074981	2021-09-08 09:04:42.564765	6.489784	Morning
Mouse	2021-09-08 09:04:48.136675	2021-09-08 09:04:58.049127	9.912452	Morning
Mouse	2021-09-08 09:04:58.089161	2021-09-08 09:06:17.692648	79.603487	Morning
Keyboard	2021-09-08 08:11:41.035504	2021-09-08 09:06:47.497372	3306.461868	Morning
Mouse	2021-09-08 09:07:01.543348	2021-09-08 09:07:07.894503	6.351155	Morning
Keyboard	2021-09-08 09:06:48.145768	2021-09-08 09:07:12.710601	24.564833	Morning
Mouse	2021-09-08 09:07:09.671737	2021-09-08 09:07:29.032814	19.361077	Morning
Keyboard	2021-09-08 09:07:28.318003	2021-09-08 09:07:43.901963	15.58396	Morning
Mouse	2021-09-08 09:07:42.198995	2021-09-08 09:07:53.859349	11.660354	Morning
Mouse	2021-09-08 09:08:10.512568	2021-09-08 09:08:16.485852	5.973284	Morning
Keyboard	2021-09-08 09:07:53.475569	2021-09-08 09:08:19.082329	25.60676	Morning
Mouse	2021-09-08 09:08:21.495263	2021-09-08 09:08:31.353029	9.857766	Morning
Mouse	2021-09-08 09:08:48.980806	2021-09-08 09:09:36.129155	47.148349	Morning
Keyboard	2021-09-08 09:08:19.477812	2021-09-08 09:09:37.901504	78.423692	Morning
Mouse	2021-09-08 09:10:02.355993	2021-09-08 09:10:40.026433	37.67044	Morning
Keyboard	2021-09-08 09:09:38.656339	2021-09-08 09:11:13.494994	94.838655	Morning
Mouse	2021-09-08 09:11:08.089140	2021-09-08 09:11:14.548639	6.459499	Morning
Mouse	2021-09-08 09:11:24.621243	2021-09-08 09:11:32.900005	8.278762	Morning
Mouse	2021-09-08 09:11:39.010977	2021-09-08 09:11:46.001706	6.990729	Morning
Keyboard	2021-09-08 09:11:13.942232	2021-09-08 09:12:02.831686	48.889454	Morning
Mouse	2021-09-08 09:11:52.887005	2021-09-08 09:12:03.750568	10.863563	Morning
Mouse	2021-09-08 09:12:03.870676	2021-09-08 09:12:10.346835	6.476159	Morning
Keyboard	2021-09-08 09:12:09.525588	2021-09-08 09:13:01.833159	52.307571	Morning
Mouse	2021-09-08 09:13:00.479777	2021-09-08 09:13:07.408991	6.929214	Morning
Keyboard	2021-09-08 09:13:04.447249	2021-09-08 09:13:10.006466	5.559217	Morning
Mouse	2021-09-08 09:13:37.669734	2021-09-08 09:13:45.598915	7.929181	Morning
Keyboard	2021-09-08 09:13:12.070785	2021-09-08 09:14:16.072548	64.001763	Morning
Keyboard	2021-09-08 09:14:43.572833	2021-09-08 09:14:52.897430	9.324597	Morning
Mouse	2021-09-08 09:14:50.714955	2021-09-08 09:14:55.827908	5.112953	Morning
Keyboard	2021-09-08 09:15:00.663538	2021-09-08 09:15:05.928824	5.265286	Morning
Keyboard	2021-09-08 09:15:18.479779	2021-09-08 09:15:33.948514	15.468735	Morning
Mouse	2021-09-08 09:15:44.823794	2021-09-08 09:16:28.908912	44.085118	Morning
Mouse	2021-09-08 09:16:34.261059	2021-09-08 09:18:31.799450	117.538391	Morning
Keyboard	2021-09-08 09:15:34.556876	2021-09-08 09:18:32.856009	178.299133	Morning
Mouse	2021-09-08 09:19:07.636010	2021-09-08 09:19:13.901232	6.265222	Morning
Mouse	2021-09-08 09:19:23.761939	2021-09-08 09:19:28.880743	5.118804	Morning
Mouse	2021-09-08 09:19:33.763245	2021-09-08 09:19:39.432086	5.668841	Morning
Mouse	2021-09-08 09:20:02.839764	2021-09-08 09:20:13.897651	11.057887	Morning
Mouse	2021-09-08 09:20:17.292945	2021-09-08 09:20:22.425427	5.132482	Morning
Mouse	2021-09-08 09:20:28.949423	2021-09-08 09:20:37.056325	8.106902	Morning
Mouse	2021-09-08 09:20:37.073939	2021-09-08 09:20:43.577439	6.5035	Morning
Mouse	2021-09-08 09:21:03.200161	2021-09-08 09:21:08.672466	5.472305	Morning
Mouse	2021-09-08 09:21:08.683234	2021-09-08 09:21:14.188716	5.505482	Morning
Mouse	2021-09-08 09:21:23.589481	2021-09-08 09:21:29.238534	5.649053	Morning
Mouse	2021-09-08 09:21:45.276617	2021-09-08 09:22:28.662463	43.385846	Morning
Mouse	2021-09-08 09:23:10.808648	2021-09-08 09:23:17.019079	6.210431	Morning
Mouse	2021-09-08 09:23:25.120599	2021-09-08 09:23:33.543001	8.422402	Morning
Mouse	2021-09-08 09:23:37.355369	2021-09-08 09:23:44.110661	6.755292	Morning
Keyboard	2021-09-08 09:18:34.240685	2021-09-08 09:24:08.807051	334.566366	Morning
Mouse	2021-09-08 09:24:05.372596	2021-09-08 09:25:01.181088	55.808492	Morning
Mouse	2021-09-08 09:25:01.387618	2021-09-08 09:25:32.871253	31.483635	Morning
Keyboard	2021-09-08 09:24:22.953940	2021-09-08 09:26:17.223356	114.269416	Morning
Keyboard	2021-09-08 09:26:19.070651	2021-09-08 09:27:01.665223	42.594572	Morning
Mouse	2021-09-08 09:26:48.651812	2021-09-08 09:28:27.393450	98.741638	Morning
Mouse	2021-09-08 09:28:28.464822	2021-09-08 09:28:47.665176	19.200354	Morning
Mouse	2021-09-08 09:28:49.917450	2021-09-08 09:29:00.018093	10.100643	Morning
Mouse	2021-09-08 09:29:00.059110	2021-09-08 09:29:17.493440	17.43433	Morning
Mouse	2021-09-08 09:29:25.714292	2021-09-08 09:29:31.632528	5.918236	Morning
Mouse	2021-09-08 09:29:39.698803	2021-09-08 09:29:56.530772	16.831969	Morning
Keyboard	2021-09-08 09:27:01.791701	2021-09-08 09:30:24.855677	203.063976	Morning
Mouse	2021-09-08 09:31:29.761121	2021-09-08 09:31:47.851305	18.090184	Morning
Mouse	2021-09-08 09:31:48.745552	2021-09-08 09:31:55.067680	6.322128	Morning
Mouse	2021-09-08 09:31:59.480634	2021-09-08 09:32:05.011483	5.530849	Morning
Keyboard	2021-09-08 09:30:25.797274	2021-09-08 09:33:38.821607	193.024333	Morning
Mouse	2021-09-08 09:33:37.761131	2021-09-08 09:33:51.303232	13.542101	Morning
Mouse	2021-09-08 09:34:33.808685	2021-09-08 09:35:30.668327	56.859642	Morning
Mouse	2021-09-08 09:35:31.979764	2021-09-08 09:35:42.170528	10.190764	Morning
Mouse	2021-09-08 09:35:49.589965	2021-09-08 09:36:06.478533	16.888568	Morning
Keyboard	2021-09-08 09:33:50.558162	2021-09-08 09:37:40.375846	229.817684	Morning
Mouse	2021-09-08 09:37:43.964486	2021-09-08 09:37:53.489263	9.524777	Morning
Mouse	2021-09-08 09:38:05.276608	2021-09-08 09:38:16.176287	10.899679	Morning
Mouse	2021-09-08 09:38:22.479594	2021-09-08 09:38:27.583761	5.104167	Morning
Mouse	2021-09-08 09:39:14.887562	2021-09-08 09:39:19.936069	5.048507	Morning
Mouse	2021-09-08 09:39:36.323737	2021-09-08 09:39:43.978476	7.654739	Morning
Mouse	2021-09-08 09:39:49.215491	2021-09-08 09:39:55.314664	6.099173	Morning
Mouse	2021-09-08 09:39:55.401619	2021-09-08 09:40:04.020167	8.618548	Morning
Mouse	2021-09-08 09:41:53.465306	2021-09-08 09:42:04.186312	10.721006	Morning
Mouse	2021-09-08 09:42:53.011346	2021-09-08 09:43:06.006559	12.995213	Morning
Mouse	2021-09-08 09:43:46.777387	2021-09-08 09:44:07.120812	20.343425	Morning
Mouse	2021-09-08 09:44:07.840492	2021-09-08 10:09:49.529737	1541.689245	Morning
Mouse	2021-09-08 10:09:49.933054	2021-09-08 10:09:59.172701	9.239647	Morning
Mouse	2021-09-08 10:10:56.808620	2021-09-08 10:11:06.287506	9.478886	Morning
Mouse	2021-09-08 10:11:25.370317	2021-09-08 10:11:45.494957	20.12464	Morning
Mouse	2021-09-08 10:12:20.152931	2021-09-08 10:12:28.735357	8.582426	Morning
Mouse	2021-09-08 10:12:54.807903	2021-09-08 10:13:02.006679	7.198776	Morning
Mouse	2021-09-08 10:13:04.605128	2021-09-08 10:13:19.085650	14.480522	Morning
Mouse	2021-09-08 10:13:25.481750	2021-09-08 10:13:37.699798	12.218048	Morning
Mouse	2021-09-08 10:13:45.057925	2021-09-08 10:14:30.571852	45.513927	Morning
Mouse	2021-09-08 10:14:41.450062	2021-09-08 10:15:07.493319	26.043257	Morning
Mouse	2021-09-08 10:15:19.198659	2021-09-08 10:15:25.197263	5.998604	Morning
Mouse	2021-09-08 10:16:04.433033	2021-09-08 10:18:01.274187	116.841154	Morning
Mouse	2021-09-08 10:18:13.371072	2021-09-08 10:18:46.890409	33.519337	Morning
Mouse	2021-09-08 10:19:29.385783	2021-09-08 10:19:56.450412	27.064629	Morning
Mouse	2021-09-08 10:20:07.089378	2021-09-08 10:22:02.647628	115.55825	Morning
Mouse	2021-09-08 10:22:11.231075	2021-09-08 10:22:22.924650	11.693575	Morning
Mouse	2021-09-08 10:22:23.762489	2021-09-08 10:22:50.519564	26.757075	Morning
Mouse	2021-09-08 10:23:13.043514	2021-09-08 10:24:16.972038	63.928524	Morning
Mouse	2021-09-08 10:24:19.151587	2021-09-08 10:24:26.366945	7.215358	Morning
Mouse	2021-09-08 10:24:58.809205	2021-09-08 10:25:22.069434	23.260229	Morning
Mouse	2021-09-08 10:25:23.511774	2021-09-08 10:25:35.768763	12.256989	Morning
Mouse	2021-09-08 10:25:35.917181	2021-09-08 10:25:43.750664	7.833483	Morning
Mouse	2021-09-08 10:25:51.698444	2021-09-08 10:26:11.667831	19.969387	Morning
Mouse	2021-09-08 10:26:13.684299	2021-09-08 10:26:22.256012	8.571713	Morning
Mouse	2021-09-08 10:26:22.713989	2021-09-08 10:26:31.947774	9.233785	Morning
Mouse	2021-09-08 10:27:13.871851	2021-09-08 10:27:21.359700	7.487849	Morning
Mouse	2021-09-08 10:27:51.511041	2021-09-08 10:27:58.444192	6.933151	Morning
Mouse	2021-09-08 10:28:29.449828	2021-09-08 10:28:38.001905	8.552077	Morning
Mouse	2021-09-08 10:28:42.153160	2021-09-08 10:28:52.225396	10.071258	Morning
Mouse	2021-09-08 10:29:15.917681	2021-09-08 10:29:25.689669	9.771988	Morning
Mouse	2021-09-08 10:30:00.089252	2021-09-08 10:30:05.323189	5.233937	Morning
Mouse	2021-09-08 10:30:05.401343	2021-09-08 10:30:13.134893	7.73355	Morning
Mouse	2021-09-08 10:30:13.510988	2021-09-08 10:33:20.659990	187.149002	Morning
Keyboard	2021-09-08 09:37:50.801956	2021-09-08 10:33:53.063652	3362.261696	Morning
Mouse	2021-09-08 10:33:50.995121	2021-09-08 10:34:02.704793	11.709672	Morning
Mouse	2021-09-08 10:34:09.276973	2021-09-08 10:34:15.490600	6.213627	Morning
Mouse	2021-09-08 10:34:39.964827	2021-09-08 10:35:50.270797	70.30597	Morning
Mouse	2021-09-08 10:36:28.807930	2021-09-08 10:37:52.485065	83.677135	Morning
Mouse	2021-09-08 10:37:57.479992	2021-09-08 10:38:02.680595	5.200603	Morning
Mouse	2021-09-08 10:38:41.793787	2021-09-08 10:38:48.910809	7.117022	Morning
Keyboard	2021-09-08 10:34:02.157952	2021-09-08 10:40:21.999788	379.841836	Morning
Mouse	2021-09-08 10:40:27.543124	2021-09-08 10:40:32.781947	5.238823	Morning
Keyboard	2021-09-08 10:40:22.531005	2021-09-08 10:41:04.511534	41.980529	Morning
Mouse	2021-09-08 10:40:41.371945	2021-09-08 10:41:07.150434	25.778489	Morning
Keyboard	2021-09-08 10:41:04.864135	2021-09-08 10:41:21.930513	17.066378	Morning
Keyboard	2021-09-08 10:41:22.078492	2021-09-08 10:41:27.517456	5.438964	Morning
Keyboard	2021-09-08 10:41:28.926600	2021-09-08 10:41:49.616315	20.689715	Morning
Mouse	2021-09-08 10:41:31.979997	2021-09-08 10:42:02.119170	30.139173	Morning
Keyboard	2021-09-08 10:42:01.450177	2021-09-08 10:42:24.966278	23.516101	Morning
Keyboard	2021-09-08 10:42:26.120603	2021-09-08 10:42:34.234290	8.113687	Morning
Keyboard	2021-09-08 10:42:43.822809	2021-09-08 10:43:05.350553	21.527744	Morning
Mouse	2021-09-08 10:42:17.214259	2021-09-08 10:43:12.354795	55.140536	Morning
Keyboard	2021-09-08 10:43:11.695069	2021-09-08 10:43:21.214934	9.519865	Morning
Keyboard	2021-09-08 10:43:21.504951	2021-09-08 10:43:58.174849	36.669898	Morning
Mouse	2021-09-08 10:43:32.511421	2021-09-08 10:44:13.267678	40.756257	Morning
Mouse	2021-09-08 10:44:24.854838	2021-09-08 10:44:42.475712	17.620874	Morning
Keyboard	2021-09-08 10:44:12.310158	2021-09-08 10:44:51.198735	38.888577	Morning
Mouse	2021-09-08 10:44:52.871714	2021-09-08 10:44:58.861658	5.989944	Morning
Keyboard	2021-09-08 10:44:51.799345	2021-09-08 10:45:00.870029	9.070684	Morning
Keyboard	2021-09-08 10:45:01.345125	2021-09-08 10:45:06.745906	5.400781	Morning
Mouse	2021-09-08 10:45:02.371121	2021-09-08 10:45:07.614664	5.243543	Morning
Keyboard	2021-09-08 10:45:13.951405	2021-09-08 10:45:23.879612	9.928207	Morning
Keyboard	2021-09-08 10:45:24.943726	2021-09-08 10:45:34.789098	9.845372	Morning
Keyboard	2021-09-08 10:45:35.510727	2021-09-08 10:45:46.687070	11.176343	Morning
Mouse	2021-09-08 10:45:55.684545	2021-09-08 10:46:07.204362	11.519817	Morning
Mouse	2021-09-08 10:46:12.526445	2021-09-08 10:46:18.910113	6.383668	Morning
Mouse	2021-09-08 10:46:32.323585	2021-09-08 10:46:59.440311	27.116726	Morning
Mouse	2021-09-08 10:47:01.199659	2021-09-08 10:48:03.092624	61.892965	Morning
Mouse	2021-09-08 10:48:03.575015	2021-09-08 10:48:08.806810	5.231795	Morning
Mouse	2021-09-08 10:48:21.151415	2021-09-08 10:48:31.209111	10.057696	Morning
Mouse	2021-09-08 10:48:39.667113	2021-09-08 10:49:03.276391	23.609278	Morning
Mouse	2021-09-08 10:49:39.120309	2021-09-08 10:49:45.135167	6.014858	Morning
Mouse	2021-09-08 10:50:27.636808	2021-09-08 10:51:53.356498	85.71969	Morning
Keyboard	2021-09-08 10:46:06.576436	2021-09-08 10:51:58.850326	352.27389	Morning
Keyboard	2021-09-08 10:52:05.966558	2021-09-08 10:52:13.344887	7.378329	Morning
Keyboard	2021-09-08 10:52:18.935067	2021-09-08 10:52:34.793708	15.858641	Morning
Mouse	2021-09-08 10:52:38.933611	2021-09-08 10:52:45.979868	7.046257	Morning
Keyboard	2021-09-08 10:52:43.091907	2021-09-08 10:52:51.478855	8.386948	Morning
Keyboard	2021-09-08 10:52:53.201551	2021-09-08 10:52:59.128787	5.927236	Morning
Mouse	2021-09-08 10:53:27.324077	2021-09-08 10:53:34.660863	7.336786	Morning
Keyboard	2021-09-08 10:53:02.110381	2021-09-08 10:53:57.775563	55.665182	Morning
Mouse	2021-09-08 10:54:11.823668	2021-09-08 10:54:18.845344	7.021676	Morning
Keyboard	2021-09-08 10:54:02.407133	2021-09-08 10:54:39.048634	36.641501	Morning
Mouse	2021-09-08 10:55:00.479819	2021-09-08 10:55:06.386915	5.907096	Morning
Keyboard	2021-09-08 10:54:43.153341	2021-09-08 10:55:09.901728	26.748387	Morning
Mouse	2021-09-08 10:55:09.184366	2021-09-08 10:55:14.859997	5.675631	Morning
Mouse	2021-09-08 10:55:15.356179	2021-09-08 10:55:27.583693	12.227514	Morning
Mouse	2021-09-08 10:55:33.667653	2021-09-08 10:55:39.860522	6.192869	Morning
Keyboard	2021-09-08 10:55:13.629905	2021-09-08 10:55:42.678999	29.049094	Morning
Mouse	2021-09-08 10:57:22.996711	2021-09-08 10:57:29.188790	6.192079	Morning
Mouse	2021-09-08 10:57:35.886812	2021-09-08 10:57:43.025364	7.138552	Morning
Keyboard	2021-09-08 10:55:47.515653	2021-09-08 10:58:05.266863	137.75121	Morning
Keyboard	2021-09-08 10:58:10.068016	2021-09-08 10:59:19.381389	69.313373	Morning
Keyboard	2021-09-08 10:59:21.958753	2021-09-08 10:59:27.239480	5.280727	Morning
Keyboard	2021-09-08 10:59:28.184373	2021-09-08 10:59:33.950448	5.766075	Morning
Keyboard	2021-09-08 10:59:34.726302	2021-09-08 11:00:00.177775	25.451473	Afternoon
Keyboard	2021-09-08 11:00:00.228549	2021-09-08 11:00:05.802504	5.573955	Afternoon
Mouse	2021-09-08 11:00:12.245165	2021-09-08 11:00:18.149204	5.904039	Afternoon
Keyboard	2021-09-08 11:00:10.942924	2021-09-08 11:01:44.023803	93.080879	Afternoon
Mouse	2021-09-08 11:01:41.901587	2021-09-08 11:01:51.720584	9.818997	Afternoon
Keyboard	2021-09-08 11:02:00.569231	2021-09-08 11:02:22.758151	22.18892	Afternoon
Keyboard	2021-09-08 11:02:48.115244	2021-09-08 11:03:30.002623	41.887379	Afternoon
Mouse	2021-09-08 11:03:29.262377	2021-09-08 11:03:36.085478	6.823101	Afternoon
Mouse	2021-09-08 11:04:05.339324	2021-09-08 11:04:10.591404	5.25208	Afternoon
Keyboard	2021-09-08 11:04:13.087602	2021-09-08 11:04:19.467037	6.379435	Afternoon
Mouse	2021-09-08 11:04:22.574552	2021-09-08 11:04:29.646890	7.072338	Afternoon
Keyboard	2021-09-08 11:04:24.092826	2021-09-08 11:04:30.261674	6.168848	Afternoon
Keyboard	2021-09-08 11:04:35.540134	2021-09-08 11:05:05.138589	29.598455	Afternoon
Mouse	2021-09-08 11:04:45.401609	2021-09-08 11:05:17.609859	32.20825	Afternoon
Keyboard	2021-09-08 11:05:06.205605	2021-09-08 11:05:43.839218	37.633613	Afternoon
Keyboard	2021-09-08 11:05:44.329464	2021-09-08 11:06:02.525239	18.195775	Afternoon
Mouse	2021-09-08 11:05:54.995169	2021-09-08 11:06:05.383706	10.388537	Afternoon
Keyboard	2021-09-08 11:06:05.008215	2021-09-08 11:06:17.317860	12.309645	Afternoon
Mouse	2021-09-08 11:06:16.324700	2021-09-08 11:06:22.771249	6.446549	Afternoon
Mouse	2021-09-08 11:06:42.838871	2021-09-08 11:08:08.849680	86.010809	Afternoon
Mouse	2021-09-08 11:08:14.104831	2021-09-08 11:08:30.034560	15.929729	Afternoon
Keyboard	2021-09-08 11:06:22.605239	2021-09-08 11:10:04.449110	221.843871	Afternoon
Mouse	2021-09-08 11:08:30.871063	2021-09-08 11:11:49.436208	198.565145	Afternoon
Keyboard	2021-09-08 11:10:07.290691	2021-09-08 11:11:50.793704	103.503013	Afternoon
Mouse	2021-09-08 11:11:52.417926	2021-09-08 11:13:47.880701	115.462775	Afternoon
Keyboard	2021-09-08 11:11:51.355768	2021-09-08 11:14:48.163662	176.807894	Afternoon
Mouse	2021-09-08 11:15:15.463869	2021-09-08 11:15:23.337492	7.873623	Afternoon
Keyboard	2021-09-08 11:14:48.997731	2021-09-08 11:15:33.624275	44.626544	Afternoon
Keyboard	2021-09-08 11:15:52.235141	2021-09-08 11:15:57.765316	5.530175	Afternoon
Keyboard	2021-09-08 11:15:58.749255	2021-09-08 11:16:09.351461	10.602206	Afternoon
Mouse	2021-09-08 11:16:12.682853	2021-09-08 11:17:25.119410	72.436557	Afternoon
Mouse	2021-09-08 11:17:25.136986	2021-09-08 11:18:41.343937	76.206951	Afternoon
Keyboard	2021-09-08 11:16:13.794839	2021-09-08 11:19:10.491509	176.69667	Afternoon
Mouse	2021-09-08 11:19:10.323553	2021-09-08 11:19:19.368790	9.045237	Afternoon
Keyboard	2021-09-08 11:19:23.134262	2021-09-08 11:19:48.869337	25.735075	Afternoon
Keyboard	2021-09-08 11:19:51.116869	2021-09-08 11:20:13.827210	22.710341	Afternoon
Keyboard	2021-09-08 11:20:16.157158	2021-09-08 11:20:22.624814	6.467656	Afternoon
Keyboard	2021-09-08 11:20:24.047082	2021-09-08 11:20:30.771326	6.724244	Afternoon
Keyboard	2021-09-08 11:20:32.433570	2021-09-08 11:21:17.094702	44.661132	Afternoon
Mouse	2021-09-08 11:21:26.887142	2021-09-08 11:21:38.214652	11.32751	Afternoon
Keyboard	2021-09-08 11:21:20.086013	2021-09-08 11:21:51.264770	31.178757	Afternoon
Mouse	2021-09-08 11:21:50.245698	2021-09-08 11:21:55.930528	5.68483	Afternoon
Keyboard	2021-09-08 11:21:55.228017	2021-09-08 11:22:36.356826	41.128809	Afternoon
Mouse	2021-09-08 11:23:37.434226	2021-09-08 11:23:50.170911	12.736685	Afternoon
Mouse	2021-09-08 11:23:58.417203	2021-09-08 11:24:09.547909	11.130706	Afternoon
Mouse	2021-09-08 11:24:21.449810	2021-09-08 11:24:32.847920	11.39811	Afternoon
Mouse	2021-09-08 11:24:42.357773	2021-09-08 11:24:48.815284	6.457511	Afternoon
Mouse	2021-09-08 11:24:52.012662	2021-09-08 11:24:58.971000	6.958338	Afternoon
Keyboard	2021-09-08 11:22:39.946280	2021-09-08 11:25:45.506159	185.559879	Afternoon
Mouse	2021-09-08 11:25:55.276771	2021-09-08 11:26:01.446360	6.169589	Afternoon
Mouse	2021-09-08 11:26:03.684018	2021-09-08 11:26:11.839443	8.155425	Afternoon
Mouse	2021-09-08 11:26:26.183809	2021-09-08 11:26:32.846014	6.662205	Afternoon
Keyboard	2021-09-08 11:25:45.943270	2021-09-08 11:26:51.300046	65.356776	Afternoon
Keyboard	2021-09-08 11:27:05.962244	2021-09-08 11:27:36.300301	30.338057	Afternoon
Keyboard	2021-09-08 11:27:36.763723	2021-09-08 11:27:42.522290	5.758567	Afternoon
Keyboard	2021-09-08 11:27:50.223162	2021-09-08 11:27:59.422567	9.199405	Afternoon
Mouse	2021-09-08 11:27:58.573424	2021-09-08 11:28:04.726982	6.153558	Afternoon
Mouse	2021-09-08 11:28:26.684537	2021-09-08 11:28:32.651727	5.96719	Afternoon
Mouse	2021-09-08 11:28:37.370417	2021-09-08 11:28:43.300869	5.930452	Afternoon
Keyboard	2021-09-08 11:28:06.937165	2021-09-08 11:28:45.712873	38.775708	Afternoon
Keyboard	2021-09-08 11:28:46.957341	2021-09-08 11:29:16.057880	29.100539	Afternoon
Keyboard	2021-09-08 11:29:21.150903	2021-09-08 11:30:16.811290	55.660387	Afternoon
Keyboard	2021-09-08 11:30:17.636989	2021-09-08 11:30:29.522460	11.885471	Afternoon
Mouse	2021-09-08 11:30:38.542813	2021-09-08 11:30:43.566153	5.02334	Afternoon
Keyboard	2021-09-08 11:30:46.605709	2021-09-08 11:30:58.954251	12.348542	Afternoon
Keyboard	2021-09-08 11:30:59.880570	2021-09-08 11:31:05.949924	6.069354	Afternoon
Mouse	2021-09-08 11:31:17.481291	2021-09-08 11:31:23.126355	5.645064	Afternoon
Keyboard	2021-09-08 11:31:10.991693	2021-09-08 11:31:28.809931	17.818238	Afternoon
Mouse	2021-09-08 11:31:28.246502	2021-09-08 11:31:35.889848	7.643346	Afternoon
Keyboard	2021-09-08 11:31:44.513753	2021-09-08 11:31:50.344239	5.830486	Afternoon
Mouse	2021-09-08 11:31:49.229922	2021-09-08 11:31:54.931067	5.701145	Afternoon
Keyboard	2021-09-08 11:31:53.886108	2021-09-08 11:32:09.696564	15.810456	Afternoon
Keyboard	2021-09-08 11:32:14.367049	2021-09-08 11:32:42.103582	27.736533	Afternoon
Keyboard	2021-09-08 11:32:48.037856	2021-09-08 11:33:04.013839	15.975983	Afternoon
Mouse	2021-09-08 11:33:03.386829	2021-09-08 11:33:12.450667	9.063838	Afternoon
Mouse	2021-09-08 11:33:13.870242	2021-09-08 11:33:28.457796	14.587554	Afternoon
Keyboard	2021-09-08 11:33:11.560056	2021-09-08 11:34:39.519226	87.95917	Afternoon
Keyboard	2021-09-08 11:34:42.469231	2021-09-08 11:34:51.563321	9.09409	Afternoon
Keyboard	2021-09-08 11:34:51.918766	2021-09-08 11:35:02.577903	10.659137	Afternoon
Keyboard	2021-09-08 11:35:07.085409	2021-09-08 11:35:16.115109	9.0297	Afternoon
Mouse	2021-09-08 11:35:06.151765	2021-09-08 11:35:31.006294	24.854529	Afternoon
Keyboard	2021-09-08 11:35:26.320475	2021-09-08 11:35:35.778404	9.457929	Afternoon
Keyboard	2021-09-08 11:35:41.063882	2021-09-08 11:35:55.825930	14.762048	Afternoon
Mouse	2021-09-08 11:35:44.481350	2021-09-08 11:35:57.678042	13.196692	Afternoon
Mouse	2021-09-08 11:35:58.184359	2021-09-08 11:36:07.958272	9.773913	Afternoon
Keyboard	2021-09-08 11:36:06.395198	2021-09-08 11:36:27.469211	21.074013	Afternoon
Mouse	2021-09-08 11:36:26.511216	2021-09-08 11:36:34.238559	7.727343	Afternoon
Mouse	2021-09-08 11:36:47.199046	2021-09-08 11:40:25.973869	218.774823	Afternoon
Keyboard	2021-09-08 11:36:33.584717	2021-09-08 11:40:30.225536	236.640819	Afternoon
Keyboard	2021-09-08 11:40:36.856948	2021-09-08 11:40:43.281340	6.424392	Afternoon
Mouse	2021-09-08 11:40:28.095791	2021-09-08 11:40:49.474303	21.378512	Afternoon
Keyboard	2021-09-08 11:40:46.386610	2021-09-08 11:41:18.505648	32.119038	Afternoon
Mouse	2021-09-08 11:41:35.481160	2021-09-08 11:41:42.494347	7.013187	Afternoon
Mouse	2021-09-08 11:41:55.419325	2021-09-08 11:42:20.577850	25.158525	Afternoon
Mouse	2021-09-08 11:42:22.934143	2021-09-08 11:43:39.796962	76.862819	Afternoon
Mouse	2021-09-08 11:43:40.589881	2021-09-08 11:44:00.181398	19.591517	Afternoon
Mouse	2021-09-08 11:44:01.902972	2021-09-08 11:46:07.313887	125.410915	Afternoon
Mouse	2021-09-08 11:46:52.667430	2021-09-08 11:46:58.019628	5.352198	Afternoon
Mouse	2021-09-08 11:47:13.307710	2021-09-08 11:49:58.866497	165.558787	Afternoon
Mouse	2021-09-08 11:49:59.261931	2021-09-08 11:51:54.118838	114.856907	Afternoon
Mouse	2021-09-08 11:51:56.371622	2021-09-08 11:54:47.545239	171.173617	Afternoon
Mouse	2021-09-08 11:55:00.979953	2021-09-08 12:02:17.472546	436.492593	Afternoon
Mouse	2021-09-08 12:02:20.215535	2021-09-08 12:02:40.472591	20.257056	Afternoon
Mouse	2021-09-08 12:02:53.386014	2021-09-08 12:03:03.383391	9.997377	Afternoon
Mouse	2021-09-08 12:03:16.370841	2021-09-08 12:03:23.583254	7.212413	Afternoon
Mouse	2021-09-08 12:04:26.245562	2021-09-08 12:04:42.573573	16.328011	Afternoon
Mouse	2021-09-08 12:05:16.745217	2021-09-08 12:05:25.879397	9.13418	Afternoon
Keyboard	2021-09-08 11:41:19.753662	2021-09-08 12:07:02.254086	1542.500424	Afternoon
Mouse	2021-09-08 12:07:00.136103	2021-09-08 12:07:14.722054	14.585951	Afternoon
Mouse	2021-09-08 12:09:44.731030	2021-09-08 12:10:00.535648	15.804618	Afternoon
Mouse	2021-09-08 12:10:36.840488	2021-09-08 12:10:42.185547	5.345059	Afternoon
Keyboard	2021-09-08 12:07:05.109386	2021-09-08 12:10:51.353415	226.244029	Afternoon
Keyboard	2021-09-08 12:10:58.479089	2021-09-08 12:11:16.534611	18.055522	Afternoon
Mouse	2021-09-08 12:11:15.839382	2021-09-08 12:11:31.633317	15.793935	Afternoon
Keyboard	2021-09-08 12:11:21.044290	2021-09-08 12:11:33.002288	11.957998	Afternoon
Mouse	2021-09-08 12:11:31.668491	2021-09-08 12:11:39.491856	7.823365	Afternoon
Keyboard	2021-09-08 12:11:54.287189	2021-09-08 12:12:00.934851	6.647662	Afternoon
Mouse	2021-09-08 12:11:39.542635	2021-09-08 12:12:11.646644	32.104009	Afternoon
Mouse	2021-09-08 12:12:16.371324	2021-09-08 12:12:22.423410	6.052086	Afternoon
Mouse	2021-09-08 12:12:34.668662	2021-09-08 12:12:40.063247	5.394585	Afternoon
Mouse	2021-09-08 12:13:01.339202	2021-09-08 12:13:07.618186	6.278984	Afternoon
Keyboard	2021-09-08 12:12:14.375783	2021-09-08 12:13:34.574260	80.198477	Afternoon
Keyboard	2021-09-08 12:13:38.529579	2021-09-08 12:13:53.242062	14.712483	Afternoon
Mouse	2021-09-08 12:13:31.979768	2021-09-08 12:14:19.227044	47.247276	Afternoon
Mouse	2021-09-08 12:14:19.854477	2021-09-08 12:14:33.627511	13.773034	Afternoon
Keyboard	2021-09-08 12:13:57.710167	2021-09-08 12:14:40.183451	42.473284	Afternoon
Keyboard	2021-09-08 12:14:42.135188	2021-09-08 12:14:52.554798	10.41961	Afternoon
Mouse	2021-09-08 12:14:54.073977	2021-09-08 12:15:12.665024	18.591047	Afternoon
Mouse	2021-09-08 12:15:27.746746	2021-09-08 12:15:54.523960	26.777214	Afternoon
Mouse	2021-09-08 12:16:23.542140	2021-09-08 12:16:38.958571	15.416431	Afternoon
Keyboard	2021-09-08 12:15:22.760997	2021-09-08 12:16:57.670834	94.909837	Afternoon
Keyboard	2021-09-08 12:17:01.007249	2021-09-08 12:17:06.744555	5.737306	Afternoon
Keyboard	2021-09-08 12:17:19.712618	2021-09-08 12:17:52.823630	33.111012	Afternoon
Mouse	2021-09-08 12:17:59.996854	2021-09-08 12:18:46.427794	46.43094	Afternoon
Mouse	2021-09-08 12:19:34.542994	2021-09-08 12:20:01.276851	26.733857	Afternoon
Keyboard	2021-09-08 12:17:57.384822	2021-09-08 12:20:06.817931	129.433109	Afternoon
Mouse	2021-09-08 12:20:06.167537	2021-09-08 12:20:12.690391	6.522854	Afternoon
Keyboard	2021-09-08 12:20:12.138610	2021-09-08 12:20:56.106758	43.968148	Afternoon
Mouse	2021-09-08 12:20:58.262282	2021-09-08 12:21:05.034689	6.772407	Afternoon
Keyboard	2021-09-08 12:21:04.343234	2021-09-08 12:21:44.801752	40.458518	Afternoon
Mouse	2021-09-08 12:21:43.137618	2021-09-08 12:21:50.613062	7.475444	Afternoon
Keyboard	2021-09-08 12:21:51.010495	2021-09-08 12:21:59.465914	8.455419	Afternoon
Mouse	2021-09-08 12:22:01.120473	2021-09-08 12:22:08.788413	7.66794	Afternoon
Keyboard	2021-09-08 12:22:07.926017	2021-09-08 12:24:22.259123	134.333106	Afternoon
Keyboard	2021-09-08 12:24:24.760153	2021-09-08 12:24:42.906850	18.146697	Afternoon
Mouse	2021-09-08 12:24:42.167562	2021-09-08 12:25:04.394989	22.227427	Afternoon
Mouse	2021-09-08 12:26:12.636471	2021-09-08 12:26:17.877940	5.241469	Afternoon
Mouse	2021-09-08 12:27:36.261765	2021-09-08 12:27:42.776779	6.515014	Afternoon
Keyboard	2021-09-08 12:25:03.599487	2021-09-08 12:28:52.646475	229.046988	Afternoon
Mouse	2021-09-08 12:28:42.325106	2021-09-08 12:29:00.533214	18.208108	Afternoon
Mouse	2021-09-08 12:29:31.620351	2021-09-08 12:29:36.690003	5.069652	Afternoon
Keyboard	2021-09-08 12:29:04.751491	2021-09-08 12:29:43.818904	39.067413	Afternoon
Keyboard	2021-09-08 12:29:51.856870	2021-09-08 12:30:12.691878	20.835008	Afternoon
Keyboard	2021-09-08 12:30:16.917339	2021-09-08 12:30:24.040813	7.123474	Afternoon
Mouse	2021-09-08 12:31:55.792127	2021-09-08 12:32:01.576919	5.784792	Afternoon
Keyboard	2021-09-08 12:30:26.418486	2021-09-08 12:32:06.860116	100.44163	Afternoon
Keyboard	2021-09-08 12:32:08.878546	2021-09-08 12:32:17.149806	8.27126	Afternoon
Mouse	2021-09-08 12:32:16.450126	2021-09-08 12:32:28.482982	12.032856	Afternoon
Mouse	2021-09-08 12:32:30.230683	2021-09-08 12:32:37.837961	7.607278	Afternoon
Keyboard	2021-09-08 12:32:46.405400	2021-09-08 12:32:51.848807	5.443407	Afternoon
Keyboard	2021-09-08 12:32:54.827590	2021-09-08 12:33:03.061623	8.234033	Afternoon
Mouse	2021-09-08 12:33:01.261105	2021-09-08 12:33:15.576209	14.315104	Afternoon
Mouse	2021-09-08 12:33:17.808783	2021-09-08 12:33:28.258522	10.449739	Afternoon
Keyboard	2021-09-08 12:33:18.150685	2021-09-08 12:33:38.394071	20.243386	Afternoon
Keyboard	2021-09-08 12:33:40.984450	2021-09-08 12:33:56.017135	15.032685	Afternoon
Mouse	2021-09-08 12:34:22.668005	2021-09-08 12:34:36.858939	14.190934	Afternoon
Keyboard	2021-09-08 12:33:59.029580	2021-09-08 12:34:38.524989	39.495409	Afternoon
Keyboard	2021-09-08 12:34:39.628688	2021-09-08 12:34:45.286386	5.657698	Afternoon
Keyboard	2021-09-08 12:34:51.619052	2021-09-08 12:34:57.155333	5.536281	Afternoon
Mouse	2021-09-08 12:34:49.151921	2021-09-08 12:35:01.050912	11.898991	Afternoon
Keyboard	2021-09-08 12:34:59.972034	2021-09-08 12:35:05.171816	5.199782	Afternoon
Mouse	2021-09-08 12:35:04.185332	2021-09-08 12:35:13.702300	9.516968	Afternoon
Mouse	2021-09-08 12:35:27.747013	2021-09-08 12:35:44.687859	16.940846	Afternoon
Keyboard	2021-09-08 12:35:43.672718	2021-09-08 12:35:58.105290	14.432572	Afternoon
Mouse	2021-09-08 12:35:54.090546	2021-09-08 12:36:00.910781	6.820235	Afternoon
Keyboard	2021-09-08 12:35:58.774194	2021-09-08 12:36:06.696506	7.922312	Afternoon
Mouse	2021-09-08 12:36:09.996131	2021-09-08 12:36:15.448281	5.45215	Afternoon
Keyboard	2021-09-08 12:36:12.762055	2021-09-08 12:36:21.522247	8.760192	Afternoon
Keyboard	2021-09-08 12:36:22.382118	2021-09-08 12:36:32.868320	10.486202	Afternoon
Mouse	2021-09-08 12:36:32.292967	2021-09-08 12:36:37.302007	5.00904	Afternoon
Mouse	2021-09-08 12:36:38.558372	2021-09-08 12:37:37.894310	59.335938	Afternoon
Keyboard	2021-09-08 12:37:36.469802	2021-09-08 12:37:58.359649	21.889847	Afternoon
Mouse	2021-09-08 12:37:56.855102	2021-09-08 12:38:16.656895	19.801793	Afternoon
Keyboard	2021-09-08 12:38:15.231160	2021-09-08 12:38:24.051087	8.819927	Afternoon
Keyboard	2021-09-08 12:38:46.432753	2021-09-08 12:38:52.679151	6.246398	Afternoon
Mouse	2021-09-08 12:38:50.573491	2021-09-08 12:39:02.989808	12.416317	Afternoon
Keyboard	2021-09-08 12:39:02.038967	2021-09-08 12:40:53.492302	111.453335	Afternoon
Keyboard	2021-09-08 12:40:56.786040	2021-09-08 12:41:12.182548	15.396508	Afternoon
Mouse	2021-09-08 12:41:11.433586	2021-09-08 12:41:20.833328	9.399742	Afternoon
Keyboard	2021-09-08 12:41:27.777220	2021-09-08 12:42:01.898079	34.120859	Afternoon
Mouse	2021-09-08 12:41:38.527507	2021-09-08 12:42:02.556242	24.028735	Afternoon
Mouse	2021-09-08 12:42:08.307863	2021-09-08 12:42:18.567927	10.260064	Afternoon
Mouse	2021-09-08 12:42:25.418062	2021-09-08 12:42:32.343399	6.925337	Afternoon
Keyboard	2021-09-08 12:42:30.862048	2021-09-08 12:42:41.489295	10.627247	Afternoon
Mouse	2021-09-08 12:42:40.793054	2021-09-08 12:42:46.775092	5.982038	Afternoon
Mouse	2021-09-08 12:42:47.792604	2021-09-08 12:42:56.618210	8.825606	Afternoon
Mouse	2021-09-08 12:43:02.292653	2021-09-08 12:43:22.109745	19.817092	Afternoon
Keyboard	2021-09-08 12:42:57.639632	2021-09-08 12:43:36.799283	39.159651	Afternoon
Mouse	2021-09-08 12:43:35.558104	2021-09-08 12:43:41.570417	6.012313	Afternoon
Keyboard	2021-09-08 12:43:40.562666	2021-09-08 12:44:52.090359	71.527693	Afternoon
Keyboard	2021-09-08 12:44:55.918191	2021-09-08 12:45:07.066892	11.148701	Afternoon
Mouse	2021-09-08 12:45:13.338954	2021-09-08 12:45:22.877405	9.538451	Afternoon
Mouse	2021-09-08 12:45:23.418386	2021-09-08 12:46:12.877148	49.458762	Afternoon
Keyboard	2021-09-08 12:46:12.251246	2021-09-08 12:46:17.386611	5.135365	Afternoon
Keyboard	2021-09-08 12:46:23.328613	2021-09-08 12:46:35.360072	12.031459	Afternoon
Mouse	2021-09-08 12:46:33.059438	2021-09-08 12:46:43.945459	10.886021	Afternoon
Mouse	2021-09-08 12:46:45.260803	2021-09-08 12:46:57.889879	12.629076	Afternoon
Mouse	2021-09-08 12:47:06.589516	2021-09-08 12:47:17.537058	10.947542	Afternoon
Keyboard	2021-09-08 12:46:43.026572	2021-09-08 12:47:23.531791	40.505219	Afternoon
Keyboard	2021-09-08 12:47:24.603047	2021-09-08 12:48:03.419864	38.816817	Afternoon
Mouse	2021-09-08 12:48:02.729479	2021-09-08 12:48:19.947126	17.217647	Afternoon
Mouse	2021-09-08 12:48:57.620546	2021-09-08 12:49:06.458799	8.838253	Afternoon
Mouse	2021-09-08 12:49:06.886505	2021-09-08 12:49:18.621104	11.734599	Afternoon
Mouse	2021-09-08 12:49:43.262106	2021-09-08 12:49:54.020206	10.7581	Afternoon
Keyboard	2021-09-08 12:48:19.329037	2021-09-08 12:50:25.864849	126.535812	Afternoon
Keyboard	2021-09-08 12:50:28.081502	2021-09-08 12:50:47.293199	19.211697	Afternoon
Keyboard	2021-09-08 12:50:48.241346	2021-09-08 12:51:07.447147	19.205801	Afternoon
Keyboard	2021-09-08 12:51:09.356206	2021-09-08 12:51:17.086180	7.729974	Afternoon
Keyboard	2021-09-08 12:51:24.154087	2021-09-08 12:52:07.253867	43.09978	Afternoon
Mouse	2021-09-08 12:52:06.479501	2021-09-08 12:52:14.295421	7.81592	Afternoon
Keyboard	2021-09-08 12:52:09.154137	2021-09-08 12:52:19.037327	9.88319	Afternoon
Mouse	2021-09-08 12:52:16.183960	2021-09-08 12:52:26.010477	9.826517	Afternoon
Keyboard	2021-09-08 12:52:25.005659	2021-09-08 12:52:30.577571	5.571912	Afternoon
Keyboard	2021-09-08 12:52:31.183978	2021-09-08 12:52:37.719736	6.535758	Afternoon
Keyboard	2021-09-08 12:52:57.512371	2021-09-08 12:53:22.395543	24.883172	Afternoon
Mouse	2021-09-08 12:53:45.418485	2021-09-08 12:53:51.413249	5.994764	Afternoon
Keyboard	2021-09-08 12:53:52.125086	2021-09-08 12:54:14.168594	22.043508	Afternoon
Keyboard	2021-09-08 12:54:14.625598	2021-09-08 12:54:23.883792	9.258194	Afternoon
Mouse	2021-09-08 12:55:01.511268	2021-09-08 12:56:14.004702	72.493434	Afternoon
Mouse	2021-09-08 12:56:53.277554	2021-09-08 12:56:59.290838	6.013284	Afternoon
Keyboard	2021-09-08 12:54:51.199427	2021-09-08 12:57:01.787749	130.588322	Afternoon
Keyboard	2021-09-08 12:57:03.670443	2021-09-08 12:57:37.915319	34.244876	Afternoon
Keyboard	2021-09-08 12:57:38.823464	2021-09-08 12:57:45.858183	7.034719	Afternoon
Keyboard	2021-09-08 12:57:46.265383	2021-09-08 12:58:13.232396	26.967013	Afternoon
Mouse	2021-09-08 12:57:03.933121	2021-09-08 12:58:20.752580	76.819459	Afternoon
Keyboard	2021-09-08 12:58:14.093823	2021-09-08 12:58:53.870574	39.776751	Afternoon
Keyboard	2021-09-08 12:59:11.497388	2021-09-08 12:59:22.857011	11.359623	Afternoon
Keyboard	2021-09-08 12:59:36.551437	2021-09-08 12:59:46.417015	9.865578	Afternoon
Mouse	2021-09-08 12:58:53.183121	2021-09-08 12:59:49.283089	56.099968	Afternoon
Keyboard	2021-09-08 12:59:48.184515	2021-09-08 13:00:09.830556	21.646041	Afternoon
Keyboard	2021-09-08 13:00:10.593204	2021-09-08 13:00:23.719316	13.126112	Afternoon
Mouse	2021-09-08 13:00:22.855116	2021-09-08 13:00:33.756760	10.901644	Afternoon
Keyboard	2021-09-08 13:00:35.176590	2021-09-08 13:00:47.277379	12.100789	Afternoon
Keyboard	2021-09-08 13:00:47.935581	2021-09-08 13:00:57.863614	9.928033	Afternoon
Mouse	2021-09-08 13:01:06.762471	2021-09-08 13:01:14.290334	7.527863	Afternoon
Keyboard	2021-09-08 13:01:14.542234	2021-09-08 13:01:21.572060	7.029826	Afternoon
Mouse	2021-09-08 13:01:22.153077	2021-09-08 13:01:33.336931	11.183854	Afternoon
Keyboard	2021-09-08 13:01:24.898020	2021-09-08 13:01:52.137488	27.239468	Afternoon
Mouse	2021-09-08 13:01:55.464420	2021-09-08 13:02:06.672692	11.208272	Afternoon
Mouse	2021-09-08 13:02:16.260945	2021-09-08 13:05:36.233496	199.972551	Afternoon
Mouse	2021-09-08 13:05:36.293101	2021-09-08 13:05:45.194836	8.901735	Afternoon
Keyboard	2021-09-08 13:02:00.257120	2021-09-08 13:06:47.847326	287.590206	Afternoon
Mouse	2021-09-08 13:05:53.355491	2021-09-08 13:06:49.134310	55.778819	Afternoon
Keyboard	2021-09-08 13:06:51.432986	2021-09-08 13:07:29.927592	38.494606	Afternoon
Mouse	2021-09-08 13:07:29.278254	2021-09-08 13:07:36.094239	6.815985	Afternoon
Mouse	2021-09-08 13:07:37.011123	2021-09-08 13:07:47.088604	10.077481	Afternoon
Mouse	2021-09-08 13:07:48.573861	2021-09-08 13:07:56.257938	7.684077	Afternoon
Mouse	2021-09-08 13:08:00.964705	2021-09-08 13:08:11.754029	10.789324	Afternoon
Mouse	2021-09-08 13:08:12.292114	2021-09-08 13:08:21.056158	8.764044	Afternoon
Mouse	2021-09-08 13:08:29.480421	2021-09-08 13:08:40.145756	10.665335	Afternoon
Mouse	2021-09-08 13:08:40.715063	2021-09-08 13:08:47.381816	6.666753	Afternoon
Mouse	2021-09-08 13:08:52.073896	2021-09-08 13:08:59.740397	7.666501	Afternoon
Mouse	2021-09-08 13:09:04.778195	2021-09-08 13:14:40.252683	335.474488	Afternoon
Mouse	2021-09-08 13:14:53.731315	2021-09-08 13:15:17.951449	24.220134	Afternoon
Mouse	2021-09-08 13:15:18.324502	2021-09-08 13:15:24.422705	6.098203	Afternoon
Keyboard	2021-09-08 13:07:46.027151	2021-09-08 13:15:30.653753	464.626602	Afternoon
Keyboard	2021-09-08 13:15:37.992152	2021-09-08 13:15:49.045182	11.05303	Afternoon
Mouse	2021-09-08 13:15:52.823243	2021-09-08 13:15:58.131535	5.308292	Afternoon
Keyboard	2021-09-08 13:15:49.050039	2021-09-08 13:16:02.860722	13.810683	Afternoon
Keyboard	2021-09-08 13:16:06.026131	2021-09-08 13:16:33.883721	27.85759	Afternoon
Mouse	2021-09-08 13:16:06.589569	2021-09-08 13:16:35.697116	29.107547	Afternoon
Mouse	2021-09-08 13:16:36.590578	2021-09-08 13:17:40.203742	63.613164	Afternoon
Mouse	2021-09-08 13:17:46.886910	2021-09-08 13:20:12.049445	145.162535	Afternoon
Mouse	2021-09-08 13:20:13.792501	2021-09-08 13:20:21.078165	7.285664	Afternoon
Mouse	2021-09-08 13:20:23.746938	2021-09-08 13:20:33.549045	9.802107	Afternoon
Mouse	2021-09-08 13:21:18.902587	2021-09-08 13:21:31.838284	12.935697	Afternoon
Mouse	2021-09-08 13:21:50.980614	2021-09-08 13:22:35.063728	44.083114	Afternoon
Mouse	2021-09-08 13:23:12.683394	2021-09-08 13:23:18.711327	6.027933	Afternoon
Mouse	2021-09-08 13:23:38.637288	2021-09-08 13:24:12.725226	34.087938	Afternoon
Keyboard	2021-09-08 13:16:34.339746	2021-09-08 13:25:05.632937	511.293191	Afternoon
Mouse	2021-09-08 13:25:05.323388	2021-09-08 13:25:11.078887	5.755499	Afternoon
Keyboard	2021-09-08 13:25:10.687303	2021-09-08 13:25:29.022065	18.334762	Afternoon
Mouse	2021-09-08 13:25:27.918620	2021-09-08 13:25:33.820589	5.901969	Afternoon
Mouse	2021-09-08 13:26:20.043252	2021-09-08 13:26:34.676068	14.632816	Afternoon
Keyboard	2021-09-08 13:25:33.405576	2021-09-08 13:27:30.526785	117.121209	Afternoon
Keyboard	2021-09-08 13:27:30.730994	2021-09-08 13:27:36.022159	5.291165	Afternoon
Keyboard	2021-09-08 13:27:50.313253	2021-09-08 13:28:26.639552	36.326299	Afternoon
Keyboard	2021-09-08 13:28:27.997871	2021-09-08 13:28:33.850026	5.852155	Afternoon
Keyboard	2021-09-08 13:28:40.589850	2021-09-08 13:28:51.944573	11.354723	Afternoon
Keyboard	2021-09-08 13:28:55.046333	2021-09-08 13:29:06.759443	11.71311	Afternoon
Keyboard	2021-09-08 13:29:14.041207	2021-09-08 13:29:23.679259	9.638052	Afternoon
Keyboard	2021-09-08 13:29:24.631346	2021-09-08 13:29:46.064590	21.433244	Afternoon
Keyboard	2021-09-08 13:29:51.008564	2021-09-08 13:29:56.076600	5.068036	Afternoon
Keyboard	2021-09-08 13:29:56.215263	2021-09-08 13:30:08.631459	12.416196	Afternoon
Keyboard	2021-09-08 13:30:08.763298	2021-09-08 13:30:28.080409	19.317111	Afternoon
Mouse	2021-09-08 13:27:29.637162	2021-09-08 13:31:22.009577	232.372415	Afternoon
Mouse	2021-09-08 13:31:26.558148	2021-09-08 13:31:42.563924	16.005776	Afternoon
Keyboard	2021-09-08 13:30:39.982972	2021-09-08 13:32:00.275681	80.292709	Afternoon
Keyboard	2021-09-08 13:32:01.271712	2021-09-08 13:32:07.130710	5.858998	Afternoon
Mouse	2021-09-08 13:31:59.386092	2021-09-08 13:33:45.958385	106.572293	Afternoon
Mouse	2021-09-08 13:33:56.105184	2021-09-08 13:34:09.640452	13.535268	Afternoon
Mouse	2021-09-08 13:34:47.121776	2021-09-08 13:34:57.018622	9.896846	Afternoon
Mouse	2021-09-08 13:34:58.699161	2021-09-08 13:35:44.219345	45.520184	Afternoon
Mouse	2021-09-08 13:35:55.966637	2021-09-08 13:36:14.356093	18.389456	Afternoon
Keyboard	2021-09-08 13:32:12.277842	2021-09-08 13:36:20.648648	248.370806	Afternoon
Mouse	2021-09-08 13:36:29.667648	2021-09-08 13:36:43.235121	13.567473	Afternoon
Mouse	2021-09-08 13:36:45.589436	2021-09-08 13:36:52.269673	6.680237	Afternoon
Mouse	2021-09-08 13:36:52.856550	2021-09-08 13:37:27.373872	34.517322	Afternoon
Mouse	2021-09-08 13:37:29.496817	2021-09-08 13:38:04.610757	35.11394	Afternoon
Mouse	2021-09-08 13:38:08.169112	2021-09-08 13:38:25.595731	17.426619	Afternoon
Mouse	2021-09-08 13:38:26.292953	2021-09-08 13:39:19.190947	52.897994	Afternoon
Keyboard	2021-09-08 13:36:28.991868	2021-09-08 13:39:23.115487	174.123619	Afternoon
Mouse	2021-09-08 13:39:43.260896	2021-09-08 13:40:43.743316	60.48242	Afternoon
Keyboard	2021-09-08 13:39:29.624838	2021-09-08 13:40:45.295952	75.671114	Afternoon
Keyboard	2021-09-08 13:40:47.039980	2021-09-08 13:41:06.144226	19.104246	Afternoon
Keyboard	2021-09-08 13:41:10.295353	2021-09-08 13:41:16.891587	6.596234	Afternoon
Mouse	2021-09-08 13:41:30.324332	2021-09-08 13:41:38.743704	8.419372	Afternoon
Mouse	2021-09-08 13:41:38.762257	2021-09-08 13:41:47.332997	8.57074	Afternoon
Mouse	2021-09-08 13:41:51.620809	2021-09-08 13:42:00.395638	8.774829	Afternoon
Mouse	2021-09-08 13:42:05.808375	2021-09-08 13:44:30.177067	144.368692	Afternoon
Mouse	2021-09-08 13:44:31.323476	2021-09-08 13:45:22.051920	50.728444	Afternoon
Mouse	2021-09-08 13:45:24.588869	2021-09-08 13:47:31.588553	126.999684	Afternoon
Mouse	2021-09-08 13:47:36.948561	2021-09-08 13:47:42.709913	5.761352	Afternoon
Keyboard	2021-09-08 13:41:17.950113	2021-09-08 13:47:53.286383	395.33627	Afternoon
Keyboard	2021-09-08 13:47:55.178841	2021-09-08 13:48:16.410878	21.232037	Afternoon
Mouse	2021-09-08 13:48:22.089225	2021-09-08 13:48:29.637586	7.548361	Afternoon
Mouse	2021-09-08 13:48:34.776892	2021-09-08 13:48:40.259938	5.483046	Afternoon
Mouse	2021-09-08 13:48:54.823460	2021-09-08 13:49:00.268446	5.444986	Afternoon
Keyboard	2021-09-08 13:48:16.434318	2021-09-08 13:49:02.323955	45.889637	Afternoon
Mouse	2021-09-08 13:49:15.090718	2021-09-08 13:50:07.577602	52.486884	Afternoon
Keyboard	2021-09-08 13:49:09.879141	2021-09-08 13:50:13.215904	63.336763	Afternoon
Keyboard	2021-09-08 13:50:21.239807	2021-09-08 13:50:31.902222	10.662415	Afternoon
Keyboard	2021-09-08 13:50:33.811267	2021-09-08 13:50:46.634661	12.823394	Afternoon
Mouse	2021-09-08 13:51:07.715344	2021-09-08 13:51:14.422924	6.70758	Afternoon
Keyboard	2021-09-08 13:51:07.681167	2021-09-08 13:51:39.222118	31.540951	Afternoon
Mouse	2021-09-08 13:52:19.653127	2021-09-08 13:53:27.706430	68.053303	Afternoon
Keyboard	2021-09-08 13:52:19.763470	2021-09-08 13:53:33.767521	74.004051	Afternoon
Keyboard	2021-09-08 13:53:34.322172	2021-09-08 13:53:47.974617	13.652445	Afternoon
Keyboard	2021-09-08 13:53:48.834918	2021-09-08 13:54:01.497192	12.662274	Afternoon
Keyboard	2021-09-08 13:54:02.411205	2021-09-08 13:54:23.546562	21.135357	Afternoon
Keyboard	2021-09-08 13:54:23.577811	2021-09-08 13:54:36.445187	12.867376	Afternoon
Mouse	2021-09-08 13:54:36.933398	2021-09-08 13:54:52.725150	15.791752	Afternoon
Keyboard	2021-09-08 13:54:55.052150	2021-09-08 13:55:03.323103	8.270953	Afternoon
Keyboard	2021-09-08 13:55:03.434426	2021-09-08 13:55:09.450642	6.016216	Afternoon
Keyboard	2021-09-08 13:55:10.122492	2021-09-08 13:55:45.216907	35.094415	Afternoon
Mouse	2021-09-08 13:55:49.668045	2021-09-08 13:57:49.049074	119.381029	Afternoon
Keyboard	2021-09-08 13:55:47.817326	2021-09-08 13:57:49.414322	121.596996	Afternoon
Keyboard	2021-09-08 13:57:54.358840	2021-09-08 13:58:00.894552	6.535712	Afternoon
Mouse	2021-09-08 13:57:53.090379	2021-09-08 13:58:02.542886	9.452507	Afternoon
Keyboard	2021-09-08 13:58:07.112905	2021-09-08 13:58:27.843025	20.73012	Afternoon
Mouse	2021-09-08 13:58:35.059362	2021-09-08 13:59:08.179309	33.119947	Afternoon
Keyboard	2021-09-08 13:58:34.579899	2021-09-08 13:59:16.815491	42.235592	Afternoon
Mouse	2021-09-08 13:59:20.620897	2021-09-08 13:59:32.328158	11.707261	Afternoon
Keyboard	2021-09-08 13:59:32.693367	2021-09-08 13:59:37.778979	5.085612	Afternoon
Mouse	2021-09-08 13:59:45.589024	2021-09-08 14:03:05.389715	199.800691	Afternoon
Mouse	2021-09-08 14:03:13.276903	2021-09-08 14:03:20.108509	6.831606	Afternoon
Mouse	2021-09-08 14:03:43.261313	2021-09-08 14:03:50.484483	7.22317	Afternoon
Mouse	2021-09-08 14:03:51.557656	2021-09-08 14:04:21.291130	29.733474	Afternoon
Mouse	2021-09-08 14:04:21.324307	2021-09-08 14:04:41.649191	20.324884	Afternoon
Mouse	2021-09-08 14:04:44.277915	2021-09-08 14:04:52.693392	8.415477	Afternoon
Mouse	2021-09-08 14:05:11.590621	2021-09-08 14:06:07.740347	56.149726	Afternoon
Keyboard	2021-09-08 13:59:46.606557	2021-09-08 14:06:13.541732	386.935175	Afternoon
Keyboard	2021-09-08 14:06:46.217376	2021-09-08 14:06:55.807581	9.590205	Afternoon
Mouse	2021-09-08 14:06:18.887113	2021-09-08 14:07:07.569525	48.682412	Afternoon
Mouse	2021-09-08 14:07:32.606272	2021-09-08 14:07:38.407620	5.801348	Afternoon
Keyboard	2021-09-08 14:07:02.966318	2021-09-08 14:07:49.022166	46.055848	Afternoon
Mouse	2021-09-08 14:07:38.965194	2021-09-08 14:07:50.564060	11.598866	Afternoon
Keyboard	2021-09-08 14:07:50.415631	2021-09-08 14:08:06.712438	16.296807	Afternoon
Keyboard	2021-09-08 14:08:07.660622	2021-09-08 14:08:15.090818	7.430196	Afternoon
Mouse	2021-09-08 14:08:14.526391	2021-09-08 14:09:26.618467	72.092076	Afternoon
Keyboard	2021-09-08 14:08:17.360242	2021-09-08 14:09:27.720926	70.360684	Afternoon
Mouse	2021-09-08 14:09:31.792001	2021-09-08 14:13:18.130171	226.33817	Afternoon
Keyboard	2021-09-08 14:09:27.737529	2021-09-08 14:16:07.786352	400.048823	Afternoon
Mouse	2021-09-08 14:13:53.854481	2021-09-08 14:16:07.883955	134.029474	Afternoon
Keyboard	2021-09-08 14:16:08.785262	2021-09-08 14:16:24.112407	15.327145	Afternoon
Mouse	2021-09-08 14:16:54.793096	2021-09-08 14:17:08.517767	13.724671	Afternoon
Mouse	2021-09-08 14:17:09.073398	2021-09-08 14:17:14.977350	5.903952	Afternoon
Mouse	2021-09-08 14:17:21.418357	2021-09-08 14:17:28.267482	6.849125	Afternoon
Keyboard	2021-09-08 14:16:38.060736	2021-09-08 14:17:28.799673	50.738937	Afternoon
Keyboard	2021-09-08 14:17:39.302914	2021-09-08 14:17:46.391320	7.088406	Afternoon
Mouse	2021-09-08 14:17:31.292677	2021-09-08 14:17:46.741888	15.449211	Afternoon
Mouse	2021-09-08 14:17:48.590400	2021-09-08 14:17:53.886937	5.296537	Afternoon
Keyboard	2021-09-08 14:17:53.147739	2021-09-08 14:18:01.383556	8.235817	Afternoon
Mouse	2021-09-08 14:18:21.636650	2021-09-08 14:18:29.197694	7.561044	Afternoon
Keyboard	2021-09-08 14:18:16.806303	2021-09-08 14:18:48.191575	31.385272	Afternoon
Mouse	2021-09-08 14:18:33.260891	2021-09-08 14:19:12.704670	39.443779	Afternoon
Keyboard	2021-09-08 14:19:12.158826	2021-09-08 14:19:19.797997	7.639171	Afternoon
Mouse	2021-09-08 14:19:18.061738	2021-09-08 14:19:23.969573	5.907835	Afternoon
Mouse	2021-09-08 14:19:25.667693	2021-09-08 14:19:52.738488	27.070795	Afternoon
Keyboard	2021-09-08 14:19:23.056536	2021-09-08 14:19:55.291058	32.234522	Afternoon
Keyboard	2021-09-08 14:19:58.040883	2021-09-08 14:20:07.735579	9.694696	Afternoon
Mouse	2021-09-08 14:20:06.870406	2021-09-08 14:20:14.446085	7.575679	Afternoon
Keyboard	2021-09-08 14:20:13.711757	2021-09-08 14:21:49.445862	95.734105	Afternoon
Mouse	2021-09-08 14:21:47.762375	2021-09-08 14:22:02.139388	14.377013	Afternoon
Keyboard	2021-09-08 14:22:01.037959	2021-09-08 14:22:30.201085	29.163126	Afternoon
Keyboard	2021-09-08 14:22:41.455269	2021-09-08 14:22:49.073881	7.618612	Afternoon
Mouse	2021-09-08 14:22:28.902327	2021-09-08 14:23:04.438134	35.535807	Afternoon
Keyboard	2021-09-08 14:22:51.387244	2021-09-08 14:23:15.536056	24.148812	Afternoon
Mouse	2021-09-08 14:23:13.746134	2021-09-08 14:23:18.904981	5.158847	Afternoon
Mouse	2021-09-08 14:23:21.854985	2021-09-08 14:23:27.363425	5.50844	Afternoon
Mouse	2021-09-08 14:23:27.464995	2021-09-08 14:24:13.643664	46.178669	Afternoon
Mouse	2021-09-08 14:24:13.653451	2021-09-08 14:24:57.786202	44.132751	Afternoon
Mouse	2021-09-08 14:24:57.838931	2021-09-08 14:25:29.928677	32.089746	Afternoon
Mouse	2021-09-08 14:26:13.386831	2021-09-08 14:26:19.817083	6.430252	Afternoon
Keyboard	2021-09-08 14:23:18.166771	2021-09-08 14:27:19.990966	241.824195	Afternoon
Keyboard	2021-09-08 14:27:20.958677	2021-09-08 14:27:35.639422	14.680745	Afternoon
Keyboard	2021-09-08 14:27:37.262321	2021-09-08 14:27:49.872843	12.610522	Afternoon
Mouse	2021-09-08 14:27:30.183675	2021-09-08 14:27:51.547541	21.363866	Afternoon
Keyboard	2021-09-08 14:27:50.863015	2021-09-08 14:28:03.010674	12.147659	Afternoon
Mouse	2021-09-08 14:28:01.917973	2021-09-08 14:28:07.992777	6.073827	Afternoon
Keyboard	2021-09-08 14:28:07.339497	2021-09-08 14:28:49.678584	42.339087	Afternoon
Mouse	2021-09-08 14:28:29.996255	2021-09-08 14:28:55.319825	25.32357	Afternoon
Keyboard	2021-09-08 14:28:54.755443	2021-09-08 14:31:02.593910	127.838467	Afternoon
Mouse	2021-09-08 14:31:00.355770	2021-09-08 14:31:12.615727	12.259957	Afternoon
Mouse	2021-09-08 14:32:12.762268	2021-09-08 14:32:18.143760	5.381492	Afternoon
Mouse	2021-09-08 14:32:21.042988	2021-09-08 14:33:41.205844	80.162856	Afternoon
Mouse	2021-09-08 14:33:54.027950	2021-09-08 14:34:00.803157	6.775207	Afternoon
Keyboard	2021-09-08 14:31:12.197785	2021-09-08 14:35:27.888253	255.690468	Afternoon
Keyboard	2021-09-08 14:35:28.328667	2021-09-08 14:35:33.550001	5.221334	Afternoon
Mouse	2021-09-08 14:35:58.652913	2021-09-08 14:36:05.038219	6.385306	Afternoon
Mouse	2021-09-08 14:36:22.213876	2021-09-08 14:36:30.016113	7.802237	Afternoon
Mouse	2021-09-08 14:36:41.371831	2021-09-08 14:36:59.853068	18.481237	Afternoon
Keyboard	2021-09-08 14:35:40.208788	2021-09-08 14:37:06.760829	86.552041	Afternoon
Mouse	2021-09-08 14:37:12.449921	2021-09-08 14:37:24.275333	11.825412	Afternoon
Keyboard	2021-09-08 14:37:12.244855	2021-09-08 14:38:38.712952	86.468097	Afternoon
Mouse	2021-09-08 14:37:24.700130	2021-09-08 14:38:38.798898	74.098768	Afternoon
Mouse	2021-09-08 14:38:54.464873	2021-09-08 14:39:03.851374	9.386501	Afternoon
Keyboard	2021-09-08 14:38:40.966716	2021-09-08 14:39:11.847874	30.881158	Afternoon
Keyboard	2021-09-08 14:39:13.234459	2021-09-08 14:40:01.349546	48.115087	Afternoon
Mouse	2021-09-08 14:40:12.200412	2021-09-08 14:40:48.452975	36.252563	Afternoon
Keyboard	2021-09-08 14:40:02.393431	2021-09-08 14:40:55.978910	53.585479	Afternoon
Mouse	2021-09-08 14:41:01.588852	2021-09-08 14:41:35.636479	34.047627	Afternoon
Keyboard	2021-09-08 14:40:58.865392	2021-09-08 14:41:39.723133	40.857741	Afternoon
Mouse	2021-09-08 14:41:47.027385	2021-09-08 14:42:08.297474	21.270089	Afternoon
Keyboard	2021-09-08 14:41:42.457376	2021-09-08 14:42:13.152631	30.695255	Afternoon
Mouse	2021-09-08 14:42:27.839256	2021-09-08 14:42:39.679320	11.840064	Afternoon
Mouse	2021-09-08 14:42:41.276907	2021-09-08 14:42:46.310732	5.033825	Afternoon
Keyboard	2021-09-08 14:42:26.837367	2021-09-08 14:42:55.103136	28.265769	Afternoon
Mouse	2021-09-08 14:43:28.636182	2021-09-08 14:47:34.405910	245.769728	Afternoon
Keyboard	2021-09-08 14:42:55.746652	2021-09-08 14:47:40.807839	285.061187	Afternoon
Keyboard	2021-09-08 14:48:00.920932	2021-09-08 14:48:07.013315	6.092383	Afternoon
Keyboard	2021-09-08 14:48:11.146840	2021-09-08 14:48:25.317806	14.170966	Afternoon
Keyboard	2021-09-08 14:48:29.450358	2021-09-08 14:48:35.553479	6.103121	Afternoon
Keyboard	2021-09-08 14:48:41.625403	2021-09-08 14:48:47.562479	5.937076	Afternoon
Keyboard	2021-09-08 14:48:47.722623	2021-09-08 14:48:53.582600	5.859977	Afternoon
Keyboard	2021-09-08 14:49:05.474463	2021-09-08 14:49:43.917269	38.442806	Afternoon
Keyboard	2021-09-08 14:49:44.975795	2021-09-08 14:49:55.426343	10.450548	Afternoon
Keyboard	2021-09-08 14:49:55.715369	2021-09-08 14:50:40.291590	44.576221	Afternoon
Mouse	2021-09-08 14:47:39.762019	2021-09-08 14:50:41.795402	182.033383	Afternoon
Keyboard	2021-09-08 14:50:47.467891	2021-09-08 14:50:52.559361	5.09147	Afternoon
Mouse	2021-09-08 14:50:52.200008	2021-09-08 14:50:59.466147	7.266139	Afternoon
Keyboard	2021-09-08 14:50:58.832398	2021-09-08 14:51:05.025359	6.192961	Afternoon
Mouse	2021-09-08 14:51:03.870161	2021-09-08 14:51:09.273164	5.403003	Afternoon
Mouse	2021-09-08 14:51:15.292282	2021-09-08 14:51:20.670843	5.378561	Afternoon
Keyboard	2021-09-08 14:51:08.809320	2021-09-08 14:51:25.157860	16.34854	Afternoon
Keyboard	2021-09-08 14:51:26.554275	2021-09-08 14:51:33.403444	6.849169	Afternoon
Mouse	2021-09-08 14:51:31.104784	2021-09-08 14:51:42.705566	11.600782	Afternoon
Keyboard	2021-09-08 14:51:42.059123	2021-09-08 14:52:06.602481	24.543358	Afternoon
Keyboard	2021-09-08 14:52:10.985981	2021-09-08 14:52:19.032341	8.04636	Afternoon
Mouse	2021-09-08 14:52:39.449003	2021-09-08 14:53:02.384058	22.935055	Afternoon
Mouse	2021-09-08 14:55:59.730133	2021-09-08 14:56:12.671114	12.940981	Afternoon
Mouse	2021-09-08 14:57:19.276576	2021-09-08 14:57:26.874861	7.598285	Afternoon
Mouse	2021-09-08 14:57:51.933283	2021-09-08 15:12:47.141447	895.208164	Afternoon
Mouse	2021-09-08 15:12:49.574016	2021-09-08 15:16:45.556974	235.982958	Afternoon
Mouse	2021-09-08 15:16:48.417144	2021-09-08 15:16:53.523262	5.106118	Afternoon
Mouse	2021-09-08 15:16:58.387208	2021-09-08 15:17:18.404482	20.017274	Afternoon
Keyboard	2021-09-08 14:52:20.157269	2021-09-08 15:17:58.267163	1538.109894	Afternoon
Mouse	2021-09-08 15:17:18.854646	2021-09-08 15:18:04.883927	46.029281	Afternoon
Mouse	2021-09-08 15:18:08.574124	2021-09-08 15:18:13.774961	5.200837	Afternoon
Mouse	2021-09-08 15:18:20.292120	2021-09-08 15:18:32.844053	12.551933	Afternoon
Keyboard	2021-09-08 15:18:01.994463	2021-09-08 15:18:39.609245	37.614782	Afternoon
Mouse	2021-09-08 15:19:54.558548	2021-09-08 15:20:13.241924	18.683376	Afternoon
Mouse	2021-09-08 15:20:13.355199	2021-09-08 15:21:41.787038	88.431839	Afternoon
Mouse	2021-09-08 15:21:42.652215	2021-09-08 15:22:50.273235	67.62102	Afternoon
Mouse	2021-09-08 15:23:01.761616	2021-09-08 15:23:22.238802	20.477186	Afternoon
Mouse	2021-09-08 15:23:43.950323	2021-09-08 15:23:54.145939	10.195616	Afternoon
Keyboard	2021-09-08 15:18:43.215459	2021-09-08 15:24:48.982273	365.766814	Afternoon
Keyboard	2021-09-08 15:24:49.831830	2021-09-08 15:25:14.169138	24.337308	Afternoon
Keyboard	2021-09-08 15:25:14.591962	2021-09-08 15:25:23.977102	9.38514	Afternoon
Mouse	2021-09-08 15:25:20.434360	2021-09-08 15:25:26.529675	6.095315	Afternoon
Keyboard	2021-09-08 15:25:26.071697	2021-09-08 15:26:10.798324	44.726627	Afternoon
Keyboard	2021-09-08 15:26:19.413035	2021-09-08 15:26:31.371228	11.958193	Afternoon
Mouse	2021-09-08 15:26:16.729585	2021-09-08 15:26:33.536132	16.806547	Afternoon
Keyboard	2021-09-08 15:26:32.325269	2021-09-08 15:26:47.361414	15.036145	Afternoon
Keyboard	2021-09-08 15:26:50.177640	2021-09-08 15:26:59.141910	8.96427	Afternoon
Mouse	2021-09-08 15:27:05.792852	2021-09-08 15:27:17.632914	11.840062	Afternoon
Keyboard	2021-09-08 15:27:02.750080	2021-09-08 15:27:42.334457	39.584377	Afternoon
Mouse	2021-09-08 15:27:40.198852	2021-09-08 15:27:55.221330	15.022478	Afternoon
Keyboard	2021-09-08 15:27:53.462687	2021-09-08 15:28:05.592773	12.130086	Afternoon
Keyboard	2021-09-08 15:28:08.302522	2021-09-08 15:28:19.329212	11.02669	Afternoon
Mouse	2021-09-08 15:28:03.885813	2021-09-08 15:28:39.786837	35.901024	Afternoon
Keyboard	2021-09-08 15:28:28.332491	2021-09-08 15:28:52.103430	23.770939	Afternoon
Mouse	2021-09-08 15:29:08.417831	2021-09-08 15:29:13.869616	5.451785	Afternoon
Keyboard	2021-09-08 15:28:53.026222	2021-09-08 15:29:19.779395	26.753173	Afternoon
Keyboard	2021-09-08 15:29:20.409238	2021-09-08 15:29:31.888970	11.479732	Afternoon
Keyboard	2021-09-08 15:29:35.238364	2021-09-08 15:29:45.918347	10.679983	Afternoon
Mouse	2021-09-08 15:29:44.604954	2021-09-08 15:29:52.265610	7.660656	Afternoon
Keyboard	2021-09-08 15:29:50.638747	2021-09-08 15:30:10.454861	19.816114	Afternoon
Keyboard	2021-09-08 15:30:17.305055	2021-09-08 15:30:58.366870	41.061815	Afternoon
Mouse	2021-09-08 15:30:57.481149	2021-09-08 15:32:52.250183	114.769034	Afternoon
Keyboard	2021-09-08 15:32:19.377274	2021-09-08 15:32:58.078897	38.701623	Afternoon
Keyboard	2021-09-08 15:33:10.673796	2021-09-08 15:33:26.359315	15.685519	Afternoon
Mouse	2021-09-08 15:33:03.620554	2021-09-08 15:33:29.646214	26.02566	Afternoon
Keyboard	2021-09-08 15:33:29.133550	2021-09-08 15:34:04.384226	35.250676	Afternoon
Keyboard	2021-09-08 15:34:05.729841	2021-09-08 15:34:24.672025	18.942184	Afternoon
Mouse	2021-09-08 15:34:23.746276	2021-09-08 15:34:39.560685	15.814409	Afternoon
Keyboard	2021-09-08 15:34:39.870235	2021-09-08 15:34:49.762180	9.891945	Afternoon
Keyboard	2021-09-08 15:34:50.296329	2021-09-08 15:34:57.574181	7.277852	Afternoon
Mouse	2021-09-08 15:35:07.559870	2021-09-08 15:35:16.714557	9.154687	Afternoon
Keyboard	2021-09-08 15:34:58.895384	2021-09-08 15:35:21.847043	22.951659	Afternoon
Keyboard	2021-09-08 15:35:24.994301	2021-09-08 15:35:44.202055	19.207754	Afternoon
Mouse	2021-09-08 15:35:42.213901	2021-09-08 15:35:48.532833	6.318932	Afternoon
Mouse	2021-09-08 15:35:52.636094	2021-09-08 15:36:02.070053	9.433959	Afternoon
Keyboard	2021-09-08 15:35:51.094194	2021-09-08 15:36:15.624850	24.530656	Afternoon
Keyboard	2021-09-08 15:36:17.127685	2021-09-08 15:36:30.678571	13.550886	Afternoon
Keyboard	2021-09-08 15:36:36.046393	2021-09-08 15:36:42.599684	6.553291	Afternoon
Keyboard	2021-09-08 15:36:58.135836	2021-09-08 15:37:05.327722	7.191886	Afternoon
Mouse	2021-09-08 15:36:42.104642	2021-09-08 15:37:10.470949	28.366307	Afternoon
Keyboard	2021-09-08 15:37:13.761801	2021-09-08 15:37:21.569880	7.808079	Afternoon
Keyboard	2021-09-08 15:37:23.070726	2021-09-08 15:37:36.792505	13.721779	Afternoon
Keyboard	2021-09-08 15:37:40.398718	2021-09-08 15:37:56.972854	16.574136	Afternoon
Mouse	2021-09-08 15:37:35.652930	2021-09-08 15:38:04.171611	28.518681	Afternoon
Keyboard	2021-09-08 15:38:02.562340	2021-09-08 15:38:10.339186	7.776846	Afternoon
Mouse	2021-09-08 15:38:13.980554	2021-09-08 15:38:20.579756	6.599202	Afternoon
Keyboard	2021-09-08 15:38:18.256648	2021-09-08 15:38:28.022623	9.765975	Afternoon
Mouse	2021-09-08 15:38:29.573307	2021-09-08 15:38:35.988914	6.415607	Afternoon
Keyboard	2021-09-08 15:38:40.542330	2021-09-08 15:38:54.626391	14.084061	Afternoon
Mouse	2021-09-08 15:38:54.167434	2021-09-08 15:39:00.723658	6.556224	Afternoon
Keyboard	2021-09-08 15:39:30.466876	2021-09-08 15:39:36.222361	5.755485	Afternoon
Keyboard	2021-09-08 15:40:02.238276	2021-09-08 15:40:07.577776	5.3395	Afternoon
Keyboard	2021-09-08 15:40:14.552914	2021-09-08 15:40:21.248777	6.695863	Afternoon
Keyboard	2021-09-08 15:40:25.119621	2021-09-08 15:40:55.343273	30.223652	Afternoon
Mouse	2021-09-08 15:40:46.260846	2021-09-08 15:40:56.689867	10.429021	Afternoon
Mouse	2021-09-08 15:41:10.105024	2021-09-08 15:41:15.444538	5.339514	Afternoon
Keyboard	2021-09-08 15:40:56.249514	2021-09-08 15:41:49.470667	53.221153	Afternoon
Mouse	2021-09-08 15:41:15.464056	2021-09-08 15:41:49.652297	34.188241	Afternoon
Mouse	2021-09-08 15:42:28.465772	2021-09-08 15:42:34.631392	6.16562	Afternoon
Mouse	2021-09-08 15:42:38.729761	2021-09-08 15:42:46.538835	7.809074	Afternoon
Mouse	2021-09-08 15:43:02.590539	2021-09-08 15:43:08.571602	5.981063	Afternoon
Mouse	2021-09-08 15:43:11.356581	2021-09-08 15:43:17.198980	5.842399	Afternoon
Mouse	2021-09-08 15:43:21.308092	2021-09-08 15:43:42.002081	20.693989	Afternoon
Mouse	2021-09-08 15:43:42.011844	2021-09-08 15:43:54.453433	12.441589	Afternoon
Keyboard	2021-09-08 15:41:50.503356	2021-09-08 15:44:42.788227	172.284871	Afternoon
Keyboard	2021-09-08 15:44:50.691070	2021-09-08 15:44:56.774638	6.083568	Afternoon
Mouse	2021-09-08 15:44:41.543195	2021-09-08 15:44:58.054831	16.511636	Afternoon
Mouse	2021-09-08 15:45:10.136087	2021-09-08 15:45:42.109628	31.973541	Afternoon
Mouse	2021-09-08 15:45:43.340016	2021-09-08 15:46:09.719198	26.379182	Afternoon
Mouse	2021-09-08 15:46:11.762026	2021-09-08 15:46:17.099577	5.337551	Afternoon
Keyboard	2021-09-08 15:45:01.993054	2021-09-08 15:46:20.808322	78.815268	Afternoon
Keyboard	2021-09-08 15:46:27.768814	2021-09-08 15:46:33.080974	5.31216	Afternoon
Keyboard	2021-09-08 15:46:33.745973	2021-09-08 15:47:02.780250	29.034277	Afternoon
Mouse	2021-09-08 15:46:59.417178	2021-09-08 15:47:05.072750	5.655572	Afternoon
Keyboard	2021-09-08 15:47:04.511260	2021-09-08 15:47:24.952336	20.441076	Afternoon
Mouse	2021-09-08 15:48:19.355105	2021-09-08 15:48:26.341961	6.986856	Afternoon
Keyboard	2021-09-08 15:47:25.437655	2021-09-08 15:48:36.457523	71.019868	Afternoon
Keyboard	2021-09-08 15:48:36.979953	2021-09-08 15:48:46.385599	9.405646	Afternoon
Mouse	2021-09-08 15:48:44.651369	2021-09-08 15:48:50.040648	5.389279	Afternoon
Keyboard	2021-09-08 15:48:51.942860	2021-09-08 15:48:58.383854	6.440994	Afternoon
Mouse	2021-09-08 15:48:58.010831	2021-09-08 15:49:22.880883	24.870052	Afternoon
Mouse	2021-09-08 15:49:48.167354	2021-09-08 15:50:03.515978	15.348624	Afternoon
Mouse	2021-09-08 15:50:04.417287	2021-09-08 15:51:08.503029	64.085742	Afternoon
Keyboard	2021-09-08 15:49:21.513785	2021-09-08 15:51:09.874036	108.360251	Afternoon
Keyboard	2021-09-08 15:51:14.979168	2021-09-08 15:51:54.927767	39.948599	Afternoon
Keyboard	2021-09-08 15:51:58.376797	2021-09-08 15:52:05.912418	7.535621	Afternoon
Keyboard	2021-09-08 15:52:06.030572	2021-09-08 15:52:27.281166	21.250594	Afternoon
Mouse	2021-09-08 15:52:26.120109	2021-09-08 15:52:41.006852	14.886743	Afternoon
Keyboard	2021-09-08 15:52:40.008866	2021-09-08 15:52:50.959338	10.950472	Afternoon
Mouse	2021-09-08 15:52:49.839293	2021-09-08 15:53:22.662387	32.823094	Afternoon
Keyboard	2021-09-08 15:53:15.865017	2021-09-08 15:53:34.452649	18.587632	Afternoon
Mouse	2021-09-08 15:53:33.621647	2021-09-08 15:53:50.050282	16.428635	Afternoon
Keyboard	2021-09-08 15:53:49.302331	2021-09-08 15:53:54.417189	5.114858	Afternoon
Mouse	2021-09-08 15:53:53.636968	2021-09-08 15:53:58.973541	5.336573	Afternoon
Keyboard	2021-09-08 15:54:12.631844	2021-09-08 15:54:23.046217	10.414373	Afternoon
Keyboard	2021-09-08 15:54:30.504725	2021-09-08 15:54:42.146556	11.641831	Afternoon
Keyboard	2021-09-08 15:54:44.017541	2021-09-08 15:54:51.432097	7.414556	Afternoon
Keyboard	2021-09-08 15:54:54.090132	2021-09-08 15:55:02.600326	8.510194	Afternoon
Mouse	2021-09-08 15:54:59.574155	2021-09-08 15:55:32.868898	33.294743	Afternoon
Keyboard	2021-09-08 15:55:58.201262	2021-09-08 15:56:03.285895	5.084633	Afternoon
Mouse	2021-09-08 15:55:41.729658	2021-09-08 15:56:32.614335	50.884677	Afternoon
Keyboard	2021-09-08 15:56:25.208558	2021-09-08 15:56:43.990557	18.781999	Afternoon
Keyboard	2021-09-08 15:56:45.168219	2021-09-08 15:57:16.317592	31.149373	Afternoon
Keyboard	2021-09-08 15:57:18.727593	2021-09-08 15:57:34.743169	16.015576	Afternoon
Mouse	2021-09-08 15:57:34.010795	2021-09-08 15:57:41.194905	7.18411	Afternoon
Mouse	2021-09-08 15:57:47.510907	2021-09-08 15:59:15.987665	88.476758	Afternoon
Keyboard	2021-09-08 15:57:40.012415	2021-09-08 15:59:19.296049	99.283634	Afternoon
Keyboard	2021-09-08 15:59:20.155380	2021-09-08 15:59:28.221257	8.065877	Afternoon
Keyboard	2021-09-08 15:59:28.556204	2021-09-08 15:59:35.582114	7.02591	Afternoon
Mouse	2021-09-08 15:59:33.871287	2021-09-08 15:59:38.963736	5.092449	Afternoon
Mouse	2021-09-08 15:59:46.793312	2021-09-08 15:59:53.255789	6.462477	Afternoon
Keyboard	2021-09-08 15:59:38.398339	2021-09-08 15:59:54.357316	15.958977	Afternoon
Mouse	2021-09-08 16:00:00.636178	2021-09-08 16:00:22.808587	22.172409	Evening
Keyboard	2021-09-08 16:00:19.805847	2021-09-08 16:00:27.366924	7.561077	Evening
Mouse	2021-09-08 16:00:32.325130	2021-09-08 16:00:43.210175	10.885045	Evening
Keyboard	2021-09-08 16:00:36.465491	2021-09-08 16:00:44.447401	7.98191	Evening
Keyboard	2021-09-08 16:00:44.564579	2021-09-08 16:01:02.344692	17.780113	Evening
Keyboard	2021-09-08 16:01:03.428606	2021-09-08 16:01:16.722679	13.294073	Evening
Mouse	2021-09-08 16:00:47.778244	2021-09-08 16:01:31.786788	44.008544	Evening
Keyboard	2021-09-08 16:01:33.380439	2021-09-08 16:01:40.281408	6.900969	Evening
Mouse	2021-09-08 16:01:57.183603	2021-09-08 16:02:03.164667	5.981064	Evening
Keyboard	2021-09-08 16:01:56.511769	2021-09-08 16:02:07.774720	11.262951	Evening
Keyboard	2021-09-08 16:02:08.784420	2021-09-08 16:02:13.864174	5.079754	Evening
Mouse	2021-09-08 16:02:18.011368	2021-09-08 16:02:24.717638	6.70627	Evening
Mouse	2021-09-08 16:02:27.261420	2021-09-08 16:03:22.955121	55.693701	Evening
Keyboard	2021-09-08 16:02:33.882090	2021-09-08 16:03:49.462213	75.580123	Evening
Mouse	2021-09-08 16:04:05.090635	2021-09-08 16:04:16.447330	11.356695	Evening
Mouse	2021-09-08 16:04:18.183710	2021-09-08 16:05:18.050006	59.866296	Evening
Keyboard	2021-09-08 16:03:53.329670	2021-09-08 16:05:22.782126	89.452456	Evening
Mouse	2021-09-08 16:05:32.027628	2021-09-08 16:05:41.160833	9.133205	Evening
Keyboard	2021-09-08 16:05:40.590564	2021-09-08 16:05:53.829945	13.239381	Evening
Keyboard	2021-09-08 16:05:57.078759	2021-09-08 16:06:03.594945	6.516186	Evening
Mouse	2021-09-08 16:06:17.449524	2021-09-08 16:06:33.477795	16.028271	Evening
Keyboard	2021-09-08 16:06:10.174602	2021-09-08 16:07:26.139466	75.964864	Evening
Keyboard	2021-09-08 16:07:26.682402	2021-09-08 16:07:36.026526	9.344124	Evening
Keyboard	2021-09-08 16:07:36.851669	2021-09-08 16:07:53.824217	16.972548	Evening
Keyboard	2021-09-08 16:07:53.941405	2021-09-08 16:08:00.193925	6.25252	Evening
Mouse	2021-09-08 16:07:59.464481	2021-09-08 16:08:05.030541	5.56606	Evening
Keyboard	2021-09-08 16:08:09.397438	2021-09-08 16:08:46.679230	37.281792	Evening
Mouse	2021-09-08 16:08:14.167642	2021-09-08 16:08:47.626552	33.45891	Evening
Mouse	2021-09-08 16:08:56.870099	2021-09-08 16:09:21.259163	24.389064	Evening
Keyboard	2021-09-08 16:08:47.638272	2021-09-08 16:09:39.582212	51.94394	Evening
Mouse	2021-09-08 16:09:38.621333	2021-09-08 16:09:44.494003	5.87267	Evening
Keyboard	2021-09-08 16:09:43.743075	2021-09-08 16:09:58.886636	15.143561	Evening
Mouse	2021-09-08 16:09:57.713874	2021-09-08 16:10:20.598138	22.884264	Evening
Keyboard	2021-09-08 16:10:17.586613	2021-09-08 16:10:28.495095	10.908482	Evening
Mouse	2021-09-08 16:10:50.917485	2021-09-08 16:10:57.259853	6.342368	Evening
Keyboard	2021-09-08 16:10:29.071228	2021-09-08 16:11:40.152617	71.081389	Evening
Mouse	2021-09-08 16:11:41.386914	2021-09-08 16:11:48.618873	7.231959	Evening
Keyboard	2021-09-08 16:11:45.735267	2021-09-08 16:12:03.899142	18.163875	Evening
Mouse	2021-09-08 16:12:35.542654	2021-09-08 16:12:46.681566	11.138912	Evening
Mouse	2021-09-08 16:12:48.387508	2021-09-08 16:13:34.224418	45.83691	Evening
Keyboard	2021-09-08 16:12:04.794599	2021-09-08 16:15:57.095156	232.300557	Evening
Keyboard	2021-09-08 16:15:57.171323	2021-09-08 16:16:14.212226	17.040903	Evening
Mouse	2021-09-08 16:16:14.527635	2021-09-08 16:16:25.110011	10.582376	Evening
Mouse	2021-09-08 16:16:38.558321	2021-09-08 16:16:57.756315	19.197013	Evening
Keyboard	2021-09-08 16:16:21.129749	2021-09-08 16:17:14.575548	53.445799	Evening
Keyboard	2021-09-08 16:17:15.405124	2021-09-08 16:17:25.608571	10.203447	Evening
Keyboard	2021-09-08 16:17:26.145646	2021-09-08 16:17:45.599479	19.453833	Evening
Mouse	2021-09-08 16:17:44.996003	2021-09-08 16:17:50.472229	5.476226	Evening
Keyboard	2021-09-08 16:17:49.200813	2021-09-08 16:17:58.609388	9.408575	Evening
Mouse	2021-09-08 16:17:57.698360	2021-09-08 16:18:04.706656	7.008296	Evening
Keyboard	2021-09-08 16:18:03.351290	2021-09-08 16:18:12.649505	9.298215	Evening
Mouse	2021-09-08 16:18:11.604651	2021-09-08 16:18:20.858942	9.254291	Evening
Keyboard	2021-09-08 16:18:19.319001	2021-09-08 16:18:29.047870	9.728869	Evening
Mouse	2021-09-08 16:18:28.338933	2021-09-08 16:18:36.109918	7.770985	Evening
Mouse	2021-09-08 16:18:37.386206	2021-09-08 16:18:47.694138	10.307932	Evening
Mouse	2021-09-08 16:18:49.245795	2021-09-08 16:18:56.660361	7.414566	Evening
Keyboard	2021-09-08 16:18:34.310229	2021-09-08 16:19:00.016591	25.706362	Evening
Keyboard	2021-09-08 16:19:04.196988	2021-09-08 16:19:17.992980	13.795992	Evening
Mouse	2021-09-08 16:19:23.558053	2021-09-08 16:19:28.955169	5.397116	Evening
Mouse	2021-09-08 16:19:30.713848	2021-09-08 16:19:38.285628	7.57178	Evening
Mouse	2021-09-08 16:19:41.183881	2021-09-08 16:19:47.270404	6.086523	Evening
Keyboard	2021-09-08 16:19:47.431526	2021-09-08 16:20:08.753404	21.321878	Evening
Mouse	2021-09-08 16:20:05.495798	2021-09-08 16:20:13.831204	8.335406	Evening
Keyboard	2021-09-08 16:20:13.224798	2021-09-08 16:20:24.385218	11.16042	Evening
Mouse	2021-09-08 16:20:22.996634	2021-09-08 16:20:31.367927	8.371293	Evening
Keyboard	2021-09-08 16:20:32.971340	2021-09-08 16:20:47.212613	14.241273	Evening
Mouse	2021-09-08 16:20:46.387472	2021-09-08 16:20:57.697297	11.309825	Evening
Keyboard	2021-09-08 16:21:01.757588	2021-09-08 16:21:17.298581	15.540993	Evening
Mouse	2021-09-08 16:21:17.542706	2021-09-08 16:21:25.390842	7.848136	Evening
Mouse	2021-09-08 16:21:41.261891	2021-09-08 16:24:39.394049	178.132158	Evening
Mouse	2021-09-08 16:24:45.933669	2021-09-08 16:24:57.504211	11.570542	Evening
Keyboard	2021-09-08 16:21:24.130173	2021-09-08 16:25:58.954754	274.824581	Evening
Mouse	2021-09-08 16:25:02.527329	2021-09-08 16:26:21.456513	78.929184	Evening
Keyboard	2021-09-08 16:26:03.919985	2021-09-08 16:26:24.618419	20.698434	Evening
Keyboard	2021-09-08 16:26:32.714580	2021-09-08 16:26:38.391996	5.677416	Evening
Keyboard	2021-09-08 16:26:52.166044	2021-09-08 16:27:20.818503	28.652459	Evening
Mouse	2021-09-08 16:27:23.777303	2021-09-08 16:27:34.064730	10.287427	Evening
Keyboard	2021-09-08 16:27:33.297203	2021-09-08 16:27:48.825503	15.5283	Evening
Mouse	2021-09-08 16:27:47.215252	2021-09-08 16:28:14.439098	27.223846	Evening
Mouse	2021-09-08 16:28:39.621077	2021-09-08 16:28:48.593161	8.972084	Evening
Mouse	2021-09-08 16:28:49.011102	2021-09-08 16:28:54.521493	5.510391	Evening
Keyboard	2021-09-08 16:28:13.710627	2021-09-08 16:29:09.115297	55.40467	Evening
Keyboard	2021-09-08 16:29:11.401272	2021-09-08 16:29:18.186969	6.785697	Evening
Mouse	2021-09-08 16:29:19.011797	2021-09-08 16:29:26.405854	7.394057	Evening
Mouse	2021-09-08 16:29:46.761975	2021-09-08 16:30:01.430958	14.668983	Evening
Keyboard	2021-09-08 16:29:32.769715	2021-09-08 16:30:06.956973	34.187258	Evening
Mouse	2021-09-08 16:30:12.511302	2021-09-08 16:30:30.885126	18.373824	Evening
Keyboard	2021-09-08 16:30:08.301609	2021-09-08 16:30:56.249713	47.948104	Evening
Keyboard	2021-09-08 16:30:57.753523	2021-09-08 16:31:04.879043	7.12552	Evening
Keyboard	2021-09-08 16:31:06.191459	2021-09-08 16:31:36.741262	30.549803	Evening
Mouse	2021-09-08 16:31:36.386793	2021-09-08 16:31:43.280883	6.89409	Evening
Keyboard	2021-09-08 16:31:42.488942	2021-09-08 16:31:49.701372	7.21243	Evening
Mouse	2021-09-08 16:31:48.777600	2021-09-08 16:31:59.565974	10.788374	Evening
Keyboard	2021-09-08 16:31:58.937108	2021-09-08 16:32:06.061663	7.124555	Evening
Mouse	2021-09-08 16:32:05.260921	2021-09-08 16:32:18.697596	13.436675	Evening
Keyboard	2021-09-08 16:32:18.283528	2021-09-08 16:32:24.102488	5.81896	Evening
Mouse	2021-09-08 16:32:23.151377	2021-09-08 16:32:36.831167	13.67979	Evening
Keyboard	2021-09-08 16:32:36.383929	2021-09-08 16:32:42.851288	6.467359	Evening
Mouse	2021-09-08 16:32:41.714646	2021-09-08 16:32:50.943545	9.228899	Evening
Keyboard	2021-09-08 16:32:52.898497	2021-09-08 16:33:18.446666	25.548169	Evening
Keyboard	2021-09-08 16:33:25.803664	2021-09-08 16:33:40.135707	14.332043	Evening
Keyboard	2021-09-08 16:33:41.891595	2021-09-08 16:34:11.799833	29.908238	Evening
Keyboard	2021-09-08 16:34:12.303709	2021-09-08 16:34:41.129013	28.825304	Evening
Mouse	2021-09-08 16:34:48.887305	2021-09-08 16:35:11.572378	22.685073	Evening
Mouse	2021-09-08 16:35:18.949836	2021-09-08 16:38:10.104620	171.154784	Evening
Mouse	2021-09-08 16:39:00.090431	2021-09-08 16:39:20.412373	20.321942	Evening
Keyboard	2021-09-08 16:35:16.458781	2021-09-08 16:39:22.993261	246.53448	Evening
Keyboard	2021-09-08 16:39:26.320199	2021-09-08 16:39:32.902784	6.582585	Evening
Keyboard	2021-09-08 16:39:33.392011	2021-09-08 16:39:40.161109	6.769098	Evening
Mouse	2021-09-08 16:39:48.464289	2021-09-08 16:40:03.861740	15.397451	Evening
Mouse	2021-09-08 16:40:07.479683	2021-09-08 16:40:25.956028	18.476345	Evening
Keyboard	2021-09-08 16:39:44.016330	2021-09-08 16:41:00.808289	76.791959	Evening
Mouse	2021-09-08 16:40:29.964560	2021-09-08 16:41:01.334625	31.370065	Evening
Keyboard	2021-09-08 16:41:08.873047	2021-09-08 16:41:16.042537	7.16949	Evening
Keyboard	2021-09-08 16:41:16.633284	2021-09-08 16:41:26.245020	9.611736	Evening
Keyboard	2021-09-08 16:41:26.538900	2021-09-08 16:41:41.034066	14.495166	Evening
Keyboard	2021-09-08 16:41:55.333932	2021-09-08 16:42:13.901149	18.567217	Evening
Mouse	2021-09-08 16:42:21.885942	2021-09-08 16:42:28.975340	7.089398	Evening
Keyboard	2021-09-08 16:42:19.503285	2021-09-08 16:43:01.219408	41.716123	Evening
Keyboard	2021-09-08 16:43:05.733735	2021-09-08 16:43:20.614654	14.880919	Evening
Keyboard	2021-09-08 16:43:22.528550	2021-09-08 16:43:48.443879	25.915329	Evening
Mouse	2021-09-08 16:44:04.168030	2021-09-08 16:44:09.659867	5.491837	Evening
Mouse	2021-09-08 16:44:26.013312	2021-09-08 16:44:32.657461	6.644149	Evening
Keyboard	2021-09-08 16:43:51.720585	2021-09-08 16:44:35.691448	43.970863	Evening
Keyboard	2021-09-08 16:44:37.830962	2021-09-08 16:45:21.709941	43.878979	Evening
Keyboard	2021-09-08 16:45:23.990083	2021-09-08 16:46:11.912783	47.9227	Evening
Keyboard	2021-09-08 16:46:12.415681	2021-09-08 16:46:35.275544	22.859863	Evening
Mouse	2021-09-08 16:46:28.074836	2021-09-08 16:46:39.192287	11.117451	Evening
Keyboard	2021-09-08 16:46:35.612439	2021-09-08 16:46:46.082472	10.470033	Evening
Mouse	2021-09-08 16:46:58.855090	2021-09-08 16:47:04.045201	5.190111	Evening
Keyboard	2021-09-08 16:46:47.121469	2021-09-08 16:47:09.784079	22.66261	Evening
Keyboard	2021-09-08 16:47:14.680251	2021-09-08 16:48:58.544681	103.86443	Evening
Keyboard	2021-09-08 16:49:04.681003	2021-09-08 16:49:28.373825	23.692822	Evening
Keyboard	2021-09-08 16:49:28.697048	2021-09-08 16:49:42.403200	13.706152	Evening
Mouse	2021-09-08 16:49:34.995469	2021-09-08 16:50:05.865817	30.870348	Evening
Mouse	2021-09-08 16:50:19.183321	2021-09-08 16:50:25.492508	6.309187	Evening
Keyboard	2021-09-08 16:49:46.188162	2021-09-08 16:51:38.760260	112.572098	Evening
Keyboard	2021-09-08 16:51:44.046056	2021-09-08 16:52:04.027032	19.980976	Evening
Keyboard	2021-09-08 16:52:04.484080	2021-09-08 16:52:11.234585	6.750505	Evening
Keyboard	2021-09-08 16:52:11.850759	2021-09-08 16:52:19.608069	7.75731	Evening
Mouse	2021-09-08 16:52:19.012437	2021-09-08 16:52:37.312014	18.299577	Evening
Keyboard	2021-09-08 16:52:19.974253	2021-09-08 16:52:45.486338	25.512085	Evening
Mouse	2021-09-08 16:52:44.574270	2021-09-08 16:52:50.523087	5.948817	Evening
Keyboard	2021-09-08 16:52:49.439165	2021-09-08 16:53:05.504542	16.065377	Evening
Mouse	2021-09-08 16:52:51.121675	2021-09-08 16:53:06.772050	15.650375	Evening
Keyboard	2021-09-08 16:53:05.958615	2021-09-08 16:53:23.089358	17.130743	Evening
Keyboard	2021-09-08 16:53:23.510230	2021-09-08 16:53:44.920968	21.410738	Evening
Keyboard	2021-09-08 16:53:52.071517	2021-09-08 16:53:57.265566	5.194049	Evening
Keyboard	2021-09-08 16:53:57.639528	2021-09-08 16:54:26.766609	29.127081	Evening
Mouse	2021-09-08 16:53:59.809305	2021-09-08 16:54:26.788047	26.978742	Evening
Keyboard	2021-09-08 16:54:27.151305	2021-09-08 16:54:44.947039	17.795734	Evening
Mouse	2021-09-08 16:55:17.981059	2021-09-08 16:57:31.494016	133.512957	Evening
Keyboard	2021-09-08 16:54:48.952645	2021-09-08 16:58:03.540821	194.588176	Evening
Mouse	2021-09-09 08:50:39.772151	2021-09-09 08:50:46.006091	6.23394	Morning
Mouse	2021-09-09 08:50:55.179331	2021-09-09 08:51:13.440857	18.261526	Morning
Mouse	2021-09-09 08:51:37.945445	2021-09-09 08:51:49.043534	11.098089	Morning
Mouse	2021-09-09 08:52:02.350479	2021-09-09 08:52:42.215222	39.864743	Morning
Mouse	2021-09-09 08:52:43.882103	2021-09-09 08:52:52.701851	8.819748	Morning
Mouse	2021-09-09 08:53:10.211475	2021-09-09 08:53:21.693163	11.481688	Morning
Mouse	2021-09-09 08:53:25.805202	2021-09-09 08:53:44.918238	19.113036	Morning
Mouse	2021-09-09 08:53:45.460195	2021-09-09 08:54:44.320685	58.86049	Morning
Mouse	2021-09-09 08:54:55.069020	2021-09-09 08:55:01.263937	6.194917	Morning
Mouse	2021-09-09 08:55:18.589019	2021-09-09 08:55:44.481875	25.892856	Morning
Mouse	2021-09-09 08:56:32.867449	2021-09-09 08:59:58.609685	205.742236	Morning
Mouse	2021-09-09 09:00:02.352621	2021-09-09 09:00:15.549031	13.19641	Morning
Mouse	2021-09-09 09:01:47.445089	2021-09-09 09:01:53.340178	5.895089	Morning
Mouse	2021-09-09 09:01:57.631887	2021-09-09 09:02:05.951808	8.319921	Morning
Mouse	2021-09-09 09:02:17.100495	2021-09-09 09:02:26.120425	9.01993	Morning
Mouse	2021-09-09 09:03:03.320346	2021-09-09 09:03:29.930933	26.610587	Morning
Mouse	2021-09-09 09:04:29.413452	2021-09-09 09:04:42.549354	13.135902	Morning
Mouse	2021-09-09 09:04:51.522389	2021-09-09 09:04:57.851086	6.328697	Morning
Mouse	2021-09-09 09:05:02.101791	2021-09-09 09:05:07.608275	5.506484	Morning
Mouse	2021-09-09 09:05:15.600927	2021-09-09 09:05:45.281645	29.680718	Morning
Mouse	2021-09-09 09:05:51.506832	2021-09-09 09:05:57.355104	5.848272	Morning
Mouse	2021-09-09 09:06:00.883200	2021-09-09 09:06:11.034879	10.151679	Morning
Mouse	2021-09-09 09:06:11.037810	2021-09-09 09:06:23.703989	12.666179	Morning
Mouse	2021-09-09 09:06:23.803594	2021-09-09 09:06:28.827686	5.024092	Morning
Mouse	2021-09-09 09:06:33.398688	2021-09-09 09:06:39.042852	5.644164	Morning
Mouse	2021-09-09 09:06:39.053593	2021-09-09 09:06:51.625053	12.57146	Morning
Mouse	2021-09-09 09:06:56.695061	2021-09-09 09:07:11.573007	14.877946	Morning
Mouse	2021-09-09 09:07:12.240946	2021-09-09 09:07:30.964334	18.723388	Morning
Mouse	2021-09-09 09:07:31.007299	2021-09-09 09:07:48.460297	17.452998	Morning
Mouse	2021-09-09 09:07:49.069620	2021-09-09 09:07:55.165918	6.096298	Morning
Mouse	2021-09-09 09:08:05.210187	2021-09-09 09:08:14.971283	9.761096	Morning
Mouse	2021-09-09 09:08:15.023038	2021-09-09 09:08:28.461637	13.438599	Morning
Mouse	2021-09-09 09:08:28.491910	2021-09-09 09:08:35.354744	6.862834	Morning
Mouse	2021-09-09 09:08:35.414314	2021-09-09 09:08:54.280291	18.865977	Morning
Mouse	2021-09-09 09:08:54.773423	2021-09-09 09:09:25.986267	31.212844	Morning
Mouse	2021-09-09 09:09:26.866096	2021-09-09 09:09:39.377028	12.510932	Morning
Mouse	2021-09-09 09:09:39.788120	2021-09-09 09:09:47.757342	7.969222	Morning
Mouse	2021-09-09 09:09:54.475661	2021-09-09 09:10:38.403509	43.927848	Morning
Mouse	2021-09-09 09:11:15.148227	2021-09-09 09:11:32.547503	17.399276	Morning
Mouse	2021-09-09 09:11:36.086341	2021-09-09 09:11:41.785194	5.698853	Morning
Mouse	2021-09-09 09:11:44.084850	2021-09-09 09:11:49.718280	5.63343	Morning
Mouse	2021-09-09 09:11:49.960452	2021-09-09 09:11:55.650518	5.690066	Morning
Mouse	2021-09-09 09:11:55.772583	2021-09-09 09:13:59.409214	123.636631	Morning
Mouse	2021-09-09 09:14:28.414178	2021-09-09 09:14:33.745867	5.331689	Morning
Mouse	2021-09-09 09:14:34.084712	2021-09-09 09:14:51.529884	17.445172	Morning
Mouse	2021-09-09 09:14:56.741466	2021-09-09 09:17:11.009763	134.268297	Morning
Keyboard	2021-09-09 08:50:30.131130	2021-09-09 09:17:16.788707	1606.657577	Morning
Mouse	2021-09-09 09:17:16.225250	2021-09-09 09:17:39.892679	23.667429	Morning
Keyboard	2021-09-09 09:17:38.694531	2021-09-09 09:18:11.375038	32.680507	Morning
Mouse	2021-09-09 09:18:09.117374	2021-09-09 09:18:14.790836	5.673462	Morning
Mouse	2021-09-09 09:18:17.428364	2021-09-09 09:18:28.050732	10.622368	Morning
Mouse	2021-09-09 09:18:56.069443	2021-09-09 09:20:55.579186	119.509743	Morning
Mouse	2021-09-09 09:21:04.540527	2021-09-09 09:57:04.468828	2159.928301	Morning
Mouse	2021-09-09 09:57:33.632979	2021-09-09 09:57:45.890007	12.257028	Morning
Mouse	2021-09-09 09:58:01.913397	2021-09-09 09:58:08.480356	6.566959	Morning
Mouse	2021-09-09 09:58:11.116921	2021-09-09 09:58:16.791363	5.674442	Morning
Keyboard	2021-09-09 09:18:26.979527	2021-09-09 09:59:49.559824	2482.580297	Morning
Mouse	2021-09-09 09:59:48.694647	2021-09-09 09:59:57.262472	8.567825	Morning
Mouse	2021-09-09 10:00:14.240862	2021-09-09 10:00:20.356690	6.115828	Morning
Mouse	2021-09-09 10:00:27.710705	2021-09-09 10:00:43.073002	15.362297	Morning
Mouse	2021-09-09 10:01:29.147250	2021-09-09 10:01:54.584050	25.4368	Morning
Mouse	2021-09-09 10:02:19.866612	2021-09-09 10:02:34.042463	14.175851	Morning
Mouse	2021-09-09 10:02:55.616276	2021-09-09 10:03:00.848363	5.232087	Morning
Mouse	2021-09-09 10:03:06.414421	2021-09-09 10:03:13.514546	7.100125	Morning
Mouse	2021-09-09 10:03:22.241526	2021-09-09 10:03:32.201837	9.960311	Morning
Mouse	2021-09-09 10:03:34.960437	2021-09-09 10:03:52.923162	17.962725	Morning
Mouse	2021-09-09 10:03:54.397669	2021-09-09 10:04:02.777994	8.380325	Morning
Mouse	2021-09-09 10:04:02.788736	2021-09-09 10:04:10.658349	7.869613	Morning
Mouse	2021-09-09 10:04:10.836071	2021-09-09 10:04:19.042578	8.206507	Morning
Mouse	2021-09-09 10:04:42.819394	2021-09-09 10:05:15.929562	33.110168	Morning
Mouse	2021-09-09 10:05:39.053478	2021-09-09 10:05:54.096460	15.042982	Morning
Mouse	2021-09-09 10:05:54.553461	2021-09-09 10:06:47.434843	52.881382	Morning
Mouse	2021-09-09 10:07:36.710010	2021-09-09 10:07:45.667447	8.957437	Morning
Mouse	2021-09-09 10:07:47.492541	2021-09-09 10:07:52.568372	5.075831	Morning
Mouse	2021-09-09 10:07:56.101348	2021-09-09 10:08:01.687904	5.586556	Morning
Mouse	2021-09-09 10:08:03.241515	2021-09-09 10:10:28.873013	145.631498	Morning
Mouse	2021-09-09 10:10:29.053664	2021-09-09 10:12:21.587064	112.5334	Morning
Mouse	2021-09-09 10:12:21.664208	2021-09-09 10:13:55.166327	93.502119	Morning
Mouse	2021-09-09 10:14:00.163073	2021-09-09 10:14:05.804313	5.64124	Morning
Mouse	2021-09-09 10:14:14.788113	2021-09-09 10:14:28.883907	14.095794	Morning
Mouse	2021-09-09 10:14:31.538995	2021-09-09 10:14:53.487785	21.94879	Morning
Mouse	2021-09-09 10:15:04.757572	2021-09-09 10:15:13.707193	8.949621	Morning
Mouse	2021-09-09 10:15:44.663220	2021-09-09 10:15:54.150894	9.487674	Morning
Mouse	2021-09-09 10:15:55.508229	2021-09-09 10:16:17.381829	21.8736	Morning
Mouse	2021-09-09 10:16:21.163820	2021-09-09 10:16:28.645761	7.481941	Morning
Keyboard	2021-09-09 09:59:56.636521	2021-09-09 10:16:33.062466	996.425945	Morning
Mouse	2021-09-09 10:16:29.586126	2021-09-09 10:16:55.615709	26.029583	Morning
Keyboard	2021-09-09 10:16:55.221206	2021-09-09 10:17:06.055472	10.834266	Morning
Mouse	2021-09-09 10:17:04.898320	2021-09-09 10:17:10.132373	5.234053	Morning
Mouse	2021-09-09 10:17:17.664102	2021-09-09 10:17:23.527011	5.862909	Morning
Mouse	2021-09-09 10:18:43.961315	2021-09-09 10:18:49.146529	5.185214	Morning
Keyboard	2021-09-09 10:17:07.833679	2021-09-09 10:19:07.917307	120.083628	Morning
Mouse	2021-09-09 10:19:05.819784	2021-09-09 10:19:26.111690	20.291906	Morning
Keyboard	2021-09-09 10:19:19.671436	2021-09-09 10:19:28.682815	9.011379	Morning
Keyboard	2021-09-09 10:19:43.539558	2021-09-09 10:19:50.110425	6.570867	Morning
Keyboard	2021-09-09 10:20:20.661254	2021-09-09 10:20:25.678461	5.017207	Morning
Mouse	2021-09-09 10:19:26.851880	2021-09-09 10:20:26.487981	59.636101	Morning
Keyboard	2021-09-09 10:20:25.799547	2021-09-09 10:20:33.431873	7.632326	Morning
Mouse	2021-09-09 10:20:31.225991	2021-09-09 10:20:47.824509	16.598518	Morning
Mouse	2021-09-09 10:20:50.616323	2021-09-09 10:21:26.083780	35.467457	Morning
Keyboard	2021-09-09 10:21:23.164041	2021-09-09 10:21:35.753077	12.589036	Morning
Keyboard	2021-09-09 10:21:52.181023	2021-09-09 10:22:07.772796	15.591773	Morning
Mouse	2021-09-09 10:21:33.570603	2021-09-09 10:22:17.406943	43.83634	Morning
Mouse	2021-09-09 10:22:45.162981	2021-09-09 10:23:00.469655	15.306674	Morning
Mouse	2021-09-09 10:23:00.538947	2021-09-09 10:23:49.122755	48.583808	Morning
Mouse	2021-09-09 10:24:16.742091	2021-09-09 10:24:33.034005	16.291914	Morning
Mouse	2021-09-09 10:25:41.726875	2021-09-09 10:26:01.337594	19.610719	Morning
Mouse	2021-09-09 10:26:35.306124	2021-09-09 10:26:56.728580	21.422456	Morning
Mouse	2021-09-09 10:26:56.741275	2021-09-09 10:27:12.700213	15.958938	Morning
Keyboard	2021-09-09 10:22:10.202325	2021-09-09 10:27:16.976326	306.774001	Morning
Mouse	2021-09-09 10:27:14.804572	2021-09-09 10:27:32.381580	17.577008	Morning
Mouse	2021-09-09 10:27:44.304638	2021-09-09 10:28:10.751187	26.446549	Morning
Mouse	2021-09-09 10:28:41.632998	2021-09-09 10:28:47.443179	5.810181	Morning
Mouse	2021-09-09 10:29:49.053489	2021-09-09 10:29:55.000373	5.946884	Morning
Mouse	2021-09-09 10:30:44.476705	2021-09-09 10:30:50.779028	6.302323	Morning
Mouse	2021-09-09 10:31:08.694874	2021-09-09 10:31:14.809718	6.114844	Morning
Mouse	2021-09-09 10:31:26.820668	2021-09-09 10:31:43.671153	16.850485	Morning
Mouse	2021-09-09 10:31:44.992459	2021-09-09 10:31:57.672848	12.680389	Morning
Mouse	2021-09-09 10:32:22.303634	2021-09-09 10:34:27.433322	125.129688	Morning
Keyboard	2021-09-09 10:27:24.883028	2021-09-09 10:36:47.416550	562.533522	Morning
Mouse	2021-09-09 10:36:57.898318	2021-09-09 10:37:05.783539	7.885221	Morning
Keyboard	2021-09-09 10:36:48.421368	2021-09-09 10:37:53.446592	65.025224	Morning
Mouse	2021-09-09 10:38:02.756522	2021-09-09 10:38:20.657720	17.901198	Morning
Mouse	2021-09-09 10:38:41.290203	2021-09-09 10:38:49.504508	8.214305	Morning
Mouse	2021-09-09 10:40:39.804089	2021-09-09 10:41:00.127982	20.323893	Morning
Mouse	2021-09-09 10:42:27.069685	2021-09-09 10:42:44.051995	16.98231	Morning
Mouse	2021-09-09 10:42:56.555106	2021-09-09 10:43:02.990236	6.43513	Morning
Mouse	2021-09-09 10:43:56.336432	2021-09-09 10:44:01.655428	5.318996	Morning
Mouse	2021-09-09 10:44:35.897377	2021-09-09 10:44:48.296973	12.399596	Morning
Mouse	2021-09-09 10:45:49.553796	2021-09-09 10:45:56.050475	6.496679	Morning
Mouse	2021-09-09 10:46:05.413134	2021-09-09 10:46:15.870184	10.45705	Morning
Mouse	2021-09-09 10:46:15.882878	2021-09-09 10:46:25.165868	9.28299	Morning
Mouse	2021-09-09 10:47:14.117508	2021-09-09 10:47:39.521140	25.403632	Morning
Mouse	2021-09-09 10:49:14.710360	2021-09-09 10:49:23.139526	8.429166	Morning
Keyboard	2021-09-09 10:37:54.522678	2021-09-09 10:49:33.364443	698.841765	Morning
Keyboard	2021-09-09 10:49:33.839997	2021-09-09 10:49:39.318160	5.478163	Morning
Mouse	2021-09-09 10:49:37.850485	2021-09-09 10:49:47.653590	9.803105	Morning
Mouse	2021-09-09 10:49:48.789237	2021-09-09 10:50:10.430429	21.641192	Morning
Mouse	2021-09-09 10:50:15.008263	2021-09-09 10:50:33.139911	18.131648	Morning
Mouse	2021-09-09 10:50:44.336461	2021-09-09 10:50:50.421033	6.084572	Morning
Mouse	2021-09-09 10:51:06.804750	2021-09-09 10:51:39.833186	33.028436	Morning
Mouse	2021-09-09 10:51:44.804538	2021-09-09 10:52:34.440256	49.635718	Morning
Keyboard	2021-09-09 10:49:47.174104	2021-09-09 10:52:37.884373	170.710269	Morning
Keyboard	2021-09-09 10:52:44.499185	2021-09-09 10:53:00.525945	16.02676	Morning
Keyboard	2021-09-09 10:53:12.147261	2021-09-09 10:53:17.436962	5.289701	Morning
Keyboard	2021-09-09 10:53:34.230810	2021-09-09 10:54:48.395345	74.164535	Morning
Keyboard	2021-09-09 10:54:57.551985	2021-09-09 10:55:10.341206	12.789221	Morning
Mouse	2021-09-09 10:52:36.709645	2021-09-09 10:55:36.302439	179.592794	Morning
Mouse	2021-09-09 10:55:36.694015	2021-09-09 10:56:42.156620	65.462605	Morning
Mouse	2021-09-09 10:57:16.867289	2021-09-09 10:57:50.900269	34.03298	Morning
Mouse	2021-09-09 10:58:22.491996	2021-09-09 10:58:28.212336	5.72034	Morning
Keyboard	2021-09-09 10:55:11.886029	2021-09-09 10:58:38.934300	207.048271	Morning
Keyboard	2021-09-09 10:58:44.004290	2021-09-09 10:58:56.103126	12.098836	Morning
Keyboard	2021-09-09 10:59:00.384101	2021-09-09 10:59:08.839614	8.455513	Morning
Mouse	2021-09-09 10:58:33.241306	2021-09-09 10:59:18.036291	44.794985	Morning
Mouse	2021-09-09 10:59:20.789046	2021-09-09 10:59:33.217938	12.428892	Morning
Mouse	2021-09-09 10:59:33.866333	2021-09-09 10:59:41.483033	7.6167	Morning
Mouse	2021-09-09 10:59:42.819860	2021-09-09 11:01:00.420362	77.600502	Afternoon
Keyboard	2021-09-09 10:59:08.948005	2021-09-09 11:01:03.106715	114.15871	Afternoon
Mouse	2021-09-09 11:02:03.194666	2021-09-09 11:02:34.140941	30.946275	Afternoon
Mouse	2021-09-09 11:03:11.335813	2021-09-09 11:03:28.124776	16.788963	Afternoon
Mouse	2021-09-09 11:03:28.131611	2021-09-09 11:04:26.378860	58.247249	Afternoon
Mouse	2021-09-09 11:05:07.883047	2021-09-09 11:05:27.056858	19.173811	Afternoon
Mouse	2021-09-09 11:05:42.602051	2021-09-09 11:05:52.578950	9.976899	Afternoon
Mouse	2021-09-09 11:05:52.601430	2021-09-09 11:05:58.360807	5.759377	Afternoon
Mouse	2021-09-09 11:05:59.569716	2021-09-09 11:06:13.505347	13.935631	Afternoon
Mouse	2021-09-09 11:06:54.648222	2021-09-09 11:07:15.878308	21.230086	Afternoon
Mouse	2021-09-09 11:07:23.507703	2021-09-09 11:12:46.891091	323.383388	Afternoon
Mouse	2021-09-09 11:13:07.132967	2021-09-09 11:13:20.151659	13.018692	Afternoon
Mouse	2021-09-09 11:13:29.304395	2021-09-09 11:13:38.594814	9.290419	Afternoon
Keyboard	2021-09-09 11:01:05.697372	2021-09-09 11:13:51.515862	765.81849	Afternoon
Mouse	2021-09-09 11:13:45.741819	2021-09-09 11:13:53.398554	7.656735	Afternoon
Keyboard	2021-09-09 11:13:58.285937	2021-09-09 11:14:24.471759	26.185822	Afternoon
Keyboard	2021-09-09 11:14:24.560622	2021-09-09 11:14:31.113912	6.55329	Afternoon
Mouse	2021-09-09 11:14:22.647658	2021-09-09 11:14:34.576592	11.928934	Afternoon
Keyboard	2021-09-09 11:14:33.288580	2021-09-09 11:14:51.816689	18.528109	Afternoon
Keyboard	2021-09-09 11:14:52.424072	2021-09-09 11:15:03.612845	11.188773	Afternoon
Mouse	2021-09-09 11:16:45.711761	2021-09-09 11:16:52.239647	6.527886	Afternoon
Mouse	2021-09-09 11:16:52.850934	2021-09-09 11:16:59.438405	6.587471	Afternoon
Mouse	2021-09-09 11:17:29.756777	2021-09-09 11:17:34.869740	5.112963	Afternoon
Mouse	2021-09-09 11:17:40.866419	2021-09-09 11:17:46.362160	5.494763	Afternoon
Mouse	2021-09-09 11:17:49.335602	2021-09-09 11:18:18.934086	29.598484	Afternoon
Mouse	2021-09-09 11:18:25.039163	2021-09-09 11:19:41.067499	76.028336	Afternoon
Keyboard	2021-09-09 11:15:06.440753	2021-09-09 11:21:12.628834	366.188081	Afternoon
Mouse	2021-09-09 11:21:10.116404	2021-09-09 11:21:26.048427	15.932023	Afternoon
Mouse	2021-09-09 11:21:37.789885	2021-09-09 11:21:57.663179	19.873294	Afternoon
Keyboard	2021-09-09 11:21:19.806057	2021-09-09 11:22:30.813930	71.007873	Afternoon
Mouse	2021-09-09 11:22:10.398667	2021-09-09 11:22:33.801909	23.403242	Afternoon
Mouse	2021-09-09 11:24:59.835550	2021-09-09 11:25:04.970962	5.135412	Afternoon
Mouse	2021-09-09 11:25:12.772222	2021-09-09 11:25:21.787269	9.015047	Afternoon
Keyboard	2021-09-09 11:22:30.914060	2021-09-09 11:25:44.178413	193.264353	Afternoon
Mouse	2021-09-09 11:26:51.101071	2021-09-09 11:27:22.344189	31.243118	Afternoon
Mouse	2021-09-09 11:27:26.195506	2021-09-09 11:28:14.848955	48.652474	Afternoon
Mouse	2021-09-09 11:28:37.084837	2021-09-09 11:28:45.036477	7.95164	Afternoon
Mouse	2021-09-09 11:28:52.976398	2021-09-09 11:31:30.628191	157.651793	Afternoon
Mouse	2021-09-09 11:31:53.522232	2021-09-09 11:32:05.279290	11.757058	Afternoon
Mouse	2021-09-09 11:32:05.726529	2021-09-09 11:32:17.591004	11.864475	Afternoon
Mouse	2021-09-09 11:32:18.131986	2021-09-09 11:32:25.232129	7.100143	Afternoon
Mouse	2021-09-09 11:32:43.242683	2021-09-09 11:32:54.941152	11.698469	Afternoon
Mouse	2021-09-09 11:32:59.133266	2021-09-09 11:33:10.437232	11.303966	Afternoon
Keyboard	2021-09-09 11:25:50.703386	2021-09-09 11:33:24.834746	454.13136	Afternoon
Mouse	2021-09-09 11:33:23.351443	2021-09-09 11:33:32.410434	9.058991	Afternoon
Keyboard	2021-09-09 11:33:30.910530	2021-09-09 11:33:41.653981	10.743451	Afternoon
Keyboard	2021-09-09 11:33:42.171528	2021-09-09 11:33:52.072263	9.900735	Afternoon
Keyboard	2021-09-09 11:33:52.914006	2021-09-09 11:33:58.981974	6.067968	Afternoon
Keyboard	2021-09-09 11:34:01.990571	2021-09-09 11:34:11.700888	9.710317	Afternoon
Keyboard	2021-09-09 11:34:20.700312	2021-09-09 11:34:27.527999	6.827687	Afternoon
Mouse	2021-09-09 11:35:08.585023	2021-09-09 11:35:17.437972	8.852949	Afternoon
Keyboard	2021-09-09 11:34:29.392138	2021-09-09 11:35:22.596820	53.204682	Afternoon
Mouse	2021-09-09 11:35:22.257980	2021-09-09 11:35:30.910743	8.652763	Afternoon
Mouse	2021-09-09 11:35:44.897438	2021-09-09 11:35:50.504121	5.606683	Afternoon
Keyboard	2021-09-09 11:35:30.564085	2021-09-09 11:36:55.673632	85.109547	Afternoon
Keyboard	2021-09-09 11:37:05.768342	2021-09-09 11:37:48.867503	43.099161	Afternoon
Mouse	2021-09-09 11:38:21.257281	2021-09-09 11:38:26.438052	5.180771	Afternoon
Mouse	2021-09-09 11:38:26.491761	2021-09-09 11:38:33.566202	7.074441	Afternoon
Keyboard	2021-09-09 11:37:52.789183	2021-09-09 11:38:34.444739	41.655556	Afternoon
Mouse	2021-09-09 11:38:43.711187	2021-09-09 11:38:49.373452	5.662265	Afternoon
Mouse	2021-09-09 11:38:51.835947	2021-09-09 11:39:01.762931	9.926984	Afternoon
Keyboard	2021-09-09 11:38:34.832411	2021-09-09 11:39:05.556489	30.724078	Afternoon
Keyboard	2021-09-09 11:39:23.552558	2021-09-09 11:39:34.942066	11.389508	Afternoon
Mouse	2021-09-09 11:40:36.273559	2021-09-09 11:40:42.504342	6.230783	Afternoon
Mouse	2021-09-09 11:40:56.428322	2021-09-09 11:41:05.671689	9.243367	Afternoon
Mouse	2021-09-09 11:41:09.258201	2021-09-09 11:43:07.246880	117.988679	Afternoon
Keyboard	2021-09-09 11:39:36.483612	2021-09-09 11:43:14.771877	218.288265	Afternoon
Mouse	2021-09-09 11:43:16.117185	2021-09-09 11:43:35.505866	19.388681	Afternoon
Keyboard	2021-09-09 11:43:14.889061	2021-09-09 11:44:12.842358	57.953297	Afternoon
Mouse	2021-09-09 11:44:26.695222	2021-09-09 11:44:32.997602	6.30238	Afternoon
Mouse	2021-09-09 11:44:37.211151	2021-09-09 11:45:07.056174	29.845023	Afternoon
Mouse	2021-09-09 11:45:30.131999	2021-09-09 11:45:36.094503	5.962504	Afternoon
Mouse	2021-09-09 11:45:40.352045	2021-09-09 11:45:48.072253	7.720208	Afternoon
Mouse	2021-09-09 11:45:50.007677	2021-09-09 11:47:25.831008	95.823331	Afternoon
Keyboard	2021-09-09 11:44:14.003400	2021-09-09 11:47:38.470819	204.467419	Afternoon
Keyboard	2021-09-09 11:47:40.416005	2021-09-09 11:48:37.884007	57.468002	Afternoon
Keyboard	2021-09-09 11:48:37.973844	2021-09-09 11:49:11.085004	33.11116	Afternoon
Mouse	2021-09-09 11:49:12.726503	2021-09-09 11:49:23.251232	10.524729	Afternoon
Mouse	2021-09-09 11:49:54.960127	2021-09-09 11:50:39.483596	44.523469	Afternoon
Mouse	2021-09-09 11:50:55.100762	2021-09-09 11:52:02.541759	67.440997	Afternoon
Mouse	2021-09-09 11:52:55.258110	2021-09-09 11:53:48.772263	53.514153	Afternoon
Mouse	2021-09-09 11:53:51.647077	2021-09-09 11:54:25.897816	34.250739	Afternoon
Mouse	2021-09-09 11:54:31.257825	2021-09-09 11:54:43.384002	12.126177	Afternoon
Mouse	2021-09-09 11:54:47.101536	2021-09-09 11:54:54.077672	6.976136	Afternoon
Mouse	2021-09-09 11:54:55.194768	2021-09-09 11:55:55.351075	60.156307	Afternoon
Mouse	2021-09-09 11:56:00.725730	2021-09-09 11:56:06.088696	5.362966	Afternoon
Mouse	2021-09-09 11:57:10.397052	2021-09-09 11:57:22.003731	11.606679	Afternoon
Mouse	2021-09-09 11:57:25.662678	2021-09-09 11:57:36.762553	11.099875	Afternoon
Mouse	2021-09-09 11:57:38.709693	2021-09-09 11:57:43.711339	5.001646	Afternoon
Mouse	2021-09-09 11:57:45.148736	2021-09-09 11:57:53.739984	8.591248	Afternoon
Mouse	2021-09-09 11:58:03.553806	2021-09-09 11:58:38.475400	34.921594	Afternoon
Mouse	2021-09-09 11:59:05.243253	2021-09-09 11:59:38.782086	33.538833	Afternoon
Mouse	2021-09-09 11:59:44.461416	2021-09-09 11:59:50.441496	5.98008	Afternoon
Mouse	2021-09-09 11:59:58.837446	2021-09-09 12:00:07.773405	8.935959	Afternoon
Mouse	2021-09-09 12:00:37.710933	2021-09-09 12:00:45.651831	7.940898	Afternoon
Mouse	2021-09-09 12:00:45.742645	2021-09-09 12:00:55.990035	10.24739	Afternoon
Mouse	2021-09-09 12:00:56.132607	2021-09-09 12:01:08.840775	12.708168	Afternoon
Mouse	2021-09-09 12:01:15.836421	2021-09-09 12:01:26.455870	10.619449	Afternoon
Mouse	2021-09-09 12:01:43.726241	2021-09-09 12:02:20.085238	36.358997	Afternoon
Mouse	2021-09-09 12:02:39.507825	2021-09-09 12:02:47.068863	7.561038	Afternoon
Mouse	2021-09-09 12:02:47.586420	2021-09-09 12:02:53.975653	6.388251	Afternoon
Mouse	2021-09-09 12:03:30.788726	2021-09-09 12:03:46.027985	15.239259	Afternoon
Mouse	2021-09-09 12:03:46.242812	2021-09-09 12:04:07.486569	21.243757	Afternoon
Mouse	2021-09-09 12:04:08.789219	2021-09-09 12:04:16.023132	7.233913	Afternoon
Mouse	2021-09-09 12:04:16.101254	2021-09-09 12:04:31.668621	15.567367	Afternoon
Mouse	2021-09-09 12:04:56.164117	2021-09-09 12:05:06.051180	9.887063	Afternoon
Mouse	2021-09-09 12:05:18.209582	2021-09-09 12:05:29.666871	11.457289	Afternoon
Mouse	2021-09-09 12:05:33.804062	2021-09-09 12:06:07.753061	33.948999	Afternoon
Mouse	2021-09-09 12:06:08.381926	2021-09-09 12:06:48.904724	40.522798	Afternoon
Mouse	2021-09-09 12:06:58.508608	2021-09-09 12:07:05.067754	6.559146	Afternoon
Mouse	2021-09-09 12:07:12.038987	2021-09-09 12:08:10.922913	58.883926	Afternoon
Mouse	2021-09-09 12:08:14.725403	2021-09-09 12:09:08.453411	53.728008	Afternoon
Mouse	2021-09-09 12:09:13.492151	2021-09-09 12:09:21.078580	7.586429	Afternoon
Mouse	2021-09-09 12:09:29.288991	2021-09-09 12:09:34.482016	5.193025	Afternoon
Mouse	2021-09-09 12:09:36.679141	2021-09-09 12:09:45.577999	8.898858	Afternoon
Keyboard	2021-09-09 11:49:11.201210	2021-09-09 12:09:50.798358	1239.597148	Afternoon
Mouse	2021-09-09 12:09:49.366809	2021-09-09 12:10:01.241050	11.874241	Afternoon
Mouse	2021-09-09 12:10:03.069058	2021-09-09 12:10:09.064766	5.995708	Afternoon
Mouse	2021-09-09 12:10:09.179017	2021-09-09 12:10:15.967643	6.788626	Afternoon
Keyboard	2021-09-09 12:10:01.231285	2021-09-09 12:11:06.526907	65.295622	Afternoon
Mouse	2021-09-09 12:11:47.022363	2021-09-09 12:11:53.600563	6.5782	Afternoon
Mouse	2021-09-09 12:11:57.866883	2021-09-09 12:12:06.027844	8.160961	Afternoon
Keyboard	2021-09-09 12:11:07.334473	2021-09-09 12:12:12.254933	64.92046	Afternoon
Keyboard	2021-09-09 12:12:12.351617	2021-09-09 12:12:29.999072	17.647455	Afternoon
Mouse	2021-09-09 12:12:08.711214	2021-09-09 12:12:34.845443	26.134229	Afternoon
Keyboard	2021-09-09 12:12:32.781120	2021-09-09 12:12:47.596578	14.815458	Afternoon
Keyboard	2021-09-09 12:12:53.488831	2021-09-09 12:13:47.051053	53.562222	Afternoon
Mouse	2021-09-09 12:14:00.897823	2021-09-09 12:14:11.408884	10.511061	Afternoon
Keyboard	2021-09-09 12:13:48.976730	2021-09-09 12:14:12.703708	23.726978	Afternoon
Mouse	2021-09-09 12:14:48.601808	2021-09-09 12:14:53.676671	5.074863	Afternoon
Keyboard	2021-09-09 12:14:21.030323	2021-09-09 12:15:07.374037	46.343714	Afternoon
Keyboard	2021-09-09 12:15:20.130056	2021-09-09 12:15:36.994212	16.864156	Afternoon
Keyboard	2021-09-09 12:15:41.722425	2021-09-09 12:15:57.861042	16.138617	Afternoon
Keyboard	2021-09-09 12:15:58.471356	2021-09-09 12:16:03.662426	5.19107	Afternoon
Mouse	2021-09-09 12:17:23.444429	2021-09-09 12:17:29.421587	5.977158	Afternoon
Mouse	2021-09-09 12:18:34.772874	2021-09-09 12:18:53.354692	18.581818	Afternoon
Mouse	2021-09-09 12:18:53.366408	2021-09-09 12:19:00.639380	7.272972	Afternoon
Keyboard	2021-09-09 12:16:26.728333	2021-09-09 12:20:27.829112	241.100779	Afternoon
Keyboard	2021-09-09 12:20:28.370096	2021-09-09 12:20:33.471329	5.101233	Afternoon
Keyboard	2021-09-09 12:20:35.205417	2021-09-09 12:20:53.406403	18.200986	Afternoon
Keyboard	2021-09-09 12:20:53.440583	2021-09-09 12:21:04.974995	11.534412	Afternoon
Keyboard	2021-09-09 12:21:12.254803	2021-09-09 12:21:29.603305	17.348502	Afternoon
Keyboard	2021-09-09 12:21:29.629685	2021-09-09 12:21:45.127699	15.498014	Afternoon
Keyboard	2021-09-09 12:21:46.635445	2021-09-09 12:22:02.909791	16.274346	Afternoon
Keyboard	2021-09-09 12:22:05.610790	2021-09-09 12:22:12.152363	6.541573	Afternoon
Keyboard	2021-09-09 12:22:14.950037	2021-09-09 12:22:21.701557	6.75152	Afternoon
Keyboard	2021-09-09 12:22:23.197557	2021-09-09 12:22:36.875390	13.677833	Afternoon
Mouse	2021-09-09 12:22:46.038868	2021-09-09 12:23:07.871454	21.832586	Afternoon
Keyboard	2021-09-09 12:22:45.862122	2021-09-09 12:23:13.355478	27.493356	Afternoon
Mouse	2021-09-09 12:23:22.570720	2021-09-09 12:23:35.232009	12.661289	Afternoon
Mouse	2021-09-09 12:23:36.335452	2021-09-09 12:23:45.448152	9.1127	Afternoon
Mouse	2021-09-09 12:23:46.803534	2021-09-09 12:23:57.576281	10.772747	Afternoon
Keyboard	2021-09-09 12:23:16.148269	2021-09-09 12:24:39.074601	82.926332	Afternoon
Mouse	2021-09-09 12:24:46.320230	2021-09-09 12:24:53.391068	7.070838	Afternoon
Keyboard	2021-09-09 12:24:41.454331	2021-09-09 12:25:21.764251	40.30992	Afternoon
Keyboard	2021-09-09 12:25:22.766158	2021-09-09 12:25:30.502949	7.736791	Afternoon
Keyboard	2021-09-09 12:25:31.568318	2021-09-09 12:25:41.235661	9.667343	Afternoon
Keyboard	2021-09-09 12:25:44.086066	2021-09-09 12:25:49.256632	5.170566	Afternoon
Keyboard	2021-09-09 12:25:49.600364	2021-09-09 12:25:56.323564	6.7232	Afternoon
Keyboard	2021-09-09 12:25:59.618287	2021-09-09 12:26:07.745683	8.127396	Afternoon
Mouse	2021-09-09 12:26:03.725432	2021-09-09 12:26:13.979661	10.254229	Afternoon
Keyboard	2021-09-09 12:26:14.924911	2021-09-09 12:26:31.741220	16.816309	Afternoon
Keyboard	2021-09-09 12:26:36.981116	2021-09-09 12:26:54.015182	17.034066	Afternoon
Mouse	2021-09-09 12:27:19.789014	2021-09-09 12:27:27.802603	8.013589	Afternoon
Keyboard	2021-09-09 12:27:03.627939	2021-09-09 12:27:30.676644	27.048705	Afternoon
Mouse	2021-09-09 12:27:29.429560	2021-09-09 12:27:37.557805	8.128245	Afternoon
Keyboard	2021-09-09 12:27:36.753167	2021-09-09 12:27:52.415252	15.662085	Afternoon
Mouse	2021-09-09 12:27:50.664387	2021-09-09 12:28:07.260980	16.596593	Afternoon
Mouse	2021-09-09 12:28:11.694289	2021-09-09 12:28:34.047361	22.353072	Afternoon
Mouse	2021-09-09 12:28:35.272860	2021-09-09 12:28:41.232439	5.959579	Afternoon
Mouse	2021-09-09 12:28:46.710607	2021-09-09 12:28:55.296968	8.586361	Afternoon
Mouse	2021-09-09 12:29:08.507059	2021-09-09 12:29:36.621485	28.114426	Afternoon
Keyboard	2021-09-09 12:28:03.211438	2021-09-09 12:29:40.940532	97.729094	Afternoon
Mouse	2021-09-09 12:29:39.867366	2021-09-09 12:29:48.984939	9.117573	Afternoon
Keyboard	2021-09-09 12:29:48.072918	2021-09-09 12:30:12.868176	24.795258	Afternoon
Keyboard	2021-09-09 12:30:15.807489	2021-09-09 12:30:33.737004	17.929515	Afternoon
Keyboard	2021-09-09 12:30:35.108988	2021-09-09 12:31:13.456142	38.347154	Afternoon
Mouse	2021-09-09 12:31:29.570346	2021-09-09 12:31:38.057125	8.486779	Afternoon
Mouse	2021-09-09 12:32:19.913804	2021-09-09 12:32:29.111457	9.197653	Afternoon
Mouse	2021-09-09 12:32:30.304742	2021-09-09 12:32:35.974299	5.669557	Afternoon
Mouse	2021-09-09 12:32:39.069804	2021-09-09 12:32:46.409178	7.338398	Afternoon
Keyboard	2021-09-09 12:31:19.239954	2021-09-09 12:33:09.391105	110.151151	Afternoon
Mouse	2021-09-09 12:32:55.257243	2021-09-09 12:33:10.341752	15.084509	Afternoon
Keyboard	2021-09-09 12:33:09.830069	2021-09-09 12:33:15.160778	5.330709	Afternoon
Mouse	2021-09-09 12:33:10.725515	2021-09-09 12:33:15.963462	5.237947	Afternoon
Keyboard	2021-09-09 12:33:15.593369	2021-09-09 12:33:26.651255	11.057886	Afternoon
Mouse	2021-09-09 12:33:52.225788	2021-09-09 12:34:03.659628	11.43384	Afternoon
Keyboard	2021-09-09 12:33:31.061130	2021-09-09 12:34:07.596875	36.535745	Afternoon
Keyboard	2021-09-09 12:34:08.016770	2021-09-09 12:34:22.917185	14.900415	Afternoon
Mouse	2021-09-09 12:34:17.507375	2021-09-09 12:34:27.577561	10.070186	Afternoon
Mouse	2021-09-09 12:34:48.132886	2021-09-09 12:35:20.015611	31.882725	Afternoon
Mouse	2021-09-09 12:35:29.882165	2021-09-09 12:35:37.527194	7.645029	Afternoon
Keyboard	2021-09-09 12:34:23.763350	2021-09-09 12:35:48.477656	84.714306	Afternoon
Mouse	2021-09-09 12:35:59.147431	2021-09-09 12:36:07.265088	8.117657	Afternoon
Keyboard	2021-09-09 12:35:54.180953	2021-09-09 12:36:07.483811	13.302858	Afternoon
Mouse	2021-09-09 12:36:13.788093	2021-09-09 12:39:04.595688	170.807595	Afternoon
Mouse	2021-09-09 12:39:05.647377	2021-09-09 12:43:29.192187	263.54481	Afternoon
Keyboard	2021-09-09 12:36:08.704434	2021-09-09 12:43:34.602973	445.898539	Afternoon
Mouse	2021-09-09 12:43:40.819900	2021-09-09 12:43:53.190189	12.370289	Afternoon
Keyboard	2021-09-09 12:43:52.381646	2021-09-09 12:44:47.760917	55.379271	Afternoon
Mouse	2021-09-09 12:44:47.134005	2021-09-09 12:44:55.720366	8.586361	Afternoon
Mouse	2021-09-09 12:45:04.553784	2021-09-09 12:45:17.639869	13.086085	Afternoon
Mouse	2021-09-09 12:45:23.553556	2021-09-09 12:45:44.170388	20.616832	Afternoon
Mouse	2021-09-09 12:45:45.820688	2021-09-09 12:45:59.503392	13.682704	Afternoon
Keyboard	2021-09-09 12:44:55.219424	2021-09-09 12:46:07.363240	72.143816	Afternoon
Keyboard	2021-09-09 12:46:07.765557	2021-09-09 12:46:13.880400	6.114843	Afternoon
Keyboard	2021-09-09 12:46:16.421253	2021-09-09 12:46:23.955928	7.534675	Afternoon
Mouse	2021-09-09 12:46:28.256436	2021-09-09 12:46:33.755107	5.498671	Afternoon
Mouse	2021-09-09 12:46:35.711038	2021-09-09 12:47:02.372414	26.661376	Afternoon
Keyboard	2021-09-09 12:46:32.158528	2021-09-09 12:47:04.104726	31.946198	Afternoon
Mouse	2021-09-09 12:47:10.491035	2021-09-09 12:47:18.311825	7.82079	Afternoon
Keyboard	2021-09-09 12:47:17.276733	2021-09-09 12:47:23.463839	6.187106	Afternoon
Keyboard	2021-09-09 12:47:26.363068	2021-09-09 12:47:39.861225	13.498157	Afternoon
Keyboard	2021-09-09 12:47:41.964606	2021-09-09 12:47:56.996848	15.032242	Afternoon
Keyboard	2021-09-09 12:47:57.471429	2021-09-09 12:48:30.966353	33.494924	Afternoon
Keyboard	2021-09-09 12:48:31.642094	2021-09-09 12:48:37.187634	5.54554	Afternoon
Mouse	2021-09-09 12:48:36.445496	2021-09-09 12:49:00.768789	24.323293	Afternoon
Keyboard	2021-09-09 12:49:07.231264	2021-09-09 12:49:17.272614	10.04135	Afternoon
Keyboard	2021-09-09 12:49:17.387841	2021-09-09 12:49:22.550596	5.162755	Afternoon
Mouse	2021-09-09 12:49:01.225789	2021-09-09 12:49:27.270997	26.045208	Afternoon
Keyboard	2021-09-09 12:49:33.549892	2021-09-09 12:49:51.190364	17.640472	Afternoon
Keyboard	2021-09-09 12:50:01.904526	2021-09-09 12:50:11.308217	9.403691	Afternoon
Mouse	2021-09-09 12:49:32.428870	2021-09-09 12:50:31.941663	59.512793	Afternoon
Keyboard	2021-09-09 12:50:38.037953	2021-09-09 12:50:48.033406	9.995453	Afternoon
Mouse	2021-09-09 12:50:47.475826	2021-09-09 12:50:55.188222	7.712396	Afternoon
Mouse	2021-09-09 12:51:03.617373	2021-09-09 12:51:08.639512	5.022139	Afternoon
Keyboard	2021-09-09 12:50:54.605252	2021-09-09 12:51:11.220399	16.615147	Afternoon
Mouse	2021-09-09 12:51:10.288821	2021-09-09 12:51:19.068529	8.779708	Afternoon
Mouse	2021-09-09 12:51:36.319380	2021-09-09 12:51:46.819684	10.500304	Afternoon
Mouse	2021-09-09 12:52:19.600788	2021-09-09 12:52:34.670138	15.06935	Afternoon
Mouse	2021-09-09 12:54:03.148396	2021-09-09 12:54:14.335193	11.186797	Afternoon
Keyboard	2021-09-09 12:51:58.581625	2021-09-09 12:54:29.003182	150.421557	Afternoon
Keyboard	2021-09-09 12:54:32.703538	2021-09-09 12:54:40.738160	8.034622	Afternoon
Mouse	2021-09-09 12:54:40.148359	2021-09-09 12:54:49.603806	9.455447	Afternoon
Mouse	2021-09-09 12:54:52.195436	2021-09-09 12:55:03.454725	11.259289	Afternoon
Keyboard	2021-09-09 12:55:01.859126	2021-09-09 12:55:13.059623	11.200497	Afternoon
Keyboard	2021-09-09 12:55:15.300646	2021-09-09 12:56:02.022505	46.721859	Afternoon
Keyboard	2021-09-09 12:56:07.999660	2021-09-09 12:56:33.691645	25.691985	Afternoon
Keyboard	2021-09-09 12:56:34.062718	2021-09-09 12:56:47.507166	13.444448	Afternoon
Keyboard	2021-09-09 12:56:49.424123	2021-09-09 12:56:59.494765	10.070642	Afternoon
Mouse	2021-09-09 12:57:23.570377	2021-09-09 12:57:29.358087	5.78771	Afternoon
Mouse	2021-09-09 12:57:54.351627	2021-09-09 12:58:03.438917	9.08729	Afternoon
Mouse	2021-09-09 12:58:18.366672	2021-09-09 12:58:23.970805	5.604133	Afternoon
Mouse	2021-09-09 12:59:04.570744	2021-09-09 12:59:11.699207	7.128463	Afternoon
Mouse	2021-09-09 12:59:15.163817	2021-09-09 12:59:26.037144	10.873327	Afternoon
Keyboard	2021-09-09 12:57:00.233000	2021-09-09 12:59:32.633411	152.400411	Afternoon
Keyboard	2021-09-09 12:59:36.099977	2021-09-09 12:59:51.933925	15.833948	Afternoon
Keyboard	2021-09-09 12:59:57.998964	2021-09-09 13:00:03.150005	5.151041	Afternoon
Mouse	2021-09-09 12:59:50.757241	2021-09-09 13:00:04.990706	14.233465	Afternoon
Keyboard	2021-09-09 13:00:03.206642	2021-09-09 13:00:09.476747	6.270105	Afternoon
Keyboard	2021-09-09 13:00:17.773091	2021-09-09 13:00:32.685222	14.912131	Afternoon
Mouse	2021-09-09 13:00:28.319290	2021-09-09 13:00:34.200750	5.88146	Afternoon
Mouse	2021-09-09 13:01:03.772100	2021-09-09 13:01:09.879131	6.107031	Afternoon
Mouse	2021-09-09 13:01:09.883039	2021-09-09 13:01:15.684422	5.801383	Afternoon
Mouse	2021-09-09 13:01:24.726814	2021-09-09 13:01:31.598444	6.87163	Afternoon
Keyboard	2021-09-09 13:00:34.947777	2021-09-09 13:01:38.046273	63.098496	Afternoon
Keyboard	2021-09-09 13:01:38.823568	2021-09-09 13:01:50.180262	11.356694	Afternoon
Keyboard	2021-09-09 13:01:50.309160	2021-09-09 13:01:56.507005	6.197845	Afternoon
Mouse	2021-09-09 13:01:48.553413	2021-09-09 13:02:15.917184	27.363771	Afternoon
Mouse	2021-09-09 13:02:21.225437	2021-09-09 13:02:26.903795	5.678358	Afternoon
Mouse	2021-09-09 13:02:56.491734	2021-09-09 13:03:20.312478	23.820744	Afternoon
Mouse	2021-09-09 13:03:27.633302	2021-09-09 13:03:36.959848	9.326546	Afternoon
Keyboard	2021-09-09 13:02:05.080964	2021-09-09 13:08:19.501993	374.421029	Afternoon
Mouse	2021-09-09 13:03:59.367608	2021-09-09 13:08:19.528359	260.160751	Afternoon
Mouse	2021-09-09 13:08:43.866211	2021-09-09 13:08:51.540523	7.674312	Afternoon
Mouse	2021-09-09 13:08:53.679058	2021-09-09 13:10:14.905091	81.226033	Afternoon
Mouse	2021-09-09 13:10:16.256565	2021-09-09 13:10:25.378051	9.121486	Afternoon
Mouse	2021-09-09 13:10:34.913373	2021-09-09 13:11:00.877535	25.964162	Afternoon
Mouse	2021-09-09 13:11:13.835689	2021-09-09 13:13:00.265398	106.429709	Afternoon
Keyboard	2021-09-09 13:08:23.041370	2021-09-09 13:13:13.258707	290.217337	Afternoon
Keyboard	2021-09-09 13:13:13.372956	2021-09-09 13:13:19.341323	5.968367	Afternoon
Keyboard	2021-09-09 13:13:24.510916	2021-09-09 13:13:36.880240	12.369324	Afternoon
Mouse	2021-09-09 13:13:17.616826	2021-09-09 13:15:14.417944	116.801118	Afternoon
Mouse	2021-09-09 13:15:14.913029	2021-09-09 13:15:25.419192	10.506163	Afternoon
Keyboard	2021-09-09 13:13:37.399740	2021-09-09 13:16:00.740173	143.340433	Afternoon
Mouse	2021-09-09 13:15:25.507078	2021-09-09 13:16:02.105320	36.598242	Afternoon
Mouse	2021-09-09 13:16:40.039417	2021-09-09 13:16:45.098662	5.059245	Afternoon
Keyboard	2021-09-09 13:16:01.158115	2021-09-09 13:16:54.340259	53.182144	Afternoon
Keyboard	2021-09-09 13:16:56.644798	2021-09-09 13:17:02.239166	5.594368	Afternoon
Keyboard	2021-09-09 13:17:05.031959	2021-09-09 13:17:23.707521	18.675562	Afternoon
Mouse	2021-09-09 13:16:53.538552	2021-09-09 13:17:46.582033	53.043481	Afternoon
Mouse	2021-09-09 13:17:58.336163	2021-09-09 13:18:04.948044	6.611881	Afternoon
Keyboard	2021-09-09 13:17:47.537052	2021-09-09 13:18:10.048303	22.511251	Afternoon
Mouse	2021-09-09 13:18:06.398147	2021-09-09 13:18:13.097914	6.699767	Afternoon
Mouse	2021-09-09 13:18:29.163292	2021-09-09 13:21:23.339645	174.176353	Afternoon
Mouse	2021-09-09 13:21:23.366985	2021-09-09 13:54:08.886998	1965.520013	Afternoon
Mouse	2021-09-09 13:54:38.912931	2021-09-09 13:54:47.156728	8.243797	Afternoon
Keyboard	2021-09-09 13:18:13.964069	2021-09-09 13:54:49.644882	2195.680813	Afternoon
Mouse	2021-09-09 13:55:20.258369	2021-09-09 13:55:28.587900	8.329531	Afternoon
Keyboard	2021-09-09 13:54:54.132099	2021-09-09 13:56:08.632678	74.500579	Afternoon
Mouse	2021-09-09 13:55:47.225610	2021-09-09 13:56:12.277953	25.052343	Afternoon
Mouse	2021-09-09 13:56:13.397998	2021-09-09 13:56:39.210202	25.812204	Afternoon
Mouse	2021-09-09 13:56:39.242461	2021-09-09 13:56:52.511721	13.26926	Afternoon
Mouse	2021-09-09 13:57:11.710917	2021-09-09 13:57:28.322159	16.611242	Afternoon
Mouse	2021-09-09 13:57:35.836326	2021-09-09 13:57:46.016339	10.180013	Afternoon
Mouse	2021-09-09 13:57:52.320623	2021-09-09 13:58:01.822953	9.50233	Afternoon
Mouse	2021-09-09 13:58:35.804166	2021-09-09 13:58:52.803902	16.999736	Afternoon
Keyboard	2021-09-09 13:56:09.024254	2021-09-09 14:00:37.071614	268.04736	Afternoon
Mouse	2021-09-09 13:58:54.585033	2021-09-09 14:00:37.996376	103.411343	Afternoon
Mouse	2021-09-09 14:02:32.084727	2021-09-09 14:03:40.864508	68.779781	Afternoon
Keyboard	2021-09-09 14:00:38.644760	2021-09-09 14:04:12.823391	214.178631	Afternoon
Keyboard	2021-09-09 14:04:17.925604	2021-09-09 14:04:23.418417	5.492813	Afternoon
Keyboard	2021-09-09 14:04:29.967801	2021-09-09 14:04:37.687034	7.719233	Afternoon
Keyboard	2021-09-09 14:04:39.269941	2021-09-09 14:04:50.132542	10.862601	Afternoon
Mouse	2021-09-09 14:05:03.319184	2021-09-09 14:05:09.733812	6.414628	Afternoon
Mouse	2021-09-09 14:05:18.492043	2021-09-09 14:05:29.002111	10.510068	Afternoon
Mouse	2021-09-09 14:05:44.632950	2021-09-09 14:06:01.252985	16.620035	Afternoon
Mouse	2021-09-09 14:06:01.257859	2021-09-09 14:06:16.606484	15.348625	Afternoon
Mouse	2021-09-09 14:06:21.819043	2021-09-09 14:06:27.279634	5.460591	Afternoon
Mouse	2021-09-09 14:06:47.164101	2021-09-09 14:06:53.891207	6.727106	Afternoon
Mouse	2021-09-09 14:07:01.335069	2021-09-09 14:07:06.407015	5.071946	Afternoon
Mouse	2021-09-09 14:07:06.804445	2021-09-09 14:07:28.660725	21.85628	Afternoon
Keyboard	2021-09-09 14:04:52.919460	2021-09-09 14:07:35.274652	162.355192	Afternoon
Mouse	2021-09-09 14:07:34.508103	2021-09-09 14:07:54.802698	20.294595	Afternoon
Mouse	2021-09-09 14:08:44.585646	2021-09-09 14:09:01.113882	16.528236	Afternoon
Mouse	2021-09-09 14:09:14.037861	2021-09-09 14:09:19.189873	5.152012	Afternoon
Mouse	2021-09-09 14:10:07.663333	2021-09-09 14:10:36.326539	28.663206	Afternoon
Mouse	2021-09-09 14:11:00.631624	2021-09-09 14:12:02.174560	61.542936	Afternoon
Mouse	2021-09-09 14:12:22.772850	2021-09-09 14:12:46.839670	24.06682	Afternoon
Keyboard	2021-09-09 14:07:54.230469	2021-09-09 14:12:50.135358	295.904889	Afternoon
Mouse	2021-09-09 14:13:10.100875	2021-09-09 14:13:45.497055	35.39618	Afternoon
Keyboard	2021-09-09 14:12:55.760986	2021-09-09 14:13:57.051971	61.290985	Afternoon
Mouse	2021-09-09 14:13:52.367702	2021-09-09 14:13:57.779466	5.411764	Afternoon
Mouse	2021-09-09 14:13:59.257888	2021-09-09 14:14:17.832883	18.574995	Afternoon
Keyboard	2021-09-09 14:13:58.472781	2021-09-09 14:14:42.621322	44.148541	Afternoon
Mouse	2021-09-09 14:14:41.117511	2021-09-09 14:14:59.434698	18.317187	Afternoon
Keyboard	2021-09-09 14:14:59.446421	2021-09-09 14:15:06.776025	7.329604	Afternoon
Mouse	2021-09-09 14:15:05.819056	2021-09-09 14:15:16.458022	10.638966	Afternoon
Keyboard	2021-09-09 14:15:34.866027	2021-09-09 14:15:46.622110	11.756083	Afternoon
Mouse	2021-09-09 14:15:53.819891	2021-09-09 14:16:09.417525	15.597634	Afternoon
Keyboard	2021-09-09 14:16:08.142214	2021-09-09 14:16:18.845631	10.703417	Afternoon
Mouse	2021-09-09 14:16:09.961435	2021-09-09 14:16:19.873885	9.91245	Afternoon
Mouse	2021-09-09 14:16:35.772290	2021-09-09 14:16:44.759989	8.987699	Afternoon
Mouse	2021-09-09 14:16:53.585597	2021-09-09 14:18:56.287474	122.701877	Afternoon
Mouse	2021-09-09 14:18:56.414417	2021-09-09 14:21:39.140912	162.726495	Afternoon
Mouse	2021-09-09 14:22:39.147126	2021-09-09 14:23:03.872106	24.72498	Afternoon
Mouse	2021-09-09 14:23:35.866152	2021-09-09 14:23:41.192959	5.326807	Afternoon
Mouse	2021-09-09 14:23:43.351025	2021-09-09 14:23:56.467373	13.116348	Afternoon
Mouse	2021-09-09 14:24:00.679995	2021-09-09 14:24:25.375678	24.695683	Afternoon
Mouse	2021-09-09 14:24:42.648709	2021-09-09 14:24:48.594618	5.945909	Afternoon
Mouse	2021-09-09 14:24:58.866425	2021-09-09 14:25:05.455843	6.589418	Afternoon
Mouse	2021-09-09 14:25:19.303589	2021-09-09 14:25:25.818797	6.515208	Afternoon
Mouse	2021-09-09 14:25:48.037933	2021-09-09 14:25:54.734791	6.696858	Afternoon
Mouse	2021-09-09 14:26:12.288367	2021-09-09 14:26:31.462193	19.173826	Afternoon
Mouse	2021-09-09 14:26:52.444241	2021-09-09 14:34:49.359027	476.914786	Afternoon
Keyboard	2021-09-09 14:16:19.365128	2021-09-09 14:35:13.705126	1134.339998	Afternoon
Mouse	2021-09-09 14:35:12.804797	2021-09-09 14:35:28.294036	15.489239	Afternoon
Mouse	2021-09-09 14:35:32.085789	2021-09-09 14:35:39.404653	7.318864	Afternoon
Mouse	2021-09-09 14:35:51.053324	2021-09-09 14:35:56.332281	5.278957	Afternoon
Mouse	2021-09-09 14:37:37.023102	2021-09-09 14:37:44.459149	7.436047	Afternoon
Mouse	2021-09-09 14:38:02.289063	2021-09-09 14:38:07.702778	5.413715	Afternoon
Mouse	2021-09-09 14:38:09.758311	2021-09-09 14:38:18.541928	8.783617	Afternoon
Mouse	2021-09-09 14:38:18.647406	2021-09-09 14:38:31.714914	13.067508	Afternoon
Mouse	2021-09-09 14:38:36.320088	2021-09-09 14:38:42.549180	6.229092	Afternoon
Mouse	2021-09-09 14:38:43.600871	2021-09-09 14:38:49.549723	5.948852	Afternoon
Mouse	2021-09-09 14:39:08.898081	2021-09-09 14:39:14.172157	5.274076	Afternoon
Mouse	2021-09-09 14:39:26.180178	2021-09-09 14:39:35.228427	9.048249	Afternoon
Mouse	2021-09-09 14:39:45.148691	2021-09-09 14:40:07.257146	22.108455	Afternoon
Mouse	2021-09-09 14:40:19.180212	2021-09-09 14:40:35.702774	16.522562	Afternoon
Keyboard	2021-09-09 14:35:27.447413	2021-09-09 14:42:00.142681	392.695268	Afternoon
Keyboard	2021-09-09 14:42:00.621167	2021-09-09 14:42:09.427276	8.806109	Afternoon
Keyboard	2021-09-09 14:42:21.815122	2021-09-09 14:42:33.590736	11.775614	Afternoon
Mouse	2021-09-09 14:44:49.679699	2021-09-09 14:45:23.137509	33.45781	Afternoon
Mouse	2021-09-09 14:45:41.429301	2021-09-09 14:45:48.902453	7.473152	Afternoon
Mouse	2021-09-09 14:46:04.007935	2021-09-09 14:46:14.732832	10.724897	Afternoon
Keyboard	2021-09-09 14:42:34.753747	2021-09-09 14:46:43.981937	249.22819	Afternoon
Mouse	2021-09-09 14:46:55.663807	2021-09-09 14:47:01.379646	5.715839	Afternoon
Mouse	2021-09-09 14:47:04.102128	2021-09-09 14:47:14.799685	10.697557	Afternoon
Mouse	2021-09-09 14:47:18.038738	2021-09-09 14:47:46.147294	28.108556	Afternoon
Mouse	2021-09-09 14:48:07.897850	2021-09-09 14:49:25.182873	77.285023	Afternoon
Mouse	2021-09-09 14:49:31.053711	2021-09-09 14:49:41.585263	10.531552	Afternoon
Mouse	2021-09-09 14:50:11.632169	2021-09-09 14:50:18.591706	6.959537	Afternoon
Mouse	2021-09-09 14:50:20.835693	2021-09-09 14:50:26.035544	5.199851	Afternoon
Mouse	2021-09-09 14:50:47.741186	2021-09-09 14:50:53.555273	5.814087	Afternoon
Mouse	2021-09-09 14:51:21.365986	2021-09-09 14:51:31.686618	10.320632	Afternoon
Mouse	2021-09-09 14:51:37.287818	2021-09-09 14:51:50.222539	12.934721	Afternoon
Mouse	2021-09-09 14:52:16.756973	2021-09-09 14:53:06.925637	50.168664	Afternoon
Mouse	2021-09-09 14:53:20.882751	2021-09-09 14:54:33.440607	72.557856	Afternoon
Mouse	2021-09-09 14:54:42.022088	2021-09-09 14:54:56.011429	13.989341	Afternoon
Mouse	2021-09-09 14:55:19.085146	2021-09-09 14:55:37.971634	18.886488	Afternoon
Mouse	2021-09-09 14:55:44.414582	2021-09-09 14:57:06.755990	82.341408	Afternoon
Mouse	2021-09-09 14:57:08.116253	2021-09-09 14:57:16.140154	8.023901	Afternoon
Mouse	2021-09-09 14:57:25.727435	2021-09-09 14:57:32.034645	6.30721	Afternoon
Mouse	2021-09-09 14:58:23.569780	2021-09-09 15:00:59.811732	156.241952	Afternoon
Mouse	2021-09-09 15:01:00.070506	2021-09-09 15:01:05.848474	5.777968	Afternoon
Mouse	2021-09-09 15:01:08.865840	2021-09-09 15:54:21.825176	3192.959336	Afternoon
Mouse	2021-09-09 15:54:23.210832	2021-09-09 15:54:29.980906	6.770074	Afternoon
Keyboard	2021-09-09 14:46:46.626300	2021-09-09 15:54:52.295885	4085.669585	Afternoon
Keyboard	2021-09-09 15:54:53.053647	2021-09-09 15:55:11.714132	18.660485	Afternoon
Mouse	2021-09-09 15:55:11.367475	2021-09-09 15:55:17.278229	5.910754	Afternoon
Mouse	2021-09-09 15:55:19.195100	2021-09-09 15:55:25.339235	6.144135	Afternoon
Keyboard	2021-09-09 15:55:16.402307	2021-09-09 15:55:31.957954	15.555647	Afternoon
Mouse	2021-09-09 15:55:29.819419	2021-09-09 15:55:36.026180	6.206761	Afternoon
Mouse	2021-09-09 15:56:28.305197	2021-09-09 15:56:38.060433	9.755236	Afternoon
Mouse	2021-09-09 15:56:48.601752	2021-09-09 15:56:58.309137	9.707385	Afternoon
Keyboard	2021-09-09 15:55:35.566247	2021-09-09 15:57:27.326812	111.760565	Afternoon
Mouse	2021-09-09 15:57:33.179133	2021-09-09 16:02:17.075024	283.895891	Evening
Keyboard	2021-09-09 15:57:31.859880	2021-09-09 16:02:17.493941	285.634061	Evening
Keyboard	2021-09-09 16:02:18.860581	2021-09-09 16:02:24.886563	6.025982	Evening
Keyboard	2021-09-09 16:02:26.093515	2021-09-09 16:02:31.916386	5.822871	Evening
Mouse	2021-09-09 16:02:31.976927	2021-09-09 16:02:41.377695	9.400768	Evening
Mouse	2021-09-09 16:02:50.070497	2021-09-09 16:03:05.145705	15.075208	Evening
Mouse	2021-09-09 16:03:54.335916	2021-09-09 16:09:40.619416	346.2835	Evening
Keyboard	2021-09-09 16:02:40.926550	2021-09-09 16:09:59.841819	438.915269	Evening
Mouse	2021-09-09 16:10:11.054934	2021-09-09 16:11:21.629824	70.57489	Evening
Mouse	2021-09-09 16:11:24.382431	2021-09-09 16:11:31.111893	6.729462	Evening
Mouse	2021-09-09 16:11:31.289185	2021-09-09 16:11:36.344495	5.05531	Evening
Mouse	2021-09-09 16:11:42.991745	2021-09-09 16:11:48.635654	5.643909	Evening
Mouse	2021-09-09 16:12:18.976501	2021-09-09 16:20:49.636887	510.660386	Evening
Mouse	2021-09-09 16:21:09.397715	2021-09-09 16:21:14.569875	5.17216	Evening
Mouse	2021-09-09 16:21:24.476358	2021-09-09 16:21:30.799176	6.322818	Evening
Mouse	2021-09-09 16:22:15.257252	2021-09-09 16:23:29.925919	74.668667	Evening
Mouse	2021-09-09 16:23:39.055194	2021-09-09 16:26:30.803882	171.748688	Evening
Mouse	2021-09-09 16:26:52.695041	2021-09-09 16:27:00.109606	7.414565	Evening
Mouse	2021-09-09 16:27:01.850706	2021-09-09 16:27:09.909774	8.059068	Evening
Keyboard	2021-09-09 16:09:59.944370	2021-09-09 16:27:12.147900	1032.20353	Evening
Mouse	2021-09-09 16:27:25.538645	2021-09-09 16:27:34.268554	8.729909	Evening
Mouse	2021-09-09 16:27:35.227476	2021-09-09 16:28:49.517643	74.290167	Evening
Mouse	2021-09-09 16:28:49.647517	2021-09-09 16:29:23.356538	33.709021	Evening
Keyboard	2021-09-09 16:27:13.337276	2021-09-09 16:29:39.726811	146.389535	Evening
Mouse	2021-09-09 16:29:43.476570	2021-09-09 16:30:46.136905	62.660335	Evening
Mouse	2021-09-10 08:23:23.554237	2021-09-10 08:27:53.535922	269.981685	Morning
Mouse	2021-09-10 08:28:15.679976	2021-09-10 08:29:19.372188	63.692212	Morning
Keyboard	2021-09-10 08:22:56.237627	2021-09-10 08:29:24.399217	388.16159	Morning
Mouse	2021-09-10 08:29:23.463731	2021-09-10 08:29:32.350852	8.887121	Morning
Mouse	2021-09-10 08:30:14.334507	2021-09-10 08:30:39.797102	25.462595	Morning
Mouse	2021-09-10 08:31:55.116464	2021-09-10 08:32:00.544828	5.428364	Morning
Mouse	2021-09-10 08:32:01.601403	2021-09-10 08:32:59.998372	58.396969	Morning
Mouse	2021-09-10 08:33:04.710963	2021-09-10 08:37:29.184031	264.473068	Morning
Mouse	2021-09-10 08:37:29.318783	2021-09-10 08:43:54.221950	384.903167	Morning
Mouse	2021-09-10 08:43:54.335251	2021-09-10 08:48:34.078692	279.743441	Morning
Keyboard	2021-09-10 08:29:29.479944	2021-09-10 08:48:57.444433	1167.964489	Morning
Mouse	2021-09-10 08:49:06.115912	2021-09-10 08:49:12.701397	6.585485	Morning
Mouse	2021-09-10 08:49:35.773162	2021-09-10 08:49:58.018805	22.245643	Morning
Mouse	2021-09-10 08:50:06.241912	2021-09-10 08:50:12.721031	6.479119	Morning
Mouse	2021-09-10 08:50:23.289325	2021-09-10 08:50:44.684450	21.395125	Morning
Mouse	2021-09-10 08:50:59.758336	2021-09-10 08:51:10.517393	10.759057	Morning
Mouse	2021-09-10 08:51:40.772513	2021-09-10 08:51:54.455435	13.682922	Morning
Keyboard	2021-09-10 08:48:58.634739	2021-09-10 08:52:17.605367	198.970628	Morning
Mouse	2021-09-10 08:52:06.459547	2021-09-10 08:52:45.856444	39.396897	Morning
Mouse	2021-09-10 08:53:07.507398	2021-09-10 08:53:14.575309	7.067911	Morning
Mouse	2021-09-10 08:53:44.335122	2021-09-10 08:53:59.216002	14.88088	Morning
Keyboard	2021-09-10 08:52:45.322325	2021-09-10 08:54:08.952947	83.630622	Morning
Keyboard	2021-09-10 08:54:11.972234	2021-09-10 08:54:21.508734	9.5365	Morning
Mouse	2021-09-10 08:53:59.225816	2021-09-10 08:54:22.135646	22.90983	Morning
Mouse	2021-09-10 08:54:38.476399	2021-09-10 08:54:51.924757	13.448358	Morning
Mouse	2021-09-10 08:55:00.896838	2021-09-10 08:55:14.668420	13.771582	Morning
Mouse	2021-09-10 08:55:15.256320	2021-09-10 08:55:22.766538	7.510218	Morning
Mouse	2021-09-10 08:55:31.287666	2021-09-10 08:55:40.653272	9.365606	Morning
Mouse	2021-09-10 08:55:50.678995	2021-09-10 08:55:59.483118	8.804123	Morning
Mouse	2021-09-10 08:56:17.068944	2021-09-10 08:56:32.376753	15.307809	Morning
Mouse	2021-09-10 08:56:44.742175	2021-09-10 08:56:53.229491	8.487316	Morning
Mouse	2021-09-10 08:57:23.241109	2021-09-10 08:57:36.733405	13.492296	Morning
Mouse	2021-09-10 08:57:40.803458	2021-09-10 08:57:48.785370	7.981912	Morning
Mouse	2021-09-10 08:57:49.133044	2021-09-10 08:57:54.370949	5.237905	Morning
Mouse	2021-09-10 08:57:57.429362	2021-09-10 08:58:10.536906	13.107544	Morning
Keyboard	2021-09-10 08:54:21.585881	2021-09-10 08:58:54.137763	272.551882	Morning
Mouse	2021-09-10 08:58:53.414180	2021-09-10 08:59:14.225356	20.811176	Morning
Keyboard	2021-09-10 08:59:12.942222	2021-09-10 08:59:44.093550	31.151328	Morning
Mouse	2021-09-10 08:59:57.226498	2021-09-10 09:00:02.357029	5.130531	Morning
Keyboard	2021-09-10 08:59:45.010482	2021-09-10 09:00:15.988968	30.978486	Morning
Keyboard	2021-09-10 09:00:16.103221	2021-09-10 09:00:33.489803	17.386582	Morning
Mouse	2021-09-10 09:00:12.100545	2021-09-10 09:00:48.860888	36.760343	Morning
Keyboard	2021-09-10 09:00:48.007426	2021-09-10 09:00:54.685710	6.678284	Morning
Keyboard	2021-09-10 09:00:57.599586	2021-09-10 09:01:04.020073	6.420487	Morning
Mouse	2021-09-10 09:01:05.897885	2021-09-10 09:01:12.858377	6.960492	Morning
Mouse	2021-09-10 09:01:49.788643	2021-09-10 09:01:55.850741	6.062098	Morning
Mouse	2021-09-10 09:02:41.617102	2021-09-10 09:02:51.755126	10.138024	Morning
Keyboard	2021-09-10 09:01:19.749536	2021-09-10 09:03:10.172940	110.423404	Morning
Mouse	2021-09-10 09:03:08.304891	2021-09-10 09:03:17.502500	9.197609	Morning
Mouse	2021-09-10 09:03:40.679730	2021-09-10 09:04:32.850218	52.170488	Morning
Mouse	2021-09-10 09:05:20.757307	2021-09-10 09:05:37.371480	16.614173	Morning
Mouse	2021-09-10 09:05:41.975677	2021-09-10 09:07:57.812245	135.836568	Morning
Mouse	2021-09-10 09:08:03.771819	2021-09-10 09:08:15.265227	11.493408	Morning
Mouse	2021-09-10 09:08:35.133094	2021-09-10 09:09:21.857852	46.724758	Morning
Mouse	2021-09-10 09:09:35.943864	2021-09-10 09:09:50.321852	14.377988	Morning
Mouse	2021-09-10 09:10:10.991426	2021-09-10 09:10:20.736912	9.745486	Morning
Mouse	2021-09-10 09:10:27.303858	2021-09-10 09:10:38.417404	11.113546	Morning
Mouse	2021-09-10 09:10:38.475019	2021-09-10 09:11:01.143015	22.667996	Morning
Mouse	2021-09-10 09:11:24.570237	2021-09-10 09:11:40.489130	15.918893	Morning
Mouse	2021-09-10 09:11:47.632237	2021-09-10 09:11:57.237098	9.604861	Morning
Mouse	2021-09-10 09:11:57.490970	2021-09-10 09:12:25.879779	28.388809	Morning
Mouse	2021-09-10 09:12:26.272331	2021-09-10 09:12:35.520918	9.248587	Morning
Keyboard	2021-09-10 09:03:18.821753	2021-09-10 09:13:14.156189	595.334436	Morning
Keyboard	2021-09-10 09:13:14.633650	2021-09-10 09:13:23.100883	8.467233	Morning
Keyboard	2021-09-10 09:13:30.894363	2021-09-10 09:13:36.586719	5.692356	Morning
Keyboard	2021-09-10 09:13:38.777986	2021-09-10 09:13:47.092925	8.314939	Morning
Keyboard	2021-09-10 09:13:53.860026	2021-09-10 09:14:00.529558	6.669532	Morning
Mouse	2021-09-10 09:13:59.256165	2021-09-10 09:14:05.234346	5.978181	Morning
Keyboard	2021-09-10 09:14:13.001434	2021-09-10 09:14:22.833807	9.832373	Morning
Mouse	2021-09-10 09:14:17.101705	2021-09-10 09:14:27.139195	10.03749	Morning
Mouse	2021-09-10 09:14:35.756945	2021-09-10 09:14:41.126721	5.369776	Morning
Mouse	2021-09-10 09:14:54.460828	2021-09-10 09:15:03.956315	9.495487	Morning
Mouse	2021-09-10 09:15:07.131891	2021-09-10 09:18:56.762187	229.630296	Morning
Mouse	2021-09-10 09:19:05.867062	2021-09-10 09:19:11.005417	5.138355	Morning
Mouse	2021-09-10 09:19:19.460915	2021-09-10 09:23:44.247129	264.786214	Morning
Mouse	2021-09-10 09:23:56.709872	2021-09-10 09:24:03.953500	7.243628	Morning
Mouse	2021-09-10 09:25:00.992068	2021-09-10 09:25:17.151191	16.159123	Morning
Mouse	2021-09-10 09:25:25.991442	2021-09-10 09:25:43.443460	17.452018	Morning
Mouse	2021-09-10 09:25:50.943946	2021-09-10 09:26:42.757055	51.813109	Morning
Mouse	2021-09-10 09:27:22.068989	2021-09-10 09:28:08.890843	46.821854	Morning
Mouse	2021-09-10 09:28:22.726858	2021-09-10 09:29:23.926277	61.199419	Morning
Mouse	2021-09-10 09:29:36.850254	2021-09-10 09:37:04.108832	447.258578	Morning
Mouse	2021-09-10 09:37:11.023432	2021-09-10 09:42:15.625300	304.601868	Morning
Keyboard	2021-09-10 09:14:26.431186	2021-09-10 09:42:32.291252	1685.860066	Morning
Mouse	2021-09-10 09:42:53.460768	2021-09-10 09:43:05.721188	12.26042	Morning
Mouse	2021-09-10 09:43:15.992017	2021-09-10 09:43:26.129267	10.13725	Morning
Mouse	2021-09-10 09:43:54.646973	2021-09-10 09:44:05.834734	11.187761	Morning
Mouse	2021-09-10 09:44:24.085521	2021-09-10 09:44:35.324059	11.238538	Morning
Mouse	2021-09-10 09:44:38.148115	2021-09-10 09:45:27.076604	48.928489	Morning
Mouse	2021-09-10 09:45:54.038747	2021-09-10 09:47:04.286370	70.247623	Morning
Mouse	2021-09-10 09:47:07.851570	2021-09-10 09:47:14.421414	6.569844	Morning
Mouse	2021-09-10 09:47:14.710503	2021-09-10 09:47:30.039554	15.329051	Morning
Mouse	2021-09-10 09:47:30.662565	2021-09-10 09:47:37.826168	7.163603	Morning
Mouse	2021-09-10 09:47:45.069841	2021-09-10 09:48:01.589291	16.51945	Morning
Mouse	2021-09-10 09:50:41.835523	2021-09-10 09:51:39.056824	57.221301	Morning
Keyboard	2021-09-10 09:42:33.494272	2021-09-10 09:51:55.377103	561.882831	Morning
Keyboard	2021-09-10 09:51:55.850669	2021-09-10 09:52:04.891240	9.040571	Morning
Mouse	2021-09-10 09:52:06.521943	2021-09-10 09:52:17.479249	10.957306	Morning
Mouse	2021-09-10 09:52:24.678985	2021-09-10 09:52:46.327165	21.64818	Morning
Mouse	2021-09-10 09:53:00.289162	2021-09-10 09:53:05.956068	5.666906	Morning
Mouse	2021-09-10 09:53:17.539265	2021-09-10 09:53:31.590239	14.050974	Morning
Mouse	2021-09-10 09:54:08.600564	2021-09-10 09:54:26.127046	17.526482	Morning
Mouse	2021-09-10 09:54:26.131930	2021-09-10 10:01:50.536172	444.404242	Morning
Mouse	2021-09-10 10:02:01.210302	2021-09-10 10:02:06.644960	5.434658	Morning
Mouse	2021-09-10 10:02:13.632792	2021-09-10 10:02:20.672384	7.039592	Morning
Mouse	2021-09-10 10:02:25.319549	2021-09-10 10:05:39.458415	194.138866	Morning
Mouse	2021-09-10 10:05:41.461203	2021-09-10 10:06:03.800595	22.339392	Morning
Keyboard	2021-09-10 09:52:16.942175	2021-09-10 10:06:10.107854	833.165679	Morning
Mouse	2021-09-10 10:06:14.446396	2021-09-10 10:06:30.528427	16.082031	Morning
Keyboard	2021-09-10 10:06:12.842009	2021-09-10 10:06:33.917810	21.075801	Morning
Mouse	2021-09-10 10:06:32.225532	2021-09-10 10:06:43.092024	10.866492	Morning
Mouse	2021-09-10 10:06:44.569468	2021-09-10 10:07:00.908267	16.338799	Morning
Keyboard	2021-09-10 10:06:38.165582	2021-09-10 10:07:02.901305	24.735723	Morning
Keyboard	2021-09-10 10:07:02.990201	2021-09-10 10:07:08.086518	5.096317	Morning
Keyboard	2021-09-10 10:07:09.275897	2021-09-10 10:08:24.161022	74.885125	Morning
Mouse	2021-09-10 10:07:01.539085	2021-09-10 10:08:39.678541	98.139456	Morning
Keyboard	2021-09-10 10:08:39.112168	2021-09-10 10:08:44.985868	5.8737	Morning
Mouse	2021-09-10 10:08:43.398061	2021-09-10 10:08:49.655442	6.257381	Morning
Mouse	2021-09-10 10:09:00.334444	2021-09-10 10:09:05.548015	5.213571	Morning
Mouse	2021-09-10 10:09:34.757060	2021-09-10 10:09:41.682418	6.925358	Morning
Mouse	2021-09-10 10:09:44.102151	2021-09-10 10:09:49.116489	5.014338	Morning
Mouse	2021-09-10 10:10:12.834687	2021-09-10 10:10:18.642909	5.808222	Morning
Mouse	2021-09-10 10:10:42.366041	2021-09-10 10:10:48.218164	5.852123	Morning
Mouse	2021-09-10 10:10:59.116188	2021-09-10 10:11:05.287679	6.171491	Morning
Keyboard	2021-09-10 10:08:48.211197	2021-09-10 10:11:44.149441	175.938244	Morning
Keyboard	2021-09-10 10:11:44.610348	2021-09-10 10:11:54.576553	9.966205	Morning
Mouse	2021-09-10 10:12:19.898388	2021-09-10 10:12:25.465415	5.567027	Morning
Keyboard	2021-09-10 10:11:55.456638	2021-09-10 10:12:43.075654	47.619016	Morning
Mouse	2021-09-10 10:13:13.788493	2021-09-10 10:13:48.311672	34.523179	Morning
Mouse	2021-09-10 10:13:49.007916	2021-09-10 10:18:56.659857	307.651941	Morning
Mouse	2021-09-10 10:19:08.209895	2021-09-10 10:19:17.872393	9.662498	Morning
Mouse	2021-09-10 10:19:21.975653	2021-09-10 10:19:29.588411	7.612758	Morning
Mouse	2021-09-10 10:19:29.709497	2021-09-10 10:21:09.766178	100.056681	Morning
Keyboard	2021-09-10 10:12:44.125349	2021-09-10 10:21:20.636574	516.511225	Morning
Mouse	2021-09-10 10:21:35.304879	2021-09-10 10:22:02.248468	26.943589	Morning
Keyboard	2021-09-10 10:21:22.622097	2021-09-10 10:22:34.904805	72.282708	Morning
Keyboard	2021-09-10 10:22:49.648979	2021-09-10 10:23:48.967446	59.318467	Morning
Keyboard	2021-09-10 10:23:49.050449	2021-09-10 10:24:09.056982	20.006533	Morning
Mouse	2021-09-10 10:23:56.553877	2021-09-10 10:24:10.802962	14.249085	Morning
Keyboard	2021-09-10 10:24:10.648677	2021-09-10 10:24:23.737681	13.089004	Morning
Keyboard	2021-09-10 10:24:26.030504	2021-09-10 10:25:04.530972	38.500468	Morning
Keyboard	2021-09-10 10:25:05.073903	2021-09-10 10:25:12.582211	7.508308	Morning
Mouse	2021-09-10 10:25:24.944705	2021-09-10 10:25:35.669603	10.724898	Morning
Keyboard	2021-09-10 10:25:16.186473	2021-09-10 10:25:50.176485	33.990012	Morning
Mouse	2021-09-10 10:25:45.101625	2021-09-10 10:25:50.703796	5.602171	Morning
Mouse	2021-09-10 10:28:06.997809	2021-09-10 10:30:18.772581	131.774772	Morning
Mouse	2021-09-10 10:30:32.819529	2021-09-10 10:30:39.437270	6.617741	Morning
Mouse	2021-09-10 10:30:46.413388	2021-09-10 10:31:23.269425	36.856037	Morning
Mouse	2021-09-10 10:31:30.834372	2021-09-10 10:31:42.714469	11.880097	Morning
Mouse	2021-09-10 10:31:53.632716	2021-09-10 10:32:34.535371	40.902655	Morning
Mouse	2021-09-10 10:32:46.990630	2021-09-10 10:33:54.448225	67.457595	Morning
Mouse	2021-09-10 10:34:07.568659	2021-09-10 10:34:16.588541	9.019882	Morning
Mouse	2021-09-10 10:34:18.100212	2021-09-10 10:34:27.197469	9.097257	Morning
Mouse	2021-09-10 10:34:33.304534	2021-09-10 10:34:53.686027	20.381493	Morning
Mouse	2021-09-10 10:34:58.119321	2021-09-10 10:35:04.968488	6.849167	Morning
Mouse	2021-09-10 10:35:08.601068	2021-09-10 10:35:28.512879	19.911811	Morning
Mouse	2021-09-10 10:35:28.632014	2021-09-10 10:35:57.430106	28.798092	Morning
Mouse	2021-09-10 10:35:57.553162	2021-09-10 10:36:04.612265	7.059103	Morning
Mouse	2021-09-10 10:36:11.388199	2021-09-10 10:36:49.456317	38.068118	Morning
Mouse	2021-09-10 10:37:00.866720	2021-09-10 10:37:23.079334	22.212614	Morning
Keyboard	2021-09-10 10:25:57.662336	2021-09-10 10:37:31.356142	693.693806	Morning
Mouse	2021-09-10 10:37:30.147237	2021-09-10 10:37:37.785935	7.638698	Morning
Mouse	2021-09-10 10:37:39.116904	2021-09-10 10:37:48.891668	9.774764	Morning
Keyboard	2021-09-10 10:37:54.393267	2021-09-10 10:39:47.544740	113.151473	Morning
Mouse	2021-09-10 10:39:45.273357	2021-09-10 10:39:51.779778	6.506421	Morning
Mouse	2021-09-10 10:39:57.194498	2021-09-10 10:40:26.044719	28.850221	Morning
Mouse	2021-09-10 10:40:28.179344	2021-09-10 10:40:41.858170	13.678826	Morning
Keyboard	2021-09-10 10:39:51.415542	2021-09-10 10:41:26.850439	95.434897	Morning
Mouse	2021-09-10 10:41:43.741281	2021-09-10 10:41:49.267318	5.526037	Morning
Keyboard	2021-09-10 10:41:36.686683	2021-09-10 10:41:54.054059	17.367376	Morning
Mouse	2021-09-10 10:42:01.147358	2021-09-10 10:42:08.606848	7.45949	Morning
Keyboard	2021-09-10 10:41:56.005110	2021-09-10 10:42:36.515296	40.510186	Morning
Keyboard	2021-09-10 10:42:42.463820	2021-09-10 10:42:49.094095	6.630275	Morning
Mouse	2021-09-10 10:42:34.479635	2021-09-10 10:42:51.706008	17.226373	Morning
Keyboard	2021-09-10 10:42:50.785185	2021-09-10 10:42:59.346887	8.561702	Morning
Mouse	2021-09-10 10:42:56.304493	2021-09-10 10:43:02.610453	6.30596	Morning
Keyboard	2021-09-10 10:43:01.388068	2021-09-10 10:43:12.642857	11.254789	Morning
Keyboard	2021-09-10 10:43:25.348313	2021-09-10 10:43:39.827292	14.478979	Morning
Keyboard	2021-09-10 10:43:41.519689	2021-09-10 10:43:56.150301	14.630612	Morning
Mouse	2021-09-10 10:43:10.069859	2021-09-10 10:44:15.137427	65.067568	Morning
Keyboard	2021-09-10 10:43:59.131264	2021-09-10 10:44:15.717465	16.586201	Morning
Keyboard	2021-09-10 10:44:20.022396	2021-09-10 10:44:25.946167	5.923771	Morning
Keyboard	2021-09-10 10:44:34.029348	2021-09-10 10:45:12.112553	38.083205	Morning
Mouse	2021-09-10 10:44:15.538768	2021-09-10 10:45:19.195003	63.656235	Morning
Mouse	2021-09-10 10:45:21.428959	2021-09-10 10:45:29.786592	8.357633	Morning
Keyboard	2021-09-10 10:45:36.445460	2021-09-10 10:45:42.818454	6.372994	Morning
Keyboard	2021-09-10 10:45:47.181078	2021-09-10 10:46:00.171772	12.990694	Morning
Mouse	2021-09-10 10:45:46.431016	2021-09-10 10:46:02.270946	15.83993	Morning
Mouse	2021-09-10 10:46:14.319806	2021-09-10 10:47:37.830609	83.510803	Morning
Mouse	2021-09-10 10:47:38.037626	2021-09-10 10:54:27.483203	409.445577	Morning
Keyboard	2021-09-10 10:46:11.866837	2021-09-10 10:54:48.154723	516.287886	Morning
Keyboard	2021-09-10 10:54:49.686854	2021-09-10 10:54:58.833727	9.146873	Morning
Keyboard	2021-09-10 10:55:08.924882	2021-09-10 10:55:16.005373	7.080491	Morning
Mouse	2021-09-10 10:55:20.491665	2021-09-10 10:55:27.299367	6.807702	Morning
Mouse	2021-09-10 10:55:27.304250	2021-09-10 10:55:32.470128	5.165878	Morning
Keyboard	2021-09-10 10:55:28.444517	2021-09-10 10:55:33.487302	5.042785	Morning
Keyboard	2021-09-10 10:55:44.445475	2021-09-10 10:55:50.652478	6.207003	Morning
Mouse	2021-09-10 10:55:40.554608	2021-09-10 10:55:51.524156	10.969548	Morning
Keyboard	2021-09-10 10:55:59.386626	2021-09-10 10:56:08.356699	8.970073	Morning
Keyboard	2021-09-10 10:56:09.150200	2021-09-10 10:56:14.746120	5.59592	Morning
Mouse	2021-09-10 10:55:56.803557	2021-09-10 10:56:19.516818	22.713261	Morning
Keyboard	2021-09-10 10:56:15.536304	2021-09-10 10:56:22.139468	6.603164	Morning
Mouse	2021-09-10 10:56:19.522677	2021-09-10 10:56:31.319879	11.797202	Morning
Keyboard	2021-09-10 10:56:25.516611	2021-09-10 10:56:31.370714	5.854103	Morning
Keyboard	2021-09-10 10:56:35.182448	2021-09-10 10:56:41.315980	6.133532	Morning
Mouse	2021-09-10 10:56:32.605184	2021-09-10 10:56:41.870440	9.265256	Morning
Keyboard	2021-09-10 10:56:41.630219	2021-09-10 10:57:04.956031	23.325812	Morning
Mouse	2021-09-10 10:56:42.147796	2021-09-10 10:57:13.431175	31.283379	Morning
Keyboard	2021-09-10 10:57:22.266277	2021-09-10 10:57:29.076396	6.810119	Morning
Keyboard	2021-09-10 10:57:29.777515	2021-09-10 10:57:35.022681	5.245166	Morning
Mouse	2021-09-10 10:57:28.147733	2021-09-10 10:57:36.865329	8.717596	Morning
Keyboard	2021-09-10 10:57:43.723306	2021-09-10 10:57:52.565758	8.842452	Morning
Mouse	2021-09-10 10:58:17.850513	2021-09-10 10:58:27.090481	9.239968	Morning
Keyboard	2021-09-10 10:58:05.616537	2021-09-10 10:58:33.451446	27.834909	Morning
Mouse	2021-09-10 10:58:37.335927	2021-09-10 10:58:49.336533	12.000606	Morning
Keyboard	2021-09-10 10:58:49.018193	2021-09-10 10:58:55.101395	6.083202	Morning
Mouse	2021-09-10 10:59:01.085694	2021-09-10 10:59:09.902852	8.817158	Morning
Keyboard	2021-09-10 10:58:59.426637	2021-09-10 10:59:10.780764	11.354127	Morning
Mouse	2021-09-10 10:59:13.990851	2021-09-10 10:59:28.700186	14.709335	Morning
Keyboard	2021-09-10 10:59:10.864707	2021-09-10 10:59:37.770130	26.905423	Morning
Mouse	2021-09-10 10:59:28.866321	2021-09-10 10:59:47.246112	18.379791	Morning
Keyboard	2021-09-10 10:59:48.065446	2021-09-10 11:00:16.528617	28.463171	Afternoon
Keyboard	2021-09-10 11:00:17.094987	2021-09-10 11:00:24.960696	7.865709	Afternoon
Keyboard	2021-09-10 11:00:59.021323	2021-09-10 11:01:11.621725	12.600402	Afternoon
Mouse	2021-09-10 11:00:57.663036	2021-09-10 11:01:12.567067	14.904031	Afternoon
Keyboard	2021-09-10 11:01:13.324132	2021-09-10 11:01:24.935994	11.611862	Afternoon
Mouse	2021-09-10 11:01:17.307544	2021-09-10 11:01:25.020982	7.713438	Afternoon
Keyboard	2021-09-10 11:01:32.738229	2021-09-10 11:01:40.571722	7.833493	Afternoon
Keyboard	2021-09-10 11:01:48.656155	2021-09-10 11:01:54.566910	5.910755	Afternoon
Mouse	2021-09-10 11:01:57.568672	2021-09-10 11:02:07.344112	9.77544	Afternoon
Keyboard	2021-09-10 11:01:57.656568	2021-09-10 11:02:16.024505	18.367937	Afternoon
Mouse	2021-09-10 11:02:15.414185	2021-09-10 11:02:24.029663	8.615478	Afternoon
Keyboard	2021-09-10 11:02:23.058044	2021-09-10 11:02:28.199319	5.141275	Afternoon
Keyboard	2021-09-10 11:02:33.479779	2021-09-10 11:02:39.047526	5.567747	Afternoon
Mouse	2021-09-10 11:02:37.632481	2021-09-10 11:02:46.168465	8.535984	Afternoon
Keyboard	2021-09-10 11:02:42.859107	2021-09-10 11:02:59.227200	16.368093	Afternoon
Keyboard	2021-09-10 11:03:03.768901	2021-09-10 11:03:10.409273	6.640372	Afternoon
Keyboard	2021-09-10 11:03:12.239455	2021-09-10 11:03:17.646420	5.406965	Afternoon
Keyboard	2021-09-10 11:03:24.400195	2021-09-10 11:03:31.507209	7.107014	Afternoon
Mouse	2021-09-10 11:03:08.835960	2021-09-10 11:03:46.977109	38.141149	Afternoon
Mouse	2021-09-10 11:03:53.522873	2021-09-10 11:04:14.364597	20.841724	Afternoon
Keyboard	2021-09-10 11:04:11.725121	2021-09-10 11:04:17.907383	6.182262	Afternoon
Mouse	2021-09-10 11:04:21.586846	2021-09-10 11:04:28.879383	7.292537	Afternoon
Keyboard	2021-09-10 11:04:28.821772	2021-09-10 11:04:35.025518	6.203746	Afternoon
Mouse	2021-09-10 11:04:37.492467	2021-09-10 11:05:06.190517	28.69805	Afternoon
Mouse	2021-09-10 11:05:08.164024	2021-09-10 11:05:31.125647	22.961623	Afternoon
Mouse	2021-09-10 11:06:05.787490	2021-09-10 11:06:40.549915	34.762425	Afternoon
Mouse	2021-09-10 11:06:43.570275	2021-09-10 11:06:48.621669	5.051394	Afternoon
Mouse	2021-09-10 11:07:08.209522	2021-09-10 11:07:58.011997	49.802475	Afternoon
Mouse	2021-09-10 11:07:59.945468	2021-09-10 11:08:05.778101	5.832633	Afternoon
Keyboard	2021-09-10 11:04:38.615143	2021-09-10 11:08:12.916328	214.301185	Afternoon
Mouse	2021-09-10 11:08:12.021845	2021-09-10 11:08:20.498840	8.476995	Afternoon
Mouse	2021-09-10 11:08:23.007468	2021-09-10 11:08:28.480751	5.473283	Afternoon
Mouse	2021-09-10 11:09:41.054236	2021-09-10 11:10:12.892035	31.837799	Afternoon
Keyboard	2021-09-10 11:08:20.169759	2021-09-10 11:10:22.558411	122.388652	Afternoon
Mouse	2021-09-10 11:10:41.288657	2021-09-10 11:10:56.115109	14.826452	Afternoon
Keyboard	2021-09-10 11:10:28.286560	2021-09-10 11:10:59.569966	31.283406	Afternoon
Mouse	2021-09-10 11:11:09.897430	2021-09-10 11:11:59.748073	49.850643	Afternoon
Keyboard	2021-09-10 11:11:02.609813	2021-09-10 11:12:03.162070	60.552257	Afternoon
Keyboard	2021-09-10 11:12:15.397280	2021-09-10 11:12:43.532679	28.135399	Afternoon
Mouse	2021-09-10 11:12:02.054562	2021-09-10 11:12:48.667684	46.613122	Afternoon
Keyboard	2021-09-10 11:12:43.624434	2021-09-10 11:12:51.140050	7.515616	Afternoon
Mouse	2021-09-10 11:12:50.335135	2021-09-10 11:12:58.765173	8.430038	Afternoon
Keyboard	2021-09-10 11:12:56.689136	2021-09-10 11:13:24.769404	28.080268	Afternoon
Mouse	2021-09-10 11:13:24.367051	2021-09-10 11:13:33.006144	8.639093	Afternoon
Mouse	2021-09-10 11:13:35.069491	2021-09-10 11:13:40.361282	5.291791	Afternoon
Keyboard	2021-09-10 11:13:32.243500	2021-09-10 11:13:41.491084	9.247584	Afternoon
Mouse	2021-09-10 11:13:40.367138	2021-09-10 11:13:46.822318	6.45518	Afternoon
Mouse	2021-09-10 11:13:46.835989	2021-09-10 11:13:55.248273	8.412284	Afternoon
Keyboard	2021-09-10 11:13:59.098168	2021-09-10 11:14:20.070461	20.972293	Afternoon
Mouse	2021-09-10 11:14:15.209444	2021-09-10 11:14:23.515552	8.306108	Afternoon
Mouse	2021-09-10 11:14:37.367207	2021-09-10 11:15:24.733314	47.36513	Afternoon
Mouse	2021-09-10 11:15:29.709572	2021-09-10 11:15:52.909245	23.199673	Afternoon
Keyboard	2021-09-10 11:14:22.416991	2021-09-10 11:15:58.327878	95.910887	Afternoon
Mouse	2021-09-10 11:15:57.507041	2021-09-10 11:16:17.540786	20.033745	Afternoon
Mouse	2021-09-10 11:16:20.007210	2021-09-10 11:16:41.401851	21.394641	Afternoon
Mouse	2021-09-10 11:16:49.163074	2021-09-10 11:17:01.089069	11.925995	Afternoon
Mouse	2021-09-10 11:17:03.804715	2021-09-10 11:17:31.588093	27.783378	Afternoon
Keyboard	2021-09-10 11:16:13.285058	2021-09-10 11:17:32.443505	79.158447	Afternoon
Mouse	2021-09-10 11:17:35.209932	2021-09-10 11:17:43.515063	8.305131	Afternoon
Mouse	2021-09-10 11:17:46.570533	2021-09-10 11:18:12.704602	26.134069	Afternoon
Keyboard	2021-09-10 11:17:43.073702	2021-09-10 11:18:13.085437	30.011735	Afternoon
Mouse	2021-09-10 11:18:14.727911	2021-09-10 11:18:27.469282	12.741371	Afternoon
Mouse	2021-09-10 11:18:27.568885	2021-09-10 11:18:49.114379	21.545494	Afternoon
Mouse	2021-09-10 11:18:50.569381	2021-09-10 11:19:00.794020	10.224639	Afternoon
Keyboard	2021-09-10 11:18:13.118640	2021-09-10 11:19:06.742855	53.624215	Afternoon
Mouse	2021-09-10 11:19:04.694156	2021-09-10 11:19:22.132495	17.438339	Afternoon
Mouse	2021-09-10 11:19:51.225358	2021-09-10 11:20:01.252059	10.026701	Afternoon
Mouse	2021-09-10 11:20:08.851181	2021-09-10 11:20:28.073584	19.222403	Afternoon
Mouse	2021-09-10 11:20:38.178408	2021-09-10 11:20:46.186682	8.008274	Afternoon
Mouse	2021-09-10 11:20:48.069374	2021-09-10 11:21:07.168737	19.099363	Afternoon
Mouse	2021-09-10 11:21:08.256561	2021-09-10 11:21:30.028608	21.772047	Afternoon
Mouse	2021-09-10 11:21:30.041320	2021-09-10 11:22:24.426663	54.385343	Afternoon
Mouse	2021-09-10 11:22:26.710685	2021-09-10 11:23:15.709049	48.998364	Afternoon
Mouse	2021-09-10 11:23:27.381181	2021-09-10 11:24:03.948328	36.567147	Afternoon
Mouse	2021-09-10 11:24:10.916634	2021-09-10 11:25:08.527632	57.610998	Afternoon
Mouse	2021-09-10 11:25:10.132998	2021-09-10 11:26:28.026683	77.893685	Afternoon
Mouse	2021-09-10 11:26:41.616653	2021-09-10 11:26:48.338888	6.722235	Afternoon
Mouse	2021-09-10 11:26:52.523146	2021-09-10 11:27:01.651468	9.128322	Afternoon
Mouse	2021-09-10 11:27:05.992055	2021-09-10 11:27:22.617049	16.624994	Afternoon
Keyboard	2021-09-10 11:19:21.016360	2021-09-10 11:27:25.186271	484.169911	Afternoon
Mouse	2021-09-10 11:27:27.865736	2021-09-10 11:27:34.280365	6.414629	Afternoon
Keyboard	2021-09-10 11:27:33.616346	2021-09-10 11:27:49.399264	15.782918	Afternoon
Mouse	2021-09-10 11:27:54.318871	2021-09-10 11:28:52.546127	58.227256	Afternoon
Keyboard	2021-09-10 11:27:50.044743	2021-09-10 11:29:21.657832	91.613089	Afternoon
Mouse	2021-09-10 11:29:26.586246	2021-09-10 11:29:32.510654	5.924408	Afternoon
Mouse	2021-09-10 11:29:34.523258	2021-09-10 11:29:44.705187	10.181929	Afternoon
Keyboard	2021-09-10 11:29:22.900967	2021-09-10 11:30:01.197473	38.296506	Afternoon
Mouse	2021-09-10 11:30:00.131477	2021-09-10 11:30:05.985908	5.854431	Afternoon
Mouse	2021-09-10 11:30:22.007555	2021-09-10 11:31:55.449818	93.442263	Afternoon
Keyboard	2021-09-10 11:30:04.958630	2021-09-10 11:31:58.519967	113.561337	Afternoon
Keyboard	2021-09-10 11:31:59.331462	2021-09-10 11:32:09.609114	10.277652	Afternoon
Keyboard	2021-09-10 11:32:15.432309	2021-09-10 11:32:56.010499	40.57819	Afternoon
Mouse	2021-09-10 11:32:12.397287	2021-09-10 11:38:20.021030	367.622762	Afternoon
Mouse	2021-09-10 11:38:23.757747	2021-09-10 11:40:17.313854	113.556107	Afternoon
Keyboard	2021-09-10 11:32:56.348413	2021-09-10 11:40:30.596044	454.247631	Afternoon
Mouse	2021-09-10 11:40:26.772050	2021-09-10 11:40:33.573083	6.801033	Afternoon
Mouse	2021-09-10 11:40:34.101419	2021-09-10 11:41:26.253870	52.152451	Afternoon
Keyboard	2021-09-10 11:40:30.720060	2021-09-10 11:41:48.016808	77.296748	Afternoon
Keyboard	2021-09-10 11:41:49.266900	2021-09-10 11:42:07.575043	18.308143	Afternoon
Keyboard	2021-09-10 11:42:07.692747	2021-09-10 11:42:22.031449	14.338702	Afternoon
Keyboard	2021-09-10 11:42:28.331968	2021-09-10 11:42:36.351953	8.019985	Afternoon
Mouse	2021-09-10 11:42:25.881625	2021-09-10 11:42:38.532083	12.650458	Afternoon
Keyboard	2021-09-10 11:42:37.731343	2021-09-10 11:42:54.370339	16.638996	Afternoon
Keyboard	2021-09-10 11:43:00.820887	2021-09-10 11:43:19.543341	18.722454	Afternoon
Mouse	2021-09-10 11:43:17.788867	2021-09-10 11:43:23.438931	5.650064	Afternoon
Keyboard	2021-09-10 11:43:32.079938	2021-09-10 11:43:40.560182	8.480244	Afternoon
Keyboard	2021-09-10 11:43:48.187195	2021-09-10 11:43:54.904376	6.717181	Afternoon
Mouse	2021-09-10 11:44:01.132481	2021-09-10 11:44:58.532112	57.399631	Afternoon
Keyboard	2021-09-10 11:43:55.664792	2021-09-10 11:45:05.888439	70.223647	Afternoon
Mouse	2021-09-10 11:45:03.288953	2021-09-10 11:45:28.100219	24.811266	Afternoon
Mouse	2021-09-10 11:45:47.632867	2021-09-10 12:05:15.669881	1168.037014	Afternoon
Mouse	2021-09-10 12:05:50.804349	2021-09-10 12:06:38.140405	47.336056	Afternoon
Keyboard	2021-09-10 11:45:23.194694	2021-09-10 12:06:54.610017	1291.415323	Afternoon
Mouse	2021-09-10 12:06:58.693741	2021-09-10 12:07:06.417857	7.724116	Afternoon
Mouse	2021-09-10 12:07:11.412655	2021-09-10 12:07:44.485770	33.073115	Afternoon
Mouse	2021-09-10 12:09:26.898123	2021-09-10 12:09:58.338508	31.440385	Afternoon
Mouse	2021-09-10 12:10:01.756250	2021-09-10 12:10:24.152271	22.396021	Afternoon
Mouse	2021-09-10 12:10:30.883292	2021-09-10 12:10:35.917144	5.033852	Afternoon
Keyboard	2021-09-10 12:06:56.187109	2021-09-10 12:10:51.589967	235.402858	Afternoon
Keyboard	2021-09-10 12:10:53.386728	2021-09-10 12:11:10.136632	16.749904	Afternoon
Mouse	2021-09-10 12:11:09.116189	2021-09-10 12:11:17.225046	8.108857	Afternoon
Mouse	2021-09-10 12:11:20.712140	2021-09-10 12:11:35.298139	14.585999	Afternoon
Mouse	2021-09-10 12:12:05.898687	2021-09-10 12:12:28.283016	22.384329	Afternoon
Keyboard	2021-09-10 12:11:11.485180	2021-09-10 12:12:34.908549	83.423369	Afternoon
Keyboard	2021-09-10 12:12:35.522769	2021-09-10 12:12:50.916504	15.393735	Afternoon
Mouse	2021-09-10 12:12:50.178270	2021-09-10 12:12:55.598822	5.420552	Afternoon
Keyboard	2021-09-10 12:13:00.891454	2021-09-10 12:13:16.685146	15.793692	Afternoon
Mouse	2021-09-10 12:13:26.532171	2021-09-10 12:20:01.517307	394.985136	Afternoon
Mouse	2021-09-10 12:20:15.649378	2021-09-10 12:20:23.427201	7.777823	Afternoon
Mouse	2021-09-10 12:20:43.304850	2021-09-10 12:20:53.895780	10.59093	Afternoon
Mouse	2021-09-10 12:21:43.585244	2021-09-10 12:21:49.131750	5.546506	Afternoon
Mouse	2021-09-10 12:21:52.476298	2021-09-10 12:21:58.778596	6.302298	Afternoon
Mouse	2021-09-10 12:22:00.522624	2021-09-10 12:22:06.698988	6.176364	Afternoon
Mouse	2021-09-10 12:23:02.882151	2021-09-10 12:23:10.588689	7.706538	Afternoon
Mouse	2021-09-10 12:23:44.506481	2021-09-10 12:23:52.998084	8.491603	Afternoon
Keyboard	2021-09-10 12:13:21.837160	2021-09-10 12:24:10.250936	648.413776	Afternoon
Mouse	2021-09-10 12:24:12.898194	2021-09-10 12:24:21.295102	8.396908	Afternoon
Keyboard	2021-09-10 12:24:19.059891	2021-09-10 12:24:40.737214	21.677323	Afternoon
Mouse	2021-09-10 12:24:55.585917	2021-09-10 12:25:03.284673	7.698756	Afternoon
Mouse	2021-09-10 12:25:06.492403	2021-09-10 12:25:12.832853	6.34045	Afternoon
Keyboard	2021-09-10 12:24:48.210372	2021-09-10 12:25:24.770530	36.560158	Afternoon
Keyboard	2021-09-10 12:25:29.125720	2021-09-10 12:25:42.810439	13.684719	Afternoon
Mouse	2021-09-10 12:25:48.365740	2021-09-10 12:25:55.677742	7.312002	Afternoon
Mouse	2021-09-10 12:26:31.493801	2021-09-10 12:27:47.886370	76.392569	Afternoon
Keyboard	2021-09-10 12:25:55.023479	2021-09-10 12:27:50.387236	115.363757	Afternoon
Mouse	2021-09-10 12:28:25.258188	2021-09-10 12:28:32.432542	7.174354	Afternoon
Mouse	2021-09-13 11:23:54.739563	2021-09-13 11:24:16.698916	21.959353	Afternoon
Mouse	2021-09-13 11:24:46.097961	2021-09-13 11:26:47.503472	121.405511	Afternoon
Mouse	2021-09-13 11:26:54.582114	2021-09-13 11:26:59.585702	5.003588	Afternoon
Mouse	2021-09-13 11:27:02.003513	2021-09-13 11:28:05.023893	63.02038	Afternoon
Mouse	2021-09-13 11:28:15.925539	2021-09-13 11:52:09.803369	1433.87783	Afternoon
Mouse	2021-09-13 11:52:12.644999	2021-09-13 11:52:42.359879	29.71488	Afternoon
Mouse	2021-09-13 11:52:52.332872	2021-09-13 11:54:38.716687	106.383815	Afternoon
Mouse	2021-09-13 11:54:50.051902	2021-09-13 11:54:57.037783	6.985881	Afternoon
Keyboard	2021-09-13 11:23:50.704662	2021-09-13 11:55:06.925819	1876.221157	Afternoon
Mouse	2021-09-13 11:55:06.615315	2021-09-13 11:55:20.278482	13.663167	Afternoon
Keyboard	2021-09-13 11:55:11.696024	2021-09-13 11:55:21.368255	9.672231	Afternoon
Mouse	2021-09-13 11:55:33.144848	2021-09-13 11:55:55.711774	22.566926	Afternoon
Keyboard	2021-09-13 11:55:21.842835	2021-09-13 11:56:43.518270	81.675435	Afternoon
Keyboard	2021-09-13 11:56:49.966102	2021-09-13 11:57:03.158614	13.192512	Afternoon
Keyboard	2021-09-13 11:57:05.079488	2021-09-13 11:57:22.006154	16.926666	Afternoon
Keyboard	2021-09-13 11:57:31.210629	2021-09-13 11:57:40.042095	8.831466	Afternoon
Mouse	2021-09-13 11:57:41.285179	2021-09-13 11:58:24.432818	43.147639	Afternoon
Keyboard	2021-09-13 11:57:40.130970	2021-09-13 11:58:50.617657	70.486687	Afternoon
Keyboard	2021-09-13 11:58:51.042436	2021-09-13 11:59:20.788589	29.746153	Afternoon
Keyboard	2021-09-13 11:59:24.694581	2021-09-13 12:02:47.865167	203.170586	Afternoon
Mouse	2021-09-13 11:59:12.894550	2021-09-13 12:02:50.294698	217.400148	Afternoon
Keyboard	2021-09-13 12:02:49.664857	2021-09-13 12:03:06.155990	16.491133	Afternoon
Keyboard	2021-09-13 12:03:08.148049	2021-09-13 12:03:27.824523	19.676474	Afternoon
Keyboard	2021-09-13 12:03:34.769390	2021-09-13 12:03:45.144708	10.375318	Afternoon
Keyboard	2021-09-13 12:03:45.631977	2021-09-13 12:04:17.326237	31.69426	Afternoon
Mouse	2021-09-13 12:04:30.395722	2021-09-13 12:05:15.276632	44.88091	Afternoon
Mouse	2021-09-13 12:05:26.253467	2021-09-13 12:05:52.091671	25.838204	Afternoon
Mouse	2021-09-13 12:05:53.175590	2021-09-13 12:06:01.713116	8.537526	Afternoon
Keyboard	2021-09-13 12:04:17.897492	2021-09-13 12:06:14.333401	116.435909	Afternoon
Mouse	2021-09-13 12:06:13.582479	2021-09-13 12:06:24.966508	11.384029	Afternoon
Keyboard	2021-09-13 12:06:24.398183	2021-09-13 12:06:38.865035	14.466852	Afternoon
Keyboard	2021-09-13 12:06:54.292760	2021-09-13 12:07:01.442687	7.149927	Afternoon
Keyboard	2021-09-13 12:07:15.525773	2021-09-13 12:07:21.203141	5.677368	Afternoon
Keyboard	2021-09-13 12:07:33.476772	2021-09-13 12:07:44.393062	10.91629	Afternoon
Mouse	2021-09-13 12:08:01.848044	2021-09-13 12:08:06.876002	5.027958	Afternoon
Keyboard	2021-09-13 12:07:44.831512	2021-09-13 12:08:18.873289	34.041777	Afternoon
Keyboard	2021-09-13 12:08:19.363480	2021-09-13 12:08:26.022236	6.658756	Afternoon
Mouse	2021-09-13 12:10:43.378676	2021-09-13 12:11:06.062773	22.684097	Afternoon
Keyboard	2021-09-13 12:08:33.257124	2021-09-13 12:11:31.542588	178.285464	Afternoon
Mouse	2021-09-13 12:11:08.769633	2021-09-13 12:11:45.336643	36.56701	Afternoon
Mouse	2021-09-13 12:12:10.035239	2021-09-13 12:12:17.607020	7.571781	Afternoon
Mouse	2021-09-13 12:13:25.207186	2021-09-13 12:13:31.259533	6.052347	Afternoon
Mouse	2021-09-13 12:13:46.066202	2021-09-13 12:15:55.375309	129.309107	Afternoon
Mouse	2021-09-13 12:17:05.676475	2021-09-13 12:17:10.918327	5.241852	Afternoon
Mouse	2021-09-13 12:17:34.644348	2021-09-13 12:17:40.125440	5.481092	Afternoon
Keyboard	2021-09-13 12:11:44.649170	2021-09-13 12:17:44.296072	359.646902	Afternoon
Keyboard	2021-09-13 12:17:48.826055	2021-09-13 12:18:05.470498	16.644443	Afternoon
Keyboard	2021-09-13 12:18:09.130423	2021-09-13 12:18:38.599241	29.468818	Afternoon
Mouse	2021-09-13 12:18:36.223420	2021-09-13 12:18:51.264443	15.041023	Afternoon
Mouse	2021-09-13 12:18:52.317112	2021-09-13 12:18:58.614559	6.297447	Afternoon
Keyboard	2021-09-13 12:18:50.518405	2021-09-13 12:19:19.618096	29.099691	Afternoon
Mouse	2021-09-13 12:19:18.645508	2021-09-13 12:19:39.485002	20.839494	Afternoon
Keyboard	2021-09-13 12:19:41.233900	2021-09-13 12:20:11.224171	29.990271	Afternoon
Keyboard	2021-09-13 12:20:42.349910	2021-09-13 12:20:49.657057	7.307147	Afternoon
Keyboard	2021-09-13 12:20:50.296667	2021-09-13 12:20:55.814866	5.518199	Afternoon
Keyboard	2021-09-13 12:20:57.598934	2021-09-13 12:21:05.488078	7.889144	Afternoon
Keyboard	2021-09-13 12:21:07.271170	2021-09-13 12:21:15.345843	8.074673	Afternoon
Keyboard	2021-09-13 12:21:15.439587	2021-09-13 12:21:52.165752	36.726165	Afternoon
Keyboard	2021-09-13 12:21:54.082623	2021-09-13 12:22:07.976264	13.893641	Afternoon
Mouse	2021-09-13 12:22:01.723736	2021-09-13 12:22:08.390301	6.666565	Afternoon
Keyboard	2021-09-13 12:22:10.319865	2021-09-13 12:23:17.062661	66.742796	Afternoon
Mouse	2021-09-13 12:22:10.878422	2021-09-13 12:23:20.700125	69.821703	Afternoon
Keyboard	2021-09-13 12:23:17.530405	2021-09-13 12:23:37.922664	20.392259	Afternoon
Keyboard	2021-09-13 12:23:38.707763	2021-09-13 12:23:44.323614	5.615851	Afternoon
Mouse	2021-09-13 12:24:16.973869	2021-09-13 12:24:46.467110	29.493241	Afternoon
Mouse	2021-09-13 12:25:33.114503	2021-09-13 12:25:43.626524	10.512021	Afternoon
Keyboard	2021-09-13 12:23:45.148756	2021-09-13 12:25:45.182088	120.033332	Afternoon
Mouse	2021-09-13 12:26:03.083287	2021-09-13 12:26:08.123003	5.039716	Afternoon
Keyboard	2021-09-13 12:25:46.039457	2021-09-13 12:26:16.322676	30.283219	Afternoon
Mouse	2021-09-13 12:26:20.082198	2021-09-13 12:26:26.821034	6.738836	Afternoon
Keyboard	2021-09-13 12:26:18.976801	2021-09-13 12:27:20.835148	61.858347	Afternoon
Keyboard	2021-09-13 12:27:22.154406	2021-09-13 12:27:29.329719	7.175313	Afternoon
Keyboard	2021-09-13 12:27:41.074086	2021-09-13 12:28:03.048264	21.974178	Afternoon
Mouse	2021-09-13 12:27:33.036513	2021-09-13 12:28:06.325399	33.288886	Afternoon
Keyboard	2021-09-13 12:28:03.574597	2021-09-13 12:28:32.456542	28.881945	Afternoon
Keyboard	2021-09-13 12:28:33.270940	2021-09-13 12:29:05.078473	31.807533	Afternoon
Mouse	2021-09-13 12:29:33.285654	2021-09-13 12:29:43.617022	10.331368	Afternoon
Keyboard	2021-09-13 12:29:06.410421	2021-09-13 12:29:53.733562	47.323141	Afternoon
Keyboard	2021-09-13 12:29:55.902371	2021-09-13 12:30:02.583582	6.681211	Afternoon
Keyboard	2021-09-13 12:30:02.993717	2021-09-13 12:30:16.741857	13.74814	Afternoon
Mouse	2021-09-13 12:30:31.926435	2021-09-13 12:30:44.006714	12.080279	Afternoon
Keyboard	2021-09-13 12:30:17.076797	2021-09-13 12:30:49.196816	32.120019	Afternoon
Keyboard	2021-09-13 12:30:49.668461	2021-09-13 12:31:16.646226	26.977765	Afternoon
Keyboard	2021-09-13 12:31:17.024133	2021-09-13 12:31:30.279143	13.25501	Afternoon
Keyboard	2021-09-13 12:31:30.389487	2021-09-13 12:33:19.614918	109.225431	Afternoon
Keyboard	2021-09-13 12:33:24.258175	2021-09-13 12:33:33.798579	9.540404	Afternoon
Mouse	2021-09-13 12:33:41.644758	2021-09-13 12:33:49.556364	7.911606	Afternoon
Mouse	2021-09-13 12:33:52.112838	2021-09-13 12:33:58.524535	6.411697	Afternoon
Keyboard	2021-09-13 12:34:08.433084	2021-09-13 12:34:17.397352	8.964268	Afternoon
Keyboard	2021-09-13 12:34:19.284926	2021-09-13 12:34:27.783404	8.498478	Afternoon
Mouse	2021-09-13 12:35:02.269479	2021-09-13 12:35:08.088444	5.818965	Afternoon
Keyboard	2021-09-13 12:34:35.485069	2021-09-13 12:36:07.937150	92.452081	Afternoon
Keyboard	2021-09-13 12:36:10.239740	2021-09-13 12:36:31.453225	21.213485	Afternoon
Mouse	2021-09-13 12:36:51.160596	2021-09-13 12:36:56.347290	5.186694	Afternoon
Mouse	2021-09-13 12:36:59.566537	2021-09-13 12:37:13.236562	13.670025	Afternoon
Mouse	2021-09-13 12:38:27.067774	2021-09-13 12:38:35.211798	8.144024	Afternoon
Mouse	2021-09-13 12:40:16.098882	2021-09-13 12:40:22.318216	6.219334	Afternoon
Mouse	2021-09-13 12:40:41.770100	2021-09-13 12:40:52.702983	10.932883	Afternoon
Mouse	2021-09-13 12:41:32.801005	2021-09-13 12:41:58.592322	25.791317	Afternoon
Mouse	2021-09-13 12:42:34.145711	2021-09-13 12:42:50.950299	16.804588	Afternoon
Keyboard	2021-09-13 12:36:35.017449	2021-09-13 12:42:53.587824	378.570375	Afternoon
Mouse	2021-09-13 12:42:53.176719	2021-09-13 12:42:58.620705	5.443986	Afternoon
Mouse	2021-09-13 12:43:26.581807	2021-09-13 12:43:33.594053	7.012246	Afternoon
Keyboard	2021-09-13 12:42:57.897121	2021-09-13 12:44:14.528933	76.631812	Afternoon
Keyboard	2021-09-13 12:44:15.266190	2021-09-13 12:44:21.338068	6.071878	Afternoon
Mouse	2021-09-13 12:45:30.629532	2021-09-13 12:45:37.359568	6.730036	Afternoon
Mouse	2021-09-13 12:46:00.754558	2021-09-13 12:46:06.640898	5.88634	Afternoon
Mouse	2021-09-13 12:46:21.191725	2021-09-13 12:46:41.830051	20.638326	Afternoon
Mouse	2021-09-13 12:48:05.707496	2021-09-13 12:48:14.966201	9.258705	Afternoon
Mouse	2021-09-13 12:48:15.256791	2021-09-13 12:49:58.871512	103.614721	Afternoon
Mouse	2021-09-13 12:50:19.395592	2021-09-13 12:50:35.014971	15.619379	Afternoon
Mouse	2021-09-13 12:51:05.676093	2021-09-13 12:53:26.760814	141.084721	Afternoon
Mouse	2021-09-13 12:53:31.645283	2021-09-13 12:53:42.446334	10.801051	Afternoon
Keyboard	2021-09-13 12:44:22.127082	2021-09-13 12:54:03.003630	580.876548	Afternoon
Mouse	2021-09-13 12:54:01.192217	2021-09-13 12:54:29.466761	28.274544	Afternoon
Keyboard	2021-09-13 12:54:28.884768	2021-09-13 12:54:34.592411	5.707643	Afternoon
Keyboard	2021-09-13 12:54:36.251485	2021-09-13 12:54:45.740138	9.488653	Afternoon
Mouse	2021-09-13 12:54:51.644052	2021-09-13 12:54:59.840802	8.19675	Afternoon
Keyboard	2021-09-13 12:54:47.013489	2021-09-13 12:55:05.469339	18.45585	Afternoon
Mouse	2021-09-13 12:55:04.785792	2021-09-13 12:55:10.643816	5.858024	Afternoon
Keyboard	2021-09-13 12:55:09.510097	2021-09-13 12:55:24.848975	15.338878	Afternoon
Keyboard	2021-09-13 12:55:28.966859	2021-09-13 12:55:50.144214	21.177355	Afternoon
Keyboard	2021-09-13 12:55:52.105027	2021-09-13 12:55:58.453253	6.348226	Afternoon
Mouse	2021-09-13 12:55:32.145373	2021-09-13 12:56:12.587115	40.441742	Afternoon
Mouse	2021-09-13 12:57:16.644538	2021-09-13 12:57:23.683151	7.038613	Afternoon
Mouse	2021-09-13 12:58:26.255343	2021-09-13 13:00:21.680548	115.425205	Afternoon
Keyboard	2021-09-13 12:56:10.231796	2021-09-13 13:01:08.888462	298.656666	Afternoon
Keyboard	2021-09-13 13:01:17.615444	2021-09-13 13:01:28.400885	10.785441	Afternoon
Keyboard	2021-09-13 13:01:28.492676	2021-09-13 13:01:38.640465	10.147789	Afternoon
Keyboard	2021-09-13 13:01:44.711367	2021-09-13 13:01:50.884798	6.173431	Afternoon
Keyboard	2021-09-13 13:01:51.416015	2021-09-13 13:02:00.758205	9.34219	Afternoon
Mouse	2021-09-13 13:02:15.301203	2021-09-13 13:02:33.360612	18.059409	Afternoon
Keyboard	2021-09-13 13:02:06.569355	2021-09-13 13:02:39.975409	33.406054	Afternoon
Mouse	2021-09-13 13:02:53.206982	2021-09-13 13:02:58.443968	5.236986	Afternoon
Keyboard	2021-09-13 13:02:40.709736	2021-09-13 13:03:00.153802	19.444066	Afternoon
Keyboard	2021-09-13 13:03:00.546357	2021-09-13 13:03:35.693520	35.147163	Afternoon
Mouse	2021-09-13 13:03:28.863881	2021-09-13 13:03:37.405324	8.541443	Afternoon
Mouse	2021-09-13 13:04:11.769335	2021-09-13 13:05:48.357887	96.588552	Afternoon
Mouse	2021-09-13 13:05:53.785269	2021-09-13 13:06:02.308162	8.522893	Afternoon
Mouse	2021-09-13 13:06:03.333487	2021-09-13 13:06:31.474546	28.141059	Afternoon
Mouse	2021-09-13 13:07:15.910020	2021-09-13 13:07:25.368397	9.458377	Afternoon
Keyboard	2021-09-13 13:03:47.916371	2021-09-13 13:07:29.293928	221.377557	Afternoon
Keyboard	2021-09-13 13:07:30.410069	2021-09-13 13:07:36.134313	5.724244	Afternoon
Mouse	2021-09-13 13:09:00.754871	2021-09-13 13:13:20.855983	260.101112	Afternoon
Mouse	2021-09-13 13:13:21.895960	2021-09-13 13:13:35.249597	13.353637	Afternoon
Mouse	2021-09-13 13:13:40.583236	2021-09-13 13:15:51.470577	130.887341	Afternoon
Mouse	2021-09-13 13:16:40.097348	2021-09-13 13:16:45.622352	5.525004	Afternoon
Mouse	2021-09-13 13:17:02.785478	2021-09-13 13:17:09.921893	7.136415	Afternoon
Mouse	2021-09-13 13:17:48.253424	2021-09-13 13:18:19.251822	30.998398	Afternoon
Mouse	2021-09-13 13:18:39.348363	2021-09-13 13:18:45.805957	6.457594	Afternoon
Mouse	2021-09-13 13:18:57.613899	2021-09-13 13:19:14.447781	16.833882	Afternoon
Mouse	2021-09-13 13:19:54.676651	2021-09-13 13:20:03.742478	9.065827	Afternoon
Mouse	2021-09-13 13:20:05.754070	2021-09-13 13:20:11.526161	5.772091	Afternoon
Mouse	2021-09-13 13:20:16.052239	2021-09-13 13:20:21.081213	5.028974	Afternoon
Mouse	2021-09-13 13:20:21.301900	2021-09-13 13:20:26.344599	5.042699	Afternoon
Mouse	2021-09-13 13:20:29.300413	2021-09-13 13:21:04.453456	35.153043	Afternoon
Mouse	2021-09-13 13:21:05.723863	2021-09-13 13:21:38.873243	33.14938	Afternoon
Mouse	2021-09-13 13:21:50.661551	2021-09-13 13:22:09.731619	19.070068	Afternoon
Mouse	2021-09-13 13:22:10.114408	2021-09-13 13:22:47.482133	37.367725	Afternoon
Mouse	2021-09-13 13:22:50.677242	2021-09-13 13:23:02.685263	12.008021	Afternoon
Mouse	2021-09-13 13:23:04.410737	2021-09-13 13:23:26.666147	22.25541	Afternoon
Mouse	2021-09-13 13:23:28.660163	2021-09-13 13:23:34.492796	5.832633	Afternoon
Mouse	2021-09-13 13:23:39.770779	2021-09-13 13:25:25.507175	105.736396	Afternoon
Mouse	2021-09-13 13:25:34.128693	2021-09-13 13:25:41.948505	7.819812	Afternoon
Mouse	2021-09-13 13:25:43.097846	2021-09-13 13:25:53.893054	10.795208	Afternoon
Mouse	2021-09-13 13:25:55.254293	2021-09-13 13:26:25.592195	30.337902	Afternoon
Mouse	2021-09-13 13:26:51.691111	2021-09-13 13:27:09.656758	17.965647	Afternoon
Mouse	2021-09-13 13:27:12.770818	2021-09-13 13:27:32.989250	20.218432	Afternoon
Keyboard	2021-09-13 13:07:45.232360	2021-09-13 13:28:07.312250	1222.07989	Afternoon
Keyboard	2021-09-13 13:28:13.933655	2021-09-13 13:28:48.061539	34.127884	Afternoon
Keyboard	2021-09-13 13:28:50.670745	2021-09-13 13:28:55.753427	5.082682	Afternoon
Mouse	2021-09-13 13:29:48.207102	2021-09-13 13:29:53.778035	5.570933	Afternoon
Mouse	2021-09-13 13:29:58.395904	2021-09-13 13:30:03.870163	5.474259	Afternoon
Mouse	2021-09-13 13:30:16.676959	2021-09-13 13:31:03.465956	46.788997	Afternoon
Mouse	2021-09-13 13:31:14.082465	2021-09-13 13:31:27.699758	13.617293	Afternoon
Mouse	2021-09-13 13:31:35.145573	2021-09-13 13:33:57.481187	142.335614	Afternoon
Keyboard	2021-09-13 13:28:58.023791	2021-09-13 13:34:06.899529	308.875738	Afternoon
Mouse	2021-09-13 13:35:32.160647	2021-09-13 13:35:39.827151	7.666504	Afternoon
Mouse	2021-09-13 13:35:44.551458	2021-09-13 13:35:59.838563	15.287105	Afternoon
Mouse	2021-09-13 13:36:28.644337	2021-09-13 13:36:41.715765	13.071428	Afternoon
Mouse	2021-09-13 13:36:41.722601	2021-09-13 13:36:48.181172	6.457594	Afternoon
Mouse	2021-09-13 13:37:10.472716	2021-09-13 13:37:33.093336	22.62062	Afternoon
Keyboard	2021-09-13 13:34:13.813154	2021-09-13 13:38:15.887443	242.074289	Afternoon
Mouse	2021-09-13 13:38:25.019599	2021-09-13 13:38:40.994296	15.974697	Afternoon
Mouse	2021-09-13 13:38:41.989351	2021-09-13 13:39:43.299388	61.310037	Afternoon
Mouse	2021-09-13 13:40:37.051093	2021-09-13 13:40:45.127729	8.076636	Afternoon
Mouse	2021-09-13 13:41:38.177813	2021-09-13 13:41:47.014976	8.837163	Afternoon
Mouse	2021-09-13 13:41:47.864133	2021-09-13 13:42:14.430541	26.566408	Afternoon
Mouse	2021-09-13 13:42:33.457835	2021-09-13 13:42:40.441520	6.983685	Afternoon
Mouse	2021-09-13 13:42:43.692634	2021-09-13 13:42:54.149236	10.456602	Afternoon
Mouse	2021-09-13 13:43:02.316475	2021-09-13 13:43:37.643803	35.327328	Afternoon
Mouse	2021-09-13 13:44:04.503531	2021-09-13 13:44:41.012912	36.509381	Afternoon
Mouse	2021-09-13 13:44:51.926277	2021-09-13 13:45:03.803446	11.877169	Afternoon
Mouse	2021-09-13 13:45:24.378821	2021-09-13 13:47:18.116660	113.737839	Afternoon
Mouse	2021-09-13 13:47:19.177139	2021-09-13 13:48:08.702287	49.525148	Afternoon
Mouse	2021-09-13 13:48:20.380256	2021-09-13 13:48:55.135840	34.755584	Afternoon
Keyboard	2021-09-13 13:38:22.548285	2021-09-13 13:49:00.896214	638.347929	Afternoon
Mouse	2021-09-13 13:49:07.067253	2021-09-13 13:49:12.706532	5.639279	Afternoon
Mouse	2021-09-13 13:49:14.473998	2021-09-13 13:49:32.737477	18.263479	Afternoon
Keyboard	2021-09-13 13:49:04.967768	2021-09-13 13:49:45.116567	40.148799	Afternoon
Mouse	2021-09-13 13:49:51.082566	2021-09-13 13:50:24.724791	33.642225	Afternoon
Mouse	2021-09-13 13:50:33.300399	2021-09-13 13:50:56.290158	22.989759	Afternoon
Keyboard	2021-09-13 13:49:48.219882	2021-09-13 13:51:29.047808	100.827926	Afternoon
Keyboard	2021-09-13 13:51:29.673746	2021-09-13 13:51:48.910796	19.23705	Afternoon
Mouse	2021-09-13 13:52:03.035812	2021-09-13 13:52:09.522702	6.48689	Afternoon
Mouse	2021-09-13 13:52:21.521941	2021-09-13 13:53:04.357090	42.835149	Afternoon
Mouse	2021-09-13 13:53:45.066390	2021-09-13 13:54:24.620182	39.553792	Afternoon
Mouse	2021-09-13 13:54:33.880332	2021-09-13 13:54:47.149979	13.269647	Afternoon
Keyboard	2021-09-13 13:51:53.273009	2021-09-13 13:54:55.638693	182.365684	Afternoon
Mouse	2021-09-13 13:54:54.973699	2021-09-13 13:55:01.311183	6.337484	Afternoon
Mouse	2021-09-13 13:55:13.754724	2021-09-13 13:55:21.097026	7.342302	Afternoon
Mouse	2021-09-13 13:55:21.848930	2021-09-13 13:55:34.463359	12.614429	Afternoon
Mouse	2021-09-13 13:56:35.458478	2021-09-13 13:56:49.575747	14.117269	Afternoon
Keyboard	2021-09-13 13:55:00.684270	2021-09-13 13:57:11.150531	130.466261	Afternoon
Keyboard	2021-09-13 13:57:12.522515	2021-09-13 13:57:17.878651	5.356136	Afternoon
Keyboard	2021-09-13 13:57:18.456702	2021-09-13 13:57:26.391739	7.935037	Afternoon
Keyboard	2021-09-13 13:57:27.146577	2021-09-13 13:57:38.892895	11.746318	Afternoon
Mouse	2021-09-13 13:58:28.394673	2021-09-13 13:58:36.654888	8.260215	Afternoon
Mouse	2021-09-13 13:58:45.144577	2021-09-13 13:59:44.399587	59.25501	Afternoon
Mouse	2021-09-13 13:59:44.550933	2021-09-13 13:59:59.435735	14.884802	Afternoon
Mouse	2021-09-13 14:00:12.755184	2021-09-13 14:00:21.196047	8.440863	Afternoon
Mouse	2021-09-13 14:00:27.722973	2021-09-13 14:00:34.521368	6.798395	Afternoon
Mouse	2021-09-13 14:00:35.754687	2021-09-13 14:02:43.704505	127.949818	Afternoon
Mouse	2021-09-13 14:02:44.473011	2021-09-13 14:02:55.036791	10.56378	Afternoon
Mouse	2021-09-13 14:02:55.801387	2021-09-13 14:04:48.801000	112.999613	Afternoon
Keyboard	2021-09-13 13:57:41.228681	2021-09-13 14:04:53.946171	432.71749	Afternoon
Mouse	2021-09-13 14:05:45.630361	2021-09-13 14:05:52.575234	6.944873	Afternoon
Mouse	2021-09-13 14:05:52.597687	2021-09-13 14:06:25.325086	32.727399	Afternoon
Mouse	2021-09-13 14:06:31.927214	2021-09-13 14:08:13.268371	101.341157	Afternoon
Mouse	2021-09-13 14:08:28.831828	2021-09-13 14:08:46.635376	17.803548	Afternoon
Mouse	2021-09-13 14:08:50.756211	2021-09-13 14:09:01.184251	10.42804	Afternoon
Keyboard	2021-09-13 14:05:01.638060	2021-09-13 14:09:31.199907	269.561847	Afternoon
Keyboard	2021-09-13 14:09:31.548531	2021-09-13 14:09:46.855154	15.306623	Afternoon
Mouse	2021-09-13 14:09:39.160334	2021-09-13 14:09:47.696900	8.536566	Afternoon
Keyboard	2021-09-13 14:09:47.785761	2021-09-13 14:10:00.824966	13.039205	Afternoon
Keyboard	2021-09-13 14:10:01.486059	2021-09-13 14:10:09.382036	7.895977	Afternoon
Mouse	2021-09-13 14:10:06.942739	2021-09-13 14:10:16.874718	9.931979	Afternoon
Keyboard	2021-09-13 14:10:16.302505	2021-09-13 14:11:05.009332	48.706827	Afternoon
Keyboard	2021-09-13 14:11:09.424106	2021-09-13 14:11:18.977188	9.553082	Afternoon
Mouse	2021-09-13 14:11:13.176779	2021-09-13 14:11:23.472026	10.295247	Afternoon
Keyboard	2021-09-13 14:11:22.780656	2021-09-13 14:11:35.958525	13.177869	Afternoon
Mouse	2021-09-13 14:11:24.597924	2021-09-13 14:12:50.814085	86.216161	Afternoon
Keyboard	2021-09-13 14:11:43.879892	2021-09-13 14:12:55.332349	71.452457	Afternoon
Mouse	2021-09-13 14:12:56.957246	2021-09-13 14:13:42.053970	45.096724	Afternoon
Keyboard	2021-09-13 14:12:56.382088	2021-09-13 14:13:59.732524	63.350436	Afternoon
Mouse	2021-09-13 14:13:44.425886	2021-09-13 14:13:59.936622	15.510736	Afternoon
Keyboard	2021-09-13 14:14:05.254635	2021-09-13 14:14:15.078221	9.823586	Afternoon
Keyboard	2021-09-13 14:14:20.156023	2021-09-13 14:14:33.878777	13.722754	Afternoon
Keyboard	2021-09-13 14:14:35.736081	2021-09-13 14:14:42.310854	6.574773	Afternoon
Mouse	2021-09-13 14:15:06.301507	2021-09-13 14:15:11.318764	5.017257	Afternoon
Mouse	2021-09-13 14:15:26.910538	2021-09-13 14:15:36.083780	9.173242	Afternoon
Mouse	2021-09-13 14:15:39.472234	2021-09-13 14:15:44.686746	5.214512	Afternoon
Mouse	2021-09-13 14:15:48.817341	2021-09-13 14:15:54.334568	5.517227	Afternoon
Mouse	2021-09-13 14:16:05.488148	2021-09-13 14:16:11.658665	6.170517	Afternoon
Mouse	2021-09-13 14:16:11.816844	2021-09-13 14:16:21.710744	9.8939	Afternoon
Mouse	2021-09-13 14:16:24.910734	2021-09-13 14:16:33.062556	8.151822	Afternoon
Mouse	2021-09-13 14:17:21.253826	2021-09-13 14:17:26.806184	5.552358	Afternoon
Mouse	2021-09-13 14:17:53.831799	2021-09-13 14:18:00.175159	6.34336	Afternoon
Mouse	2021-09-13 14:18:49.269658	2021-09-13 14:19:16.137090	26.867432	Afternoon
Mouse	2021-09-13 14:19:16.738604	2021-09-13 14:19:25.640376	8.901772	Afternoon
Mouse	2021-09-13 14:19:26.066131	2021-09-13 14:21:01.514124	95.447993	Afternoon
Keyboard	2021-09-13 14:14:51.325903	2021-09-13 14:21:07.716850	376.390947	Afternoon
Mouse	2021-09-13 14:21:10.706893	2021-09-13 14:21:17.157653	6.45076	Afternoon
Mouse	2021-09-13 14:21:19.520784	2021-09-13 14:21:28.812180	9.291396	Afternoon
Mouse	2021-09-13 14:21:35.223880	2021-09-13 14:21:51.216021	15.992141	Afternoon
Mouse	2021-09-13 14:22:05.113568	2021-09-13 14:22:11.586787	6.473219	Afternoon
Keyboard	2021-09-13 14:21:28.174525	2021-09-13 14:22:27.054546	58.880021	Afternoon
Mouse	2021-09-13 14:22:32.879368	2021-09-13 14:22:48.948654	16.069286	Afternoon
Mouse	2021-09-13 14:23:00.019235	2021-09-13 14:23:14.690169	14.670934	Afternoon
Keyboard	2021-09-13 14:22:27.160987	2021-09-13 14:23:21.330370	54.169383	Afternoon
Mouse	2021-09-13 14:23:41.050786	2021-09-13 14:24:07.840087	26.789301	Afternoon
Mouse	2021-09-13 14:25:20.739720	2021-09-13 14:25:35.675285	14.935565	Afternoon
Keyboard	2021-09-13 14:23:22.822463	2021-09-13 14:27:37.788565	254.966102	Afternoon
Mouse	2021-09-13 14:26:33.004628	2021-09-13 14:27:40.013031	67.008403	Afternoon
Mouse	2021-09-13 14:27:49.144282	2021-09-13 14:27:56.093058	6.948776	Afternoon
Keyboard	2021-09-13 14:27:38.750418	2021-09-13 14:29:32.542938	113.79252	Afternoon
Mouse	2021-09-13 14:28:07.645054	2021-09-13 14:29:34.347510	86.702456	Afternoon
Mouse	2021-09-13 14:29:46.629929	2021-09-13 14:29:54.165577	7.535648	Afternoon
Keyboard	2021-09-13 14:29:33.580957	2021-09-13 14:30:02.028356	28.447399	Afternoon
Mouse	2021-09-13 14:29:58.176063	2021-09-13 14:30:05.682420	7.506357	Afternoon
Keyboard	2021-09-13 14:30:06.814186	2021-09-13 14:30:14.447483	7.633297	Afternoon
Keyboard	2021-09-13 14:30:14.813671	2021-09-13 14:30:57.395907	42.582236	Afternoon
Mouse	2021-09-13 14:30:23.378551	2021-09-13 14:30:58.896787	35.518236	Afternoon
Mouse	2021-09-13 14:31:05.504764	2021-09-13 14:31:21.201999	15.697235	Afternoon
Mouse	2021-09-13 14:31:32.738377	2021-09-13 14:32:11.638224	38.899847	Afternoon
Mouse	2021-09-13 14:32:18.832101	2021-09-13 14:32:52.076067	33.243966	Afternoon
Mouse	2021-09-13 14:32:53.769316	2021-09-13 14:33:02.954275	9.184959	Afternoon
Mouse	2021-09-13 14:33:09.879616	2021-09-13 14:33:15.474961	5.595345	Afternoon
Mouse	2021-09-13 14:33:15.847982	2021-09-13 14:33:31.639940	15.790981	Afternoon
Mouse	2021-09-13 14:33:31.644822	2021-09-13 14:33:44.291474	12.646652	Afternoon
Mouse	2021-09-13 14:33:56.754543	2021-09-13 14:35:22.592798	85.838255	Afternoon
Mouse	2021-09-13 14:35:29.207612	2021-09-13 14:35:50.843929	21.636317	Afternoon
Keyboard	2021-09-13 14:31:06.574029	2021-09-13 14:37:00.359002	353.784973	Afternoon
Keyboard	2021-09-13 14:37:01.420457	2021-09-13 14:37:24.379926	22.959469	Afternoon
Mouse	2021-09-13 14:35:50.911309	2021-09-13 14:37:50.136090	119.224781	Afternoon
Mouse	2021-09-13 14:38:18.894991	2021-09-13 14:38:24.047983	5.152992	Afternoon
Mouse	2021-09-13 14:38:25.175841	2021-09-13 14:38:31.304354	6.128513	Afternoon
Mouse	2021-09-13 14:38:31.317048	2021-09-13 14:38:37.813702	6.496654	Afternoon
Mouse	2021-09-13 14:38:45.206785	2021-09-13 14:38:52.766848	7.560063	Afternoon
Mouse	2021-09-13 14:38:53.410362	2021-09-13 14:39:02.684181	9.273819	Afternoon
Mouse	2021-09-13 14:39:21.176161	2021-09-13 14:39:57.867192	36.691031	Afternoon
Keyboard	2021-09-13 14:37:31.711488	2021-09-13 14:39:59.308488	147.597	Afternoon
Mouse	2021-09-13 14:40:09.535373	2021-09-13 14:40:24.995320	15.459947	Afternoon
Keyboard	2021-09-13 14:40:02.254589	2021-09-13 14:40:47.906203	45.651614	Afternoon
Keyboard	2021-09-13 14:41:00.484498	2021-09-13 14:41:14.799011	14.314513	Afternoon
Mouse	2021-09-13 14:41:13.863525	2021-09-13 14:41:45.982039	32.118514	Afternoon
Keyboard	2021-09-13 14:41:51.113545	2021-09-13 14:42:14.226325	23.11278	Afternoon
Mouse	2021-09-13 14:42:43.128772	2021-09-13 14:42:48.277872	5.1491	Afternoon
Mouse	2021-09-13 14:42:53.504087	2021-09-13 14:43:04.463361	10.959274	Afternoon
Mouse	2021-09-13 14:43:04.567830	2021-09-13 14:43:21.027712	16.459882	Afternoon
Mouse	2021-09-13 14:43:21.099995	2021-09-13 14:43:36.491567	15.391572	Afternoon
Mouse	2021-09-13 14:43:48.925341	2021-09-13 14:44:00.249812	11.324471	Afternoon
Keyboard	2021-09-13 14:42:18.711392	2021-09-13 14:44:49.997604	151.286212	Afternoon
Keyboard	2021-09-13 14:44:54.606683	2021-09-13 14:45:00.225466	5.618783	Afternoon
Mouse	2021-09-13 14:45:06.332495	2021-09-13 14:45:13.607423	7.274928	Afternoon
Mouse	2021-09-13 14:45:16.191239	2021-09-13 14:45:55.352805	39.161566	Afternoon
Keyboard	2021-09-13 14:45:19.134412	2021-09-13 14:46:17.876744	58.742332	Afternoon
Mouse	2021-09-13 14:46:10.207313	2021-09-13 14:46:19.408876	9.201563	Afternoon
Mouse	2021-09-13 14:46:31.223548	2021-09-13 14:46:41.201423	9.977875	Afternoon
Keyboard	2021-09-13 14:46:32.803532	2021-09-13 14:46:44.620150	11.816618	Afternoon
Keyboard	2021-09-13 14:46:45.904247	2021-09-13 14:47:20.928374	35.024127	Afternoon
Keyboard	2021-09-13 14:47:21.102231	2021-09-13 14:47:30.118216	9.015985	Afternoon
Keyboard	2021-09-13 14:47:49.032043	2021-09-13 14:47:54.255341	5.223298	Afternoon
Keyboard	2021-09-13 14:47:55.260177	2021-09-13 14:48:00.623098	5.362921	Afternoon
Keyboard	2021-09-13 14:48:00.706100	2021-09-13 14:48:40.880287	40.174187	Afternoon
Mouse	2021-09-13 14:48:08.894054	2021-09-13 14:48:41.465212	32.571158	Afternoon
Keyboard	2021-09-13 14:48:43.015894	2021-09-13 14:49:14.053947	31.038053	Afternoon
Mouse	2021-09-13 14:50:10.190979	2021-09-13 14:50:20.301665	10.110686	Afternoon
Mouse	2021-09-13 14:50:28.769867	2021-09-13 14:50:36.587726	7.817859	Afternoon
Mouse	2021-09-13 14:51:10.284790	2021-09-13 14:51:15.662379	5.377589	Afternoon
Keyboard	2021-09-13 14:49:15.108565	2021-09-13 14:51:36.749890	141.641325	Afternoon
Mouse	2021-09-13 14:52:08.348455	2021-09-13 14:52:32.549203	24.200748	Afternoon
Mouse	2021-09-13 14:52:34.051061	2021-09-13 14:52:56.969551	22.91849	Afternoon
Mouse	2021-09-13 14:52:59.456660	2021-09-13 14:53:06.963019	7.506359	Afternoon
Keyboard	2021-09-13 14:51:44.731801	2021-09-13 14:53:09.137683	84.405882	Afternoon
Keyboard	2021-09-13 14:53:14.253565	2021-09-13 14:53:25.628848	11.375283	Afternoon
Keyboard	2021-09-13 14:53:26.607267	2021-09-13 14:53:49.884098	23.276831	Afternoon
Mouse	2021-09-13 14:54:05.005200	2021-09-13 14:54:12.454918	7.449718	Afternoon
Mouse	2021-09-13 14:54:26.847553	2021-09-13 14:54:33.893975	7.046422	Afternoon
Mouse	2021-09-13 14:54:35.832330	2021-09-13 14:55:05.561885	29.729555	Afternoon
Mouse	2021-09-13 14:55:08.692532	2021-09-13 14:55:14.687264	5.994732	Afternoon
Mouse	2021-09-13 14:55:14.816162	2021-09-13 14:55:34.732996	19.916834	Afternoon
Mouse	2021-09-13 14:55:49.723259	2021-09-13 14:55:56.576328	6.853069	Afternoon
Mouse	2021-09-13 14:56:19.879518	2021-09-13 14:56:25.762929	5.883411	Afternoon
Keyboard	2021-09-13 14:53:50.841068	2021-09-13 14:56:30.256783	159.415715	Afternoon
Mouse	2021-09-13 14:56:38.269941	2021-09-13 14:57:19.904973	41.635032	Afternoon
Keyboard	2021-09-13 14:56:31.164928	2021-09-13 14:57:24.591198	53.42627	Afternoon
Mouse	2021-09-13 14:57:26.677000	2021-09-13 14:57:37.772972	11.095972	Afternoon
Keyboard	2021-09-13 14:57:25.813773	2021-09-13 14:57:50.911778	25.098005	Afternoon
Mouse	2021-09-13 14:57:45.363303	2021-09-13 14:58:03.727364	18.364061	Afternoon
Keyboard	2021-09-13 14:58:01.676714	2021-09-13 14:58:10.084379	8.407665	Afternoon
Keyboard	2021-09-13 14:58:10.162498	2021-09-13 14:58:33.023339	22.860841	Afternoon
Mouse	2021-09-13 14:58:31.488281	2021-09-13 14:58:51.396190	19.907909	Afternoon
Mouse	2021-09-13 14:59:25.614702	2021-09-13 14:59:35.761511	10.146809	Afternoon
Keyboard	2021-09-13 14:58:54.750464	2021-09-13 14:59:47.747072	52.996608	Afternoon
Mouse	2021-09-13 15:00:07.910822	2021-09-13 15:00:20.192262	12.28144	Afternoon
Mouse	2021-09-13 15:00:20.738126	2021-09-13 15:00:26.914487	6.176361	Afternoon
Keyboard	2021-09-13 14:59:52.804369	2021-09-13 15:00:34.240191	41.435822	Afternoon
Mouse	2021-09-13 15:00:35.270399	2021-09-13 15:00:40.919451	5.649052	Afternoon
Keyboard	2021-09-13 15:00:39.861900	2021-09-13 15:00:51.084824	11.222924	Afternoon
Mouse	2021-09-13 15:00:53.737965	2021-09-13 15:02:54.605229	120.867264	Afternoon
Keyboard	2021-09-13 15:00:51.933412	2021-09-13 15:02:55.190155	123.256743	Afternoon
Keyboard	2021-09-13 15:02:57.602109	2021-09-13 15:03:07.863170	10.261061	Afternoon
Keyboard	2021-09-13 15:03:08.254751	2021-09-13 15:03:14.366678	6.111927	Afternoon
Mouse	2021-09-13 15:03:09.956787	2021-09-13 15:03:16.203456	6.246669	Afternoon
Keyboard	2021-09-13 15:03:18.643734	2021-09-13 15:03:25.899126	7.255392	Afternoon
Keyboard	2021-09-13 15:03:25.921605	2021-09-13 15:03:32.325472	6.403867	Afternoon
Mouse	2021-09-13 15:03:31.676099	2021-09-13 15:03:39.854287	8.178188	Afternoon
Keyboard	2021-09-13 15:03:44.453601	2021-09-13 15:04:21.492248	37.038647	Afternoon
Keyboard	2021-09-13 15:04:30.966252	2021-09-13 15:04:39.629760	8.663508	Afternoon
Keyboard	2021-09-13 15:04:45.886195	2021-09-13 15:05:10.467630	24.581435	Afternoon
Keyboard	2021-09-13 15:05:15.622571	2021-09-13 15:05:28.108100	12.485529	Afternoon
Keyboard	2021-09-13 15:05:28.115916	2021-09-13 15:05:34.200483	6.084567	Afternoon
Mouse	2021-09-13 15:05:33.255233	2021-09-13 15:05:39.557564	6.302331	Afternoon
Keyboard	2021-09-13 15:05:43.907870	2021-09-13 15:05:55.134690	11.22682	Afternoon
Mouse	2021-09-13 15:05:54.035151	2021-09-13 15:06:00.103132	6.067981	Afternoon
Mouse	2021-09-13 15:06:13.269272	2021-09-13 15:06:19.617500	6.348228	Afternoon
Keyboard	2021-09-13 15:06:28.433344	2021-09-13 15:06:35.220015	6.786671	Afternoon
Keyboard	2021-09-13 15:06:36.102773	2021-09-13 15:06:42.453929	6.351156	Afternoon
Mouse	2021-09-13 15:06:42.503731	2021-09-13 15:06:50.640914	8.137183	Afternoon
Keyboard	2021-09-13 15:06:55.257795	2021-09-13 15:07:14.900093	19.642298	Afternoon
Mouse	2021-09-13 15:06:57.865053	2021-09-13 15:07:15.633446	17.768393	Afternoon
Mouse	2021-09-13 15:07:20.036485	2021-09-13 15:07:32.638219	12.601734	Afternoon
Keyboard	2021-09-13 15:07:31.850185	2021-09-13 15:07:50.491566	18.641381	Afternoon
Mouse	2021-09-13 15:08:00.628616	2021-09-13 15:08:08.275583	7.646967	Afternoon
Mouse	2021-09-13 15:08:19.598102	2021-09-13 15:08:26.986301	7.388199	Afternoon
Mouse	2021-09-13 15:08:40.567463	2021-09-13 15:08:52.877222	12.309759	Afternoon
Keyboard	2021-09-13 15:07:51.864530	2021-09-13 15:08:57.623010	65.75848	Afternoon
Mouse	2021-09-13 15:09:00.878663	2021-09-13 15:09:06.761097	5.882434	Afternoon
Keyboard	2021-09-13 15:09:00.348425	2021-09-13 15:09:09.219924	8.871499	Afternoon
Mouse	2021-09-13 15:09:16.722375	2021-09-13 15:09:23.293243	6.570868	Afternoon
Mouse	2021-09-13 15:09:47.159879	2021-09-13 15:09:52.978856	5.818977	Afternoon
Keyboard	2021-09-13 15:09:10.863374	2021-09-13 15:10:14.643471	63.780097	Afternoon
Mouse	2021-09-13 15:09:58.785111	2021-09-13 15:10:17.538794	18.753683	Afternoon
Keyboard	2021-09-13 15:10:18.957651	2021-09-13 15:10:27.681701	8.72405	Afternoon
Mouse	2021-09-13 15:10:27.363363	2021-09-13 15:10:37.682036	10.318673	Afternoon
Mouse	2021-09-13 15:10:56.567548	2021-09-13 15:11:04.480132	7.912584	Afternoon
Mouse	2021-09-13 15:11:05.003530	2021-09-13 15:11:12.104639	7.101109	Afternoon
Mouse	2021-09-13 15:11:14.410156	2021-09-13 15:11:20.088502	5.678346	Afternoon
Mouse	2021-09-13 15:11:30.581970	2021-09-13 15:11:38.222108	7.640138	Afternoon
Mouse	2021-09-13 15:11:41.130125	2021-09-13 15:11:52.263202	11.133077	Afternoon
Mouse	2021-09-13 15:11:57.098828	2021-09-13 15:12:05.900025	8.801197	Afternoon
Keyboard	2021-09-13 15:10:37.252376	2021-09-13 15:12:11.975820	94.723444	Afternoon
Mouse	2021-09-13 15:12:06.784731	2021-09-13 15:12:16.866131	10.0814	Afternoon
Keyboard	2021-09-13 15:12:20.477216	2021-09-13 15:13:06.539697	46.062481	Afternoon
Mouse	2021-09-13 15:12:22.566942	2021-09-13 15:13:08.673348	46.106406	Afternoon
Mouse	2021-09-13 15:13:28.004144	2021-09-13 15:13:37.358042	9.353898	Afternoon
Mouse	2021-09-13 15:13:39.238777	2021-09-13 15:13:49.326021	10.087244	Afternoon
Mouse	2021-09-13 15:14:06.160882	2021-09-13 15:14:18.487240	12.326358	Afternoon
Mouse	2021-09-13 15:14:29.739452	2021-09-13 15:14:35.302572	5.56312	Afternoon
Mouse	2021-09-13 15:14:36.722403	2021-09-13 15:14:47.899421	11.177018	Afternoon
Keyboard	2021-09-13 15:13:07.521081	2021-09-13 15:14:52.123758	104.602677	Afternoon
Mouse	2021-09-13 15:15:04.379812	2021-09-13 15:15:13.069690	8.689878	Afternoon
Keyboard	2021-09-13 15:14:54.055277	2021-09-13 15:15:13.952439	19.897162	Afternoon
Mouse	2021-09-13 15:15:18.457035	2021-09-13 15:15:28.695638	10.238603	Afternoon
Mouse	2021-09-13 15:15:33.254917	2021-09-13 15:40:13.488425	1480.233508	Afternoon
Mouse	2021-09-13 15:40:23.770973	2021-09-13 15:42:04.546747	100.775774	Afternoon
Keyboard	2021-09-13 15:15:13.979787	2021-09-13 15:42:35.796700	1641.816913	Afternoon
Mouse	2021-09-13 15:42:34.973511	2021-09-13 15:42:40.620611	5.6471	Afternoon
Keyboard	2021-09-13 15:42:39.388266	2021-09-13 15:42:48.206062	8.817796	Afternoon
Keyboard	2021-09-13 15:42:50.015516	2021-09-13 15:43:07.152631	17.137115	Afternoon
Mouse	2021-09-13 15:43:06.394869	2021-09-13 15:43:24.555818	18.160949	Afternoon
Keyboard	2021-09-13 15:43:23.517801	2021-09-13 15:44:10.929802	47.412001	Afternoon
Keyboard	2021-09-13 15:44:12.100627	2021-09-13 15:44:18.037753	5.937126	Afternoon
Keyboard	2021-09-13 15:44:18.818944	2021-09-13 15:44:51.130352	32.311408	Afternoon
Mouse	2021-09-13 15:45:36.176297	2021-09-13 15:45:49.211596	13.035299	Afternoon
Mouse	2021-09-13 15:45:50.675368	2021-09-13 15:46:02.183422	11.508054	Afternoon
Keyboard	2021-09-13 15:44:52.035566	2021-09-13 15:46:29.306685	97.271119	Afternoon
Mouse	2021-09-13 15:47:20.581723	2021-09-13 15:47:27.606665	7.024942	Afternoon
Mouse	2021-09-13 15:47:27.613501	2021-09-13 15:47:48.461785	20.848284	Afternoon
Mouse	2021-09-13 15:47:55.441798	2021-09-13 15:48:05.346437	9.904639	Afternoon
Keyboard	2021-09-13 15:46:32.259622	2021-09-13 15:48:59.694524	147.434902	Afternoon
Mouse	2021-09-13 15:48:58.769774	2021-09-13 15:49:07.321981	8.552207	Afternoon
Mouse	2021-09-13 15:49:25.894993	2021-09-13 15:49:32.498085	6.603092	Afternoon
Mouse	2021-09-13 15:49:34.942268	2021-09-13 15:49:46.609487	11.667219	Afternoon
Mouse	2021-09-13 15:49:46.864354	2021-09-13 15:49:58.421230	11.556876	Afternoon
Keyboard	2021-09-13 15:49:09.964370	2021-09-13 15:50:07.534904	57.570534	Afternoon
Mouse	2021-09-13 15:50:37.973403	2021-09-13 15:50:45.810781	7.837378	Afternoon
Mouse	2021-09-13 15:51:32.692553	2021-09-13 15:51:43.873465	11.180912	Afternoon
Mouse	2021-09-13 15:51:44.535544	2021-09-13 15:51:53.284971	8.749427	Afternoon
Mouse	2021-09-13 15:52:02.740439	2021-09-13 15:52:08.111171	5.370732	Afternoon
Mouse	2021-09-13 15:53:02.644792	2021-09-13 15:53:08.050696	5.405904	Afternoon
Keyboard	2021-09-13 15:50:14.669215	2021-09-13 15:53:30.083478	195.414263	Afternoon
Keyboard	2021-09-13 15:53:31.842142	2021-09-13 15:53:38.523354	6.681212	Afternoon
Mouse	2021-09-13 15:53:41.817090	2021-09-13 15:53:51.274492	9.457402	Afternoon
Mouse	2021-09-13 15:53:55.035970	2021-09-13 15:54:06.704181	11.668211	Afternoon
Mouse	2021-09-13 15:54:10.253744	2021-09-13 15:54:46.320772	36.067028	Afternoon
Keyboard	2021-09-13 15:53:46.352930	2021-09-13 15:55:03.304062	76.951132	Afternoon
Mouse	2021-09-13 15:55:02.364667	2021-09-13 15:55:11.277195	8.912528	Afternoon
Keyboard	2021-09-13 15:55:10.533089	2021-09-13 15:55:18.143930	7.610841	Afternoon
Keyboard	2021-09-13 15:55:20.262935	2021-09-13 15:55:26.038934	5.775999	Afternoon
Keyboard	2021-09-13 15:55:37.108537	2021-09-13 15:55:45.032834	7.924297	Afternoon
Mouse	2021-09-13 15:55:48.082446	2021-09-13 15:55:54.190464	6.108018	Afternoon
Mouse	2021-09-13 15:56:33.910567	2021-09-13 15:56:39.377033	5.466466	Afternoon
Mouse	2021-09-13 15:56:45.566069	2021-09-13 15:57:00.356138	14.790069	Afternoon
Keyboard	2021-09-13 15:56:01.916519	2021-09-13 15:57:10.644542	68.728023	Afternoon
Keyboard	2021-09-13 15:57:13.945116	2021-09-13 15:57:19.200639	5.255523	Afternoon
Keyboard	2021-09-13 15:57:22.001241	2021-09-13 15:57:28.997859	6.996618	Afternoon
Mouse	2021-09-13 15:57:28.317241	2021-09-13 15:57:35.864609	7.547368	Afternoon
Mouse	2021-09-13 15:57:42.864162	2021-09-13 15:57:50.475979	7.611817	Afternoon
Keyboard	2021-09-13 15:57:44.251766	2021-09-13 15:57:52.487568	8.235802	Afternoon
Keyboard	2021-09-13 15:57:52.510030	2021-09-13 15:57:59.277172	6.767142	Afternoon
Keyboard	2021-09-13 15:57:59.331856	2021-09-13 15:59:38.344073	99.012217	Afternoon
Keyboard	2021-09-13 15:59:38.716120	2021-09-13 15:59:43.863251	5.147131	Afternoon
Mouse	2021-09-13 15:58:03.503465	2021-09-13 15:59:46.149239	102.645774	Afternoon
Keyboard	2021-09-13 16:00:07.358817	2021-09-13 16:00:12.375098	5.016281	Evening
Mouse	2021-09-13 16:00:06.441887	2021-09-13 16:00:14.980402	8.538515	Evening
Keyboard	2021-09-13 16:00:14.861268	2021-09-13 16:00:23.695664	8.834396	Evening
Mouse	2021-09-13 16:00:49.629551	2021-09-13 16:00:56.437709	6.808158	Evening
Keyboard	2021-09-13 16:00:26.709146	2021-09-13 16:01:30.414049	63.704903	Evening
Mouse	2021-09-13 16:01:55.285234	2021-09-13 16:02:09.888769	14.603535	Evening
Keyboard	2021-09-13 16:01:34.703814	2021-09-13 16:02:12.428652	37.724838	Evening
Mouse	2021-09-13 16:03:45.333091	2021-09-13 16:03:54.542451	9.20936	Evening
Mouse	2021-09-13 16:04:14.348803	2021-09-13 16:04:20.870845	6.522042	Evening
Mouse	2021-09-13 16:04:43.269971	2021-09-13 16:05:10.774091	27.50412	Evening
Mouse	2021-09-13 16:05:31.800440	2021-09-13 16:05:39.035336	7.234896	Evening
Mouse	2021-09-13 16:05:59.911079	2021-09-13 16:06:04.919548	5.008469	Evening
Keyboard	2021-09-13 16:02:13.974446	2021-09-13 16:06:09.038460	235.064014	Evening
Keyboard	2021-09-13 16:06:12.317511	2021-09-13 16:06:47.150242	34.832731	Evening
Mouse	2021-09-13 16:06:05.785704	2021-09-13 16:07:00.590795	54.805091	Evening
Keyboard	2021-09-13 16:07:00.490212	2021-09-13 16:07:05.956655	5.466443	Evening
Keyboard	2021-09-13 16:07:14.635789	2021-09-13 16:07:20.402998	5.767209	Evening
Keyboard	2021-09-13 16:07:20.612954	2021-09-13 16:07:29.365320	8.752366	Evening
Mouse	2021-09-13 16:07:41.441808	2021-09-13 16:07:50.172693	8.730885	Evening
Keyboard	2021-09-13 16:07:49.975441	2021-09-13 16:07:56.348080	6.372639	Evening
Keyboard	2021-09-13 16:07:59.752157	2021-09-13 16:08:15.174998	15.422841	Evening
Keyboard	2021-09-13 16:08:20.493019	2021-09-13 16:08:46.973746	26.480727	Evening
Keyboard	2021-09-13 16:08:48.540052	2021-09-13 16:09:12.102020	23.561968	Evening
Mouse	2021-09-13 16:09:18.067459	2021-09-13 16:09:24.692045	6.624586	Evening
Keyboard	2021-09-13 16:09:35.795816	2021-09-13 16:09:56.552300	20.756484	Evening
Keyboard	2021-09-13 16:10:01.509993	2021-09-13 16:10:07.848452	6.338459	Evening
Keyboard	2021-09-13 16:10:07.872866	2021-09-13 16:10:15.597954	7.725088	Evening
Mouse	2021-09-13 16:10:14.504276	2021-09-13 16:10:23.967537	9.463261	Evening
Keyboard	2021-09-13 16:10:23.193175	2021-09-13 16:10:41.372672	18.179497	Evening
Mouse	2021-09-13 16:10:41.769133	2021-09-13 16:11:03.503092	21.733959	Evening
Keyboard	2021-09-13 16:10:41.851159	2021-09-13 16:11:04.291131	22.439972	Evening
Mouse	2021-09-13 16:11:05.613308	2021-09-13 16:11:19.070456	13.457148	Evening
Keyboard	2021-09-13 16:11:04.790120	2021-09-13 16:11:21.340817	16.550697	Evening
Keyboard	2021-09-13 16:11:22.217715	2021-09-13 16:11:28.453643	6.235928	Evening
Mouse	2021-09-13 16:12:14.691896	2021-09-13 16:12:25.559371	10.867475	Evening
Keyboard	2021-09-13 16:11:43.874533	2021-09-13 16:13:08.350756	84.476223	Evening
Mouse	2021-09-13 16:13:19.755299	2021-09-13 16:13:35.036551	15.281252	Evening
Mouse	2021-09-13 16:13:36.208348	2021-09-13 16:13:51.229847	15.021499	Evening
Keyboard	2021-09-13 16:13:35.428125	2021-09-13 16:13:53.299051	17.870926	Evening
Keyboard	2021-09-13 16:13:53.734571	2021-09-13 16:14:00.206810	6.472239	Evening
Mouse	2021-09-13 16:14:07.317685	2021-09-13 16:14:12.544890	5.227205	Evening
Mouse	2021-09-13 16:14:35.488733	2021-09-13 16:14:40.758904	5.270171	Evening
Mouse	2021-09-13 16:15:09.941605	2021-09-13 16:15:22.886100	12.944495	Evening
Keyboard	2021-09-13 16:14:13.382725	2021-09-13 16:15:36.852492	83.469767	Evening
Keyboard	2021-09-13 16:15:37.306567	2021-09-13 16:15:43.140175	5.833608	Evening
Mouse	2021-09-13 16:15:39.973386	2021-09-13 16:15:52.494076	12.52069	Evening
Mouse	2021-09-13 16:15:52.581954	2021-09-13 16:16:26.096411	33.514457	Evening
Keyboard	2021-09-13 16:16:24.223486	2021-09-13 16:16:38.559479	14.335993	Evening
Mouse	2021-09-13 16:16:37.332996	2021-09-13 16:16:54.782086	17.44909	Evening
Keyboard	2021-09-13 16:16:51.662164	2021-09-13 16:16:57.611972	5.949808	Evening
Mouse	2021-09-13 16:17:04.005125	2021-09-13 16:17:24.480368	20.475243	Evening
Keyboard	2021-09-13 16:16:58.657802	2021-09-13 16:17:35.069535	36.411733	Evening
Mouse	2021-09-13 16:17:34.067646	2021-09-13 16:17:46.311002	12.243356	Evening
Keyboard	2021-09-13 16:17:45.063035	2021-09-13 16:17:54.132768	9.069733	Evening
Keyboard	2021-09-13 16:17:54.652264	2021-09-13 16:18:07.996137	13.343873	Evening
Mouse	2021-09-13 16:18:03.566733	2021-09-13 16:18:09.003889	5.437156	Evening
Keyboard	2021-09-13 16:18:14.029932	2021-09-13 16:18:44.247725	30.217793	Evening
Keyboard	2021-09-13 16:18:44.837532	2021-09-13 16:18:51.892742	7.05521	Evening
Keyboard	2021-09-13 16:18:55.298774	2021-09-13 16:19:03.096126	7.797352	Evening
Mouse	2021-09-13 16:19:00.940992	2021-09-13 16:19:06.545125	5.604133	Evening
Mouse	2021-09-13 16:19:13.175561	2021-09-13 16:19:39.944356	26.768795	Evening
Mouse	2021-09-13 16:20:15.488957	2021-09-13 16:20:52.872306	37.383349	Evening
Mouse	2021-09-13 16:21:15.598417	2021-09-13 16:21:25.325325	9.726908	Evening
Keyboard	2021-09-13 16:19:06.071522	2021-09-13 16:21:39.416199	153.344677	Evening
Mouse	2021-09-13 16:21:37.661439	2021-09-13 16:21:43.553648	5.892209	Evening
Keyboard	2021-09-13 16:21:43.156194	2021-09-13 16:21:59.484250	16.328056	Evening
Keyboard	2021-09-13 16:22:02.732089	2021-09-13 16:22:11.376068	8.643979	Evening
Keyboard	2021-09-13 16:22:15.637516	2021-09-13 16:22:49.892162	34.254646	Evening
Keyboard	2021-09-13 16:22:50.301313	2021-09-13 16:22:59.137659	8.836346	Evening
Mouse	2021-09-13 16:22:31.784921	2021-09-13 16:23:01.499812	29.714891	Evening
Keyboard	2021-09-13 16:23:01.536921	2021-09-13 16:23:18.032934	16.496013	Evening
Mouse	2021-09-13 16:23:13.364287	2021-09-13 16:23:24.452448	11.088161	Evening
Keyboard	2021-09-13 16:23:23.623400	2021-09-13 16:23:58.114353	34.490953	Evening
Mouse	2021-09-13 16:24:11.582243	2021-09-13 16:24:16.970568	5.388325	Evening
Mouse	2021-09-13 16:24:17.972460	2021-09-13 16:24:23.874446	5.901986	Evening
Mouse	2021-09-13 16:24:23.879305	2021-09-13 16:24:40.260093	16.380788	Evening
Keyboard	2021-09-13 16:24:00.141569	2021-09-13 16:24:46.802646	46.661077	Evening
Mouse	2021-09-13 16:24:50.004588	2021-09-13 16:24:55.563801	5.559213	Evening
Mouse	2021-09-13 16:24:59.051862	2021-09-13 16:25:39.274509	40.222647	Evening
Keyboard	2021-09-13 16:24:47.636574	2021-09-13 16:25:43.162944	55.52637	Evening
Mouse	2021-09-13 16:25:41.958911	2021-09-13 16:25:47.168558	5.209647	Evening
Mouse	2021-09-13 16:25:48.520012	2021-09-13 16:27:10.389772	81.86976	Evening
Mouse	2021-09-13 16:27:12.144541	2021-09-13 16:27:34.704621	22.56008	Evening
Mouse	2021-09-13 16:27:43.286102	2021-09-13 16:28:01.932369	18.646267	Evening
Keyboard	2021-09-13 16:25:46.762313	2021-09-13 16:28:11.227676	144.465363	Evening
Mouse	2021-09-13 16:28:05.363798	2021-09-13 16:28:11.875093	6.511295	Evening
Keyboard	2021-09-13 16:28:12.928738	2021-09-13 16:28:27.252038	14.3233	Evening
Mouse	2021-09-13 16:28:26.708129	2021-09-13 16:28:39.263967	12.555838	Evening
Keyboard	2021-09-13 16:28:38.610689	2021-09-13 16:29:01.034058	22.423369	Evening
Mouse	2021-09-13 16:28:56.363456	2021-09-13 16:29:04.819947	8.456491	Evening
Mouse	2021-09-13 16:29:08.160552	2021-09-13 16:29:47.817196	39.656644	Evening
Keyboard	2021-09-13 16:29:03.717479	2021-09-13 16:30:23.671345	79.953866	Evening
Mouse	2021-09-13 16:30:18.019363	2021-09-13 16:30:24.467200	6.447837	Evening
Keyboard	2021-09-13 16:30:24.256269	2021-09-13 16:30:31.974528	7.718259	Evening
Keyboard	2021-09-13 16:30:43.988405	2021-09-13 16:31:04.333783	20.345378	Evening
Mouse	2021-09-13 16:31:09.895928	2021-09-13 16:31:17.986232	8.090304	Evening
Keyboard	2021-09-13 16:31:17.628830	2021-09-13 16:31:34.946089	17.317259	Evening
Keyboard	2021-09-13 16:31:36.247756	2021-09-13 16:31:53.337481	17.089725	Evening
Mouse	2021-09-13 16:31:52.521129	2021-09-13 16:32:06.072019	13.55089	Evening
Mouse	2021-09-13 16:32:07.067072	2021-09-13 16:32:13.360614	6.293542	Evening
Mouse	2021-09-13 16:32:14.926920	2021-09-13 16:32:20.171701	5.244781	Evening
Keyboard	2021-09-13 16:32:13.543220	2021-09-13 16:32:39.012292	25.469072	Evening
Mouse	2021-09-13 16:32:37.691087	2021-09-13 16:32:43.432907	5.74182	Evening
Mouse	2021-09-13 16:32:43.738568	2021-09-13 16:32:48.935486	5.196918	Evening
Keyboard	2021-09-13 16:32:39.458554	2021-09-13 16:32:50.757634	11.29908	Evening
Keyboard	2021-09-13 16:32:51.382596	2021-09-13 16:32:59.446532	8.063936	Evening
Mouse	2021-09-13 16:33:02.722219	2021-09-13 16:33:28.393128	25.670909	Evening
Mouse	2021-09-13 16:33:32.347952	2021-09-13 16:33:40.971448	8.623496	Evening
Mouse	2021-09-13 16:34:35.894928	2021-09-13 16:35:02.500661	26.605733	Evening
Mouse	2021-09-13 16:35:36.145968	2021-09-13 16:35:41.389775	5.243807	Evening
Mouse	2021-09-13 16:35:52.082434	2021-09-13 16:36:00.976398	8.893964	Evening
Mouse	2021-09-13 16:36:14.519475	2021-09-13 16:36:20.492733	5.973258	Evening
Mouse	2021-09-13 16:36:49.613910	2021-09-13 16:37:47.107301	57.493391	Evening
Mouse	2021-09-13 16:38:36.925401	2021-09-13 16:38:51.227220	14.301819	Evening
Mouse	2021-09-13 16:38:51.409824	2021-09-13 16:39:03.143450	11.733626	Evening
Mouse	2021-09-13 16:39:06.598318	2021-09-13 16:40:06.063249	59.464931	Evening
Mouse	2021-09-13 16:40:14.255108	2021-09-13 16:40:19.956894	5.701786	Evening
Mouse	2021-09-13 16:40:30.973766	2021-09-13 16:40:37.840515	6.866749	Evening
Mouse	2021-09-13 16:40:45.316598	2021-09-13 16:41:45.894770	60.578172	Evening
Keyboard	2021-09-13 16:33:01.004048	2021-09-13 16:41:58.939813	537.935765	Evening
Mouse	2021-09-13 16:42:02.817497	2021-09-13 16:42:08.922585	6.105088	Evening
Mouse	2021-09-13 16:42:18.050896	2021-09-13 16:42:39.872740	21.821844	Evening
Mouse	2021-09-13 16:42:49.848666	2021-09-13 16:43:01.152630	11.303964	Evening
Mouse	2021-09-13 16:43:15.223018	2021-09-13 16:43:22.890499	7.667481	Evening
Mouse	2021-09-13 16:43:23.879690	2021-09-13 16:43:29.279734	5.400044	Evening
Mouse	2021-09-13 16:43:30.520867	2021-09-13 16:43:56.019234	25.498367	Evening
Mouse	2021-09-13 16:44:18.035405	2021-09-13 16:44:51.122169	33.086764	Evening
Mouse	2021-09-13 16:44:58.144167	2021-09-13 16:45:08.021462	9.877295	Evening
Mouse	2021-09-13 16:45:17.582375	2021-09-13 16:45:24.151289	6.568914	Evening
Mouse	2021-09-13 16:45:48.598943	2021-09-13 16:48:01.105129	132.506186	Evening
Mouse	2021-09-13 16:48:20.285060	2021-09-13 16:48:32.948314	12.663254	Evening
Mouse	2021-09-13 16:48:34.692342	2021-09-13 16:48:52.986092	18.29375	Evening
Keyboard	2021-09-13 16:42:14.316760	2021-09-13 16:49:02.260891	407.944131	Evening
Mouse	2021-09-13 16:50:11.269169	2021-09-13 16:50:19.207138	7.937969	Evening
Mouse	2021-09-13 16:50:19.301860	2021-09-13 16:50:59.447726	40.145866	Evening
Keyboard	2021-09-13 16:49:06.076075	2021-09-13 16:52:31.527769	205.451694	Evening
Keyboard	2021-09-13 16:52:32.074610	2021-09-13 16:52:37.950210	5.8756	Evening
Mouse	2021-09-13 16:52:55.253789	2021-09-13 16:53:03.400730	8.146941	Evening
Keyboard	2021-09-13 16:52:45.066943	2021-09-13 16:53:06.664193	21.59725	Evening
Keyboard	2021-09-13 16:53:10.718622	2021-09-13 16:53:21.663233	10.944611	Evening
Mouse	2021-09-13 16:53:20.816608	2021-09-13 16:53:28.965501	8.148893	Evening
Keyboard	2021-09-13 16:53:28.156960	2021-09-13 16:55:45.168515	137.011555	Evening
Keyboard	2021-09-13 16:55:51.569474	2021-09-13 16:56:01.994585	10.425111	Evening
Mouse	2021-09-13 16:53:37.098769	2021-09-13 16:56:02.696692	145.597923	Evening
Keyboard	2021-09-13 16:56:02.383234	2021-09-13 16:56:58.368907	55.985673	Evening
Mouse	2021-09-13 16:56:52.332186	2021-09-13 16:57:04.283567	11.951381	Evening
Keyboard	2021-09-13 16:56:59.216509	2021-09-13 16:57:22.645686	23.429177	Evening
Mouse	2021-09-13 16:58:28.707854	2021-09-13 16:58:45.127699	16.419845	Evening
Keyboard	2021-09-13 16:57:23.395628	2021-09-13 16:59:01.847332	98.451704	Evening
Keyboard	2021-09-13 16:59:02.301407	2021-09-13 16:59:10.834064	8.532657	Evening
Keyboard	2021-09-13 16:59:22.289384	2021-09-13 16:59:35.661576	13.372192	Evening
Mouse	2021-09-13 16:59:38.489521	2021-09-13 16:59:46.095478	7.605957	Evening
Keyboard	2021-09-13 16:59:45.469541	2021-09-13 16:59:52.741537	7.271996	Evening
Mouse	2021-09-13 16:59:51.941783	2021-09-13 17:00:02.955726	11.013943	Evening
Keyboard	2021-09-13 17:00:02.492866	2021-09-13 17:00:10.280456	7.78759	Evening
Keyboard	2021-09-13 17:00:23.415356	2021-09-13 17:00:37.060964	13.645608	Evening
Mouse	2021-09-13 17:00:26.208144	2021-09-13 17:00:38.698556	12.490412	Evening
Keyboard	2021-09-13 17:00:37.448636	2021-09-13 17:01:10.566632	33.117996	Evening
Keyboard	2021-09-13 17:01:11.630065	2021-09-13 17:01:38.887085	27.25702	Evening
Keyboard	2021-09-13 17:01:39.756173	2021-09-13 17:02:04.014383	24.25821	Evening
Mouse	2021-09-14 09:05:16.771490	2021-09-14 09:05:28.724829	11.953339	Morning
Keyboard	2021-09-14 09:03:47.675632	2021-09-14 09:05:53.806229	126.130597	Morning
Keyboard	2021-09-14 09:06:02.951153	2021-09-14 09:06:17.165088	14.213935	Morning
Keyboard	2021-09-14 09:06:18.476527	2021-09-14 09:06:29.332275	10.855748	Morning
Mouse	2021-09-14 09:06:27.567743	2021-09-14 09:06:34.763583	7.19584	Morning
Keyboard	2021-09-14 09:06:35.219595	2021-09-14 09:06:41.621528	6.401933	Morning
Keyboard	2021-09-14 09:06:42.362691	2021-09-14 09:06:57.537503	15.174812	Morning
Mouse	2021-09-14 09:07:23.222384	2021-09-14 09:07:32.158333	8.935949	Morning
Mouse	2021-09-14 09:07:32.175911	2021-09-14 09:07:40.424407	8.248496	Morning
Mouse	2021-09-14 09:07:44.926072	2021-09-14 09:07:51.122941	6.196869	Morning
Mouse	2021-09-14 09:08:08.254660	2021-09-14 09:08:14.634142	6.379482	Morning
Mouse	2021-09-14 09:08:33.973714	2021-09-14 09:08:43.870541	9.896827	Morning
Mouse	2021-09-14 09:08:44.021901	2021-09-14 09:09:02.211182	18.189281	Morning
Mouse	2021-09-14 09:09:02.223859	2021-09-14 09:09:13.117692	10.893833	Morning
Mouse	2021-09-14 09:09:20.050843	2021-09-14 09:09:25.586621	5.535778	Morning
Mouse	2021-09-14 09:09:25.645214	2021-09-14 09:09:35.962919	10.317705	Morning
Mouse	2021-09-14 09:09:40.004644	2021-09-14 09:09:47.247344	7.2427	Morning
Keyboard	2021-09-14 09:06:57.799207	2021-09-14 09:10:02.195609	184.396402	Morning
Keyboard	2021-09-14 09:10:14.098163	2021-09-14 09:10:22.363261	8.265098	Morning
Mouse	2021-09-14 09:12:19.567672	2021-09-14 09:12:30.463459	10.895787	Morning
Mouse	2021-09-14 09:12:39.957970	2021-09-14 09:12:48.805059	8.847089	Morning
Keyboard	2021-09-14 09:10:25.673596	2021-09-14 09:13:36.763902	191.090306	Morning
Mouse	2021-09-14 09:13:40.535149	2021-09-14 09:13:55.356464	14.821315	Morning
Mouse	2021-09-14 09:14:02.895044	2021-09-14 09:14:11.101551	8.206507	Morning
Keyboard	2021-09-14 09:13:37.936681	2021-09-14 09:14:15.215576	37.278895	Morning
Mouse	2021-09-14 09:14:14.083794	2021-09-14 09:14:34.892018	20.808224	Morning
Mouse	2021-09-14 09:14:50.083429	2021-09-14 09:14:58.643429	8.56	Morning
Mouse	2021-09-14 09:15:14.659982	2021-09-14 09:15:22.141924	7.481942	Morning
Keyboard	2021-09-14 09:14:19.076625	2021-09-14 09:15:44.272344	85.195719	Morning
Keyboard	2021-09-14 09:15:45.515432	2021-09-14 09:15:59.510625	13.995193	Morning
Keyboard	2021-09-14 09:16:00.537906	2021-09-14 09:16:06.860742	6.322836	Morning
Keyboard	2021-09-14 09:16:07.481797	2021-09-14 09:16:14.397368	6.915571	Morning
Keyboard	2021-09-14 09:16:14.960810	2021-09-14 09:16:35.982901	21.022091	Morning
Mouse	2021-09-14 09:17:30.442310	2021-09-14 09:17:38.677131	8.234821	Morning
Mouse	2021-09-14 09:17:44.864237	2021-09-14 09:17:50.461532	5.597295	Morning
Mouse	2021-09-14 09:18:39.301184	2021-09-14 09:19:06.121729	26.820545	Morning
Mouse	2021-09-14 09:20:39.129453	2021-09-14 09:20:44.548050	5.418597	Morning
Mouse	2021-09-14 09:21:27.504282	2021-09-14 09:21:33.164077	5.659795	Morning
Keyboard	2021-09-14 09:16:40.424999	2021-09-14 09:21:39.893138	299.468139	Morning
Keyboard	2021-09-14 09:21:40.545439	2021-09-14 09:22:08.774101	28.228662	Morning
Keyboard	2021-09-14 09:22:09.992772	2021-09-14 09:22:24.524072	14.5313	Morning
Mouse	2021-09-14 09:22:56.988789	2021-09-14 09:23:03.421971	6.433182	Morning
Mouse	2021-09-14 09:23:07.973438	2021-09-14 09:23:14.709336	6.735898	Morning
Keyboard	2021-09-14 09:22:24.915648	2021-09-14 09:23:31.112580	66.196932	Morning
Keyboard	2021-09-14 09:23:31.925029	2021-09-14 09:23:39.241958	7.316929	Morning
Mouse	2021-09-14 09:24:34.334126	2021-09-14 09:24:43.293512	8.959386	Morning
Mouse	2021-09-14 09:24:43.301323	2021-09-14 09:24:48.330300	5.028977	Morning
Mouse	2021-09-14 09:24:48.380098	2021-09-14 09:24:56.295608	7.91551	Morning
Mouse	2021-09-14 09:25:01.114634	2021-09-14 09:25:08.296791	7.182157	Morning
Mouse	2021-09-14 09:26:53.488300	2021-09-14 09:27:02.419371	8.931071	Morning
Mouse	2021-09-14 09:27:24.519517	2021-09-14 09:27:37.815542	13.296025	Morning
Mouse	2021-09-14 09:27:43.129656	2021-09-14 09:27:51.907412	8.777756	Morning
Mouse	2021-09-14 09:30:03.816963	2021-09-14 09:30:14.877755	11.060792	Morning
Mouse	2021-09-14 09:30:17.441068	2021-09-14 09:30:27.815404	10.374336	Morning
Mouse	2021-09-14 09:30:35.020997	2021-09-14 09:30:47.650072	12.629075	Morning
Mouse	2021-09-14 09:31:32.942097	2021-09-14 09:31:39.595010	6.652913	Morning
Mouse	2021-09-14 09:32:02.613047	2021-09-14 09:32:07.620539	5.007492	Morning
Mouse	2021-09-14 09:32:15.628814	2021-09-14 09:32:20.939029	5.310215	Morning
Mouse	2021-09-14 09:32:21.863779	2021-09-14 09:32:28.592828	6.729049	Morning
Keyboard	2021-09-14 09:23:39.345454	2021-09-14 09:33:14.416067	575.070613	Morning
Keyboard	2021-09-14 09:33:15.488267	2021-09-14 09:33:24.850948	9.362681	Morning
Keyboard	2021-09-14 09:33:38.520972	2021-09-14 09:33:44.587966	6.066994	Morning
Mouse	2021-09-14 09:33:47.988140	2021-09-14 09:33:53.321790	5.33365	Morning
Keyboard	2021-09-14 09:33:47.283107	2021-09-14 09:33:56.866477	9.58337	Morning
Keyboard	2021-09-14 09:33:59.341904	2021-09-14 09:34:41.941718	42.599814	Morning
Keyboard	2021-09-14 09:34:47.070297	2021-09-14 09:35:01.676782	14.606485	Morning
Keyboard	2021-09-14 09:35:03.519436	2021-09-14 09:35:15.247202	11.727766	Morning
Keyboard	2021-09-14 09:35:16.623093	2021-09-14 09:35:24.290570	7.667477	Morning
Keyboard	2021-09-14 09:35:26.020928	2021-09-14 09:35:43.179008	17.15808	Morning
Mouse	2021-09-14 09:36:00.489424	2021-09-14 09:36:05.723463	5.234039	Morning
Keyboard	2021-09-14 09:35:45.534336	2021-09-14 09:36:37.083762	51.549426	Morning
Mouse	2021-09-14 09:36:41.190962	2021-09-14 09:36:49.328111	8.137149	Morning
Keyboard	2021-09-14 09:36:38.504580	2021-09-14 09:36:52.148508	13.643928	Morning
Mouse	2021-09-14 09:36:59.909729	2021-09-14 09:37:40.360276	40.450547	Morning
Mouse	2021-09-14 09:37:42.316193	2021-09-14 09:37:48.293358	5.977165	Morning
Mouse	2021-09-14 09:38:04.723941	2021-09-14 09:38:11.862153	7.138212	Morning
Mouse	2021-09-14 09:38:18.457436	2021-09-14 09:38:25.898365	7.440929	Morning
Keyboard	2021-09-14 09:36:55.781089	2021-09-14 09:38:35.641883	99.860794	Morning
Mouse	2021-09-14 09:38:32.629383	2021-09-14 09:38:39.330122	6.700739	Morning
Keyboard	2021-09-14 09:38:38.595795	2021-09-14 09:39:06.558852	27.963057	Morning
Mouse	2021-09-14 09:39:04.536520	2021-09-14 09:39:14.430416	9.893896	Morning
Mouse	2021-09-14 09:39:15.192086	2021-09-14 09:39:37.935748	22.743662	Morning
Mouse	2021-09-14 09:39:42.597557	2021-09-14 09:39:50.387099	7.789542	Morning
Mouse	2021-09-14 09:40:00.270257	2021-09-14 09:40:05.280676	5.010419	Morning
Keyboard	2021-09-14 09:39:13.770320	2021-09-14 09:40:07.266876	53.496556	Morning
Keyboard	2021-09-14 09:40:08.363486	2021-09-14 09:40:28.094645	19.731159	Morning
Mouse	2021-09-14 09:40:26.723641	2021-09-14 09:40:36.529652	9.806011	Morning
Mouse	2021-09-14 09:40:41.582064	2021-09-14 09:40:55.513788	13.931724	Morning
Mouse	2021-09-14 09:41:54.926981	2021-09-14 09:42:04.857983	9.931002	Morning
Mouse	2021-09-14 09:43:01.394405	2021-09-14 09:43:14.155306	12.760901	Morning
Mouse	2021-09-14 09:43:19.237988	2021-09-14 09:43:55.041715	35.803727	Morning
Keyboard	2021-09-14 09:40:33.826700	2021-09-14 09:44:03.725693	209.898993	Morning
Mouse	2021-09-14 09:44:17.442446	2021-09-14 09:44:26.274897	8.832451	Morning
Mouse	2021-09-14 09:44:36.457843	2021-09-14 09:44:42.476976	6.019133	Morning
Mouse	2021-09-14 09:44:59.709272	2021-09-14 09:46:01.799048	62.089776	Morning
Mouse	2021-09-14 09:46:01.847873	2021-09-14 09:46:28.824664	26.976791	Morning
Keyboard	2021-09-14 09:44:04.915661	2021-09-14 09:46:37.661028	152.745367	Morning
Mouse	2021-09-14 09:46:33.769656	2021-09-14 09:46:44.230902	10.461246	Morning
Keyboard	2021-09-14 09:46:41.633411	2021-09-14 09:46:46.886006	5.252595	Morning
Mouse	2021-09-14 09:47:12.286297	2021-09-14 09:47:24.796237	12.50994	Morning
Mouse	2021-09-14 09:47:24.816745	2021-09-14 09:47:39.871444	15.054699	Morning
Mouse	2021-09-14 09:47:39.988636	2021-09-14 09:47:45.110368	5.121732	Morning
Mouse	2021-09-14 09:47:53.005371	2021-09-14 09:48:02.949086	9.943715	Morning
Mouse	2021-09-14 09:48:06.629498	2021-09-14 09:48:34.694126	28.064628	Morning
Mouse	2021-09-14 09:49:24.081751	2021-09-14 09:49:41.219341	17.13759	Morning
Keyboard	2021-09-14 09:46:48.378096	2021-09-14 09:50:08.412913	200.034817	Morning
Mouse	2021-09-14 09:50:03.441538	2021-09-14 09:50:12.604037	9.162499	Morning
Keyboard	2021-09-14 09:50:17.095936	2021-09-14 09:50:22.629764	5.533828	Morning
Mouse	2021-09-14 09:51:03.051980	2021-09-14 09:51:08.509638	5.457658	Morning
Mouse	2021-09-14 09:51:52.378900	2021-09-14 09:51:58.201770	5.82287	Morning
Mouse	2021-09-14 09:51:59.113841	2021-09-14 09:52:25.451004	26.337163	Morning
Mouse	2021-09-14 09:52:26.800526	2021-09-14 09:52:41.648207	14.847681	Morning
Mouse	2021-09-14 09:52:49.223898	2021-09-14 09:53:01.875430	12.651532	Morning
Mouse	2021-09-14 09:53:06.051920	2021-09-14 09:53:11.816199	5.764279	Morning
Mouse	2021-09-14 09:53:26.676589	2021-09-14 09:53:32.676192	5.999603	Morning
Mouse	2021-09-14 09:53:44.909783	2021-09-14 09:53:54.084998	9.175215	Morning
Mouse	2021-09-14 09:54:00.504489	2021-09-14 09:54:30.052417	29.547928	Morning
Mouse	2021-09-14 09:54:37.254091	2021-09-14 09:54:53.284324	16.030233	Morning
Mouse	2021-09-14 09:54:53.614372	2021-09-14 09:55:43.117063	49.502691	Morning
Mouse	2021-09-14 09:55:44.973394	2021-09-14 09:55:55.042079	10.068685	Morning
Keyboard	2021-09-14 09:50:22.720582	2021-09-14 09:56:01.953746	339.233164	Morning
Mouse	2021-09-14 09:56:03.613799	2021-09-14 09:56:44.984479	41.37068	Morning
Mouse	2021-09-14 09:57:06.285850	2021-09-14 09:57:12.158521	5.872671	Morning
Mouse	2021-09-14 09:57:35.395314	2021-09-14 09:57:44.295135	8.899821	Morning
Mouse	2021-09-14 09:57:47.378923	2021-09-14 09:58:24.108027	36.729104	Morning
Mouse	2021-09-14 09:59:08.988934	2021-09-14 09:59:21.765458	12.776524	Morning
Keyboard	2021-09-14 09:56:01.980116	2021-09-14 09:59:56.328497	234.348381	Morning
Mouse	2021-09-14 09:59:50.316754	2021-09-14 09:59:56.599495	6.282741	Morning
Mouse	2021-09-14 10:00:09.645766	2021-09-14 10:00:54.289394	44.643628	Morning
Mouse	2021-09-14 10:00:59.911105	2021-09-14 10:03:47.522445	167.61134	Morning
Keyboard	2021-09-14 10:00:03.259458	2021-09-14 10:04:09.298395	246.038937	Morning
Mouse	2021-09-14 10:04:29.316645	2021-09-14 10:04:38.758425	9.44178	Morning
Mouse	2021-09-14 10:05:11.144047	2021-09-14 10:05:19.610301	8.466254	Morning
Keyboard	2021-09-14 10:04:23.339489	2021-09-14 10:05:27.266063	63.926574	Morning
Mouse	2021-09-14 10:05:27.348090	2021-09-14 10:05:33.244197	5.896107	Morning
Mouse	2021-09-14 10:05:40.582595	2021-09-14 10:05:51.307494	10.724899	Morning
Mouse	2021-09-14 10:05:58.099049	2021-09-14 10:06:17.106625	19.007576	Morning
Keyboard	2021-09-14 10:05:32.300902	2021-09-14 10:06:57.835461	85.534559	Morning
Mouse	2021-09-14 10:06:56.800371	2021-09-14 10:07:15.762047	18.961676	Morning
Mouse	2021-09-14 10:07:17.035403	2021-09-14 10:07:29.574639	12.539236	Morning
Mouse	2021-09-14 10:07:36.988228	2021-09-14 10:08:30.403753	53.415525	Morning
Mouse	2021-09-14 10:08:38.270439	2021-09-14 10:08:47.684874	9.414435	Morning
Mouse	2021-09-14 10:09:11.644278	2021-09-14 10:09:28.566048	16.92177	Morning
Mouse	2021-09-14 10:10:01.490699	2021-09-14 10:10:49.507157	48.016458	Morning
Mouse	2021-09-14 10:10:51.347859	2021-09-14 10:10:57.127762	5.779903	Morning
Mouse	2021-09-14 10:11:00.737882	2021-09-14 10:25:27.592440	866.854558	Morning
Mouse	2021-09-14 10:25:44.191917	2021-09-14 10:25:52.308597	8.11668	Morning
Mouse	2021-09-14 10:26:47.864281	2021-09-14 10:26:56.280736	8.416455	Morning
Mouse	2021-09-14 10:27:01.239446	2021-09-14 10:27:10.150944	8.911498	Morning
Mouse	2021-09-14 10:27:16.035329	2021-09-14 10:27:32.639736	16.604407	Morning
Mouse	2021-09-14 10:27:35.145467	2021-09-14 10:44:39.496415	1024.350948	Morning
Mouse	2021-09-14 10:46:38.598815	2021-09-14 10:48:22.022247	103.423432	Morning
Mouse	2021-09-14 10:48:38.504582	2021-09-14 10:48:56.030803	17.526221	Morning
Mouse	2021-09-14 10:48:56.630016	2021-09-14 10:49:18.448959	21.818943	Morning
Mouse	2021-09-14 10:49:30.863204	2021-09-14 10:49:41.246327	10.383123	Morning
Mouse	2021-09-14 10:50:12.645686	2021-09-14 10:50:17.787936	5.14225	Morning
Keyboard	2021-09-14 10:07:14.202577	2021-09-14 10:51:05.596397	2631.39382	Morning
Mouse	2021-09-14 10:51:02.786034	2021-09-14 10:51:16.465826	13.679792	Morning
Keyboard	2021-09-14 10:51:15.811567	2021-09-14 10:51:43.442608	27.631041	Morning
Mouse	2021-09-14 10:51:42.879168	2021-09-14 10:51:50.297640	7.418472	Morning
Keyboard	2021-09-14 10:51:49.774233	2021-09-14 10:52:47.286035	57.511802	Morning
Mouse	2021-09-14 10:52:57.677215	2021-09-14 10:53:04.356624	6.679409	Morning
Keyboard	2021-09-14 10:52:48.987252	2021-09-14 10:53:27.022253	38.035001	Morning
Mouse	2021-09-14 10:53:11.129482	2021-09-14 10:53:28.779240	17.649758	Morning
Keyboard	2021-09-14 10:53:27.657021	2021-09-14 10:53:35.099882	7.442861	Morning
Keyboard	2021-09-14 10:53:35.519951	2021-09-14 10:55:40.647574	125.127623	Morning
Mouse	2021-09-14 10:55:37.755129	2021-09-14 10:55:43.289425	5.534296	Morning
Keyboard	2021-09-14 10:55:40.789163	2021-09-14 10:55:48.618124	7.828961	Morning
Mouse	2021-09-14 10:55:45.754882	2021-09-14 10:55:59.101866	13.346984	Morning
Keyboard	2021-09-14 10:56:02.366139	2021-09-14 10:56:09.482053	7.115914	Morning
Keyboard	2021-09-14 10:56:09.594329	2021-09-14 10:56:24.220402	14.626073	Morning
Mouse	2021-09-14 10:56:30.972892	2021-09-14 10:56:48.374707	17.401815	Morning
Keyboard	2021-09-14 10:56:48.307260	2021-09-14 10:56:54.805212	6.497952	Morning
Keyboard	2021-09-14 10:56:56.594085	2021-09-14 10:57:05.785340	9.191255	Morning
Keyboard	2021-09-14 10:57:08.511438	2021-09-14 10:57:38.987211	30.475773	Morning
Keyboard	2021-09-14 10:57:41.938881	2021-09-14 10:57:47.572593	5.633712	Morning
Keyboard	2021-09-14 10:57:48.282559	2021-09-14 10:57:53.824399	5.54184	Morning
Keyboard	2021-09-14 10:57:54.197537	2021-09-14 10:58:24.529175	30.331638	Morning
Keyboard	2021-09-14 10:58:25.642137	2021-09-14 10:58:35.386805	9.744668	Morning
Keyboard	2021-09-14 10:58:39.519800	2021-09-14 10:58:45.466904	5.947104	Morning
Keyboard	2021-09-14 10:58:45.920082	2021-09-14 10:58:51.192686	5.272604	Morning
Mouse	2021-09-14 10:58:55.569131	2021-09-14 10:59:14.237879	18.668748	Morning
Keyboard	2021-09-14 10:59:13.489365	2021-09-14 10:59:19.231809	5.742444	Morning
Keyboard	2021-09-14 10:59:21.000356	2021-09-14 10:59:32.634378	11.634022	Morning
Keyboard	2021-09-14 10:59:33.789203	2021-09-14 10:59:41.370441	7.581238	Morning
Keyboard	2021-09-14 10:59:44.543900	2021-09-14 10:59:57.710393	13.166493	Morning
Keyboard	2021-09-14 11:00:00.895753	2021-09-14 11:00:05.923869	5.028116	Afternoon
Keyboard	2021-09-14 11:00:07.352022	2021-09-14 11:00:13.974187	6.622165	Afternoon
Mouse	2021-09-14 11:00:33.661102	2021-09-14 11:00:39.013792	5.35269	Afternoon
Keyboard	2021-09-14 11:00:37.173114	2021-09-14 11:00:55.920577	18.747463	Afternoon
Mouse	2021-09-14 11:00:55.191513	2021-09-14 11:01:00.586912	5.395399	Afternoon
Keyboard	2021-09-14 11:01:04.346066	2021-09-14 11:01:11.837064	7.490998	Afternoon
Mouse	2021-09-14 11:01:24.159770	2021-09-14 11:01:33.609281	9.449511	Afternoon
Mouse	2021-09-14 11:02:39.364281	2021-09-14 11:02:45.516854	6.152573	Afternoon
Mouse	2021-09-14 11:03:11.567018	2021-09-14 11:03:20.326134	8.759116	Afternoon
Mouse	2021-09-14 11:03:33.208128	2021-09-14 11:03:44.414234	11.206106	Afternoon
Mouse	2021-09-14 11:04:24.363150	2021-09-14 11:05:48.891794	84.528644	Afternoon
Mouse	2021-09-14 11:06:11.723175	2021-09-14 11:08:37.478840	145.755665	Afternoon
Mouse	2021-09-14 11:08:39.566237	2021-09-14 11:08:58.650636	19.084399	Afternoon
Mouse	2021-09-14 11:09:11.036295	2021-09-14 11:09:37.484009	26.447714	Afternoon
Mouse	2021-09-14 11:09:43.786157	2021-09-14 11:09:54.743775	10.957618	Afternoon
Mouse	2021-09-14 11:09:55.597797	2021-09-14 11:10:04.600044	9.002247	Afternoon
Mouse	2021-09-14 11:10:09.691742	2021-09-14 11:12:26.422379	136.730637	Afternoon
Mouse	2021-09-14 11:12:26.473122	2021-09-14 11:13:04.713298	38.240176	Afternoon
Mouse	2021-09-14 11:13:20.800344	2021-09-14 11:14:41.681093	80.880749	Afternoon
Keyboard	2021-09-14 11:01:21.619858	2021-09-14 11:14:48.658232	807.038374	Afternoon
Keyboard	2021-09-14 11:14:50.148581	2021-09-14 11:15:00.455439	10.306858	Afternoon
Mouse	2021-09-14 11:15:13.097571	2021-09-14 11:15:26.667758	13.570187	Afternoon
Keyboard	2021-09-14 11:15:10.489612	2021-09-14 11:15:30.076026	19.586414	Afternoon
Keyboard	2021-09-14 11:15:30.089702	2021-09-14 11:15:46.322435	16.232733	Afternoon
Keyboard	2021-09-14 11:15:47.728554	2021-09-14 11:16:01.704037	13.975483	Afternoon
Mouse	2021-09-14 11:16:01.661074	2021-09-14 11:16:11.610941	9.949867	Afternoon
Mouse	2021-09-14 11:16:14.301984	2021-09-14 11:16:20.115134	5.81315	Afternoon
Keyboard	2021-09-14 11:16:19.088266	2021-09-14 11:16:24.148420	5.060154	Afternoon
Keyboard	2021-09-14 11:16:24.280234	2021-09-14 11:16:31.736201	7.455967	Afternoon
Keyboard	2021-09-14 11:16:39.572789	2021-09-14 11:17:02.106709	22.53392	Afternoon
Mouse	2021-09-14 11:17:01.175348	2021-09-14 11:17:07.844319	6.668971	Afternoon
Keyboard	2021-09-14 11:17:05.625494	2021-09-14 11:17:13.689867	8.064373	Afternoon
Mouse	2021-09-14 11:17:11.207229	2021-09-14 11:17:17.764241	6.557012	Afternoon
Keyboard	2021-09-14 11:17:15.966953	2021-09-14 11:17:23.301039	7.334086	Afternoon
Keyboard	2021-09-14 11:17:29.130769	2021-09-14 11:17:48.314261	19.183492	Afternoon
Keyboard	2021-09-14 11:17:59.659818	2021-09-14 11:18:46.391416	46.731598	Afternoon
Keyboard	2021-09-14 11:18:47.815038	2021-09-14 11:18:55.959778	8.14474	Afternoon
Keyboard	2021-09-14 11:19:00.602826	2021-09-14 11:19:07.107448	6.504622	Afternoon
Keyboard	2021-09-14 11:19:15.104541	2021-09-14 11:19:28.035133	12.930592	Afternoon
Keyboard	2021-09-14 11:19:29.037597	2021-09-14 11:19:38.878196	9.840599	Afternoon
Keyboard	2021-09-14 11:19:41.044494	2021-09-14 11:19:49.557660	8.513166	Afternoon
Mouse	2021-09-14 11:19:47.802832	2021-09-14 11:19:57.478289	9.675457	Afternoon
Keyboard	2021-09-14 11:20:01.416277	2021-09-14 11:20:27.779375	26.363098	Afternoon
Mouse	2021-09-14 11:20:41.707674	2021-09-14 11:20:46.795657	5.087983	Afternoon
Keyboard	2021-09-14 11:20:42.558264	2021-09-14 11:20:48.940200	6.381936	Afternoon
Keyboard	2021-09-14 11:20:58.626244	2021-09-14 11:21:07.319585	8.693341	Afternoon
Mouse	2021-09-14 11:21:09.051965	2021-09-14 11:21:16.264244	7.212279	Afternoon
Keyboard	2021-09-14 11:21:30.877762	2021-09-14 11:21:39.781539	8.903777	Afternoon
Keyboard	2021-09-14 11:21:40.156693	2021-09-14 11:21:45.891392	5.734699	Afternoon
Mouse	2021-09-14 11:22:04.301939	2021-09-14 11:22:10.861791	6.559852	Afternoon
Keyboard	2021-09-14 11:21:46.620434	2021-09-14 11:22:50.249544	63.62911	Afternoon
Mouse	2021-09-14 11:23:30.441376	2021-09-14 11:23:36.612682	6.171306	Afternoon
Mouse	2021-09-14 11:23:49.286177	2021-09-14 11:24:05.366382	16.080205	Afternoon
Mouse	2021-09-14 11:24:07.895281	2021-09-14 11:24:32.751715	24.856434	Afternoon
Mouse	2021-09-14 11:25:28.630276	2021-09-14 11:25:45.885225	17.254949	Afternoon
Mouse	2021-09-14 11:26:54.301205	2021-09-14 11:26:59.649191	5.347986	Afternoon
Mouse	2021-09-14 11:27:08.019747	2021-09-14 11:27:30.405508	22.385761	Afternoon
Mouse	2021-09-14 11:27:44.300596	2021-09-14 11:27:57.646113	13.345517	Afternoon
Mouse	2021-09-14 11:27:58.535721	2021-09-14 11:28:12.754709	14.218988	Afternoon
Mouse	2021-09-14 11:28:44.364170	2021-09-14 11:29:05.501671	21.137501	Afternoon
Mouse	2021-09-14 11:29:08.505169	2021-09-14 11:29:36.609211	28.104042	Afternoon
Keyboard	2021-09-14 11:22:52.135017	2021-09-14 11:29:58.967967	426.83295	Afternoon
Mouse	2021-09-14 11:30:04.833437	2021-09-14 11:30:34.979796	30.146359	Afternoon
Keyboard	2021-09-14 11:30:06.298554	2021-09-14 11:30:36.832503	30.533949	Afternoon
Mouse	2021-09-14 11:30:41.753609	2021-09-14 11:30:49.841877	8.088268	Afternoon
Mouse	2021-09-14 11:30:52.004236	2021-09-14 11:31:03.615580	11.611344	Afternoon
Mouse	2021-09-14 11:31:04.707364	2021-09-14 11:32:26.549858	81.842494	Afternoon
Mouse	2021-09-14 11:32:36.442745	2021-09-14 11:32:41.448294	5.005549	Afternoon
Keyboard	2021-09-14 11:31:03.034258	2021-09-14 11:32:59.908039	116.873781	Afternoon
Keyboard	2021-09-14 11:33:05.529800	2021-09-14 11:33:12.194365	6.664565	Afternoon
Keyboard	2021-09-14 11:33:16.726310	2021-09-14 11:33:26.391696	9.665386	Afternoon
Keyboard	2021-09-14 11:33:30.219623	2021-09-14 11:33:44.123034	13.903411	Afternoon
Mouse	2021-09-14 11:33:44.519481	2021-09-14 11:34:03.856106	19.336625	Afternoon
Mouse	2021-09-14 11:34:05.362835	2021-09-14 11:34:18.980126	13.617291	Afternoon
Mouse	2021-09-14 11:34:27.097870	2021-09-14 11:35:21.785834	54.687964	Afternoon
Mouse	2021-09-14 11:35:24.409681	2021-09-14 11:35:36.017343	11.607662	Afternoon
Keyboard	2021-09-14 11:33:44.612208	2021-09-14 11:35:36.364971	111.752763	Afternoon
Mouse	2021-09-14 11:36:31.473561	2021-09-14 11:36:38.768797	7.295236	Afternoon
Keyboard	2021-09-14 11:35:36.889351	2021-09-14 11:38:06.603600	149.714249	Afternoon
Mouse	2021-09-14 11:38:05.145534	2021-09-14 11:38:12.748699	7.603165	Afternoon
Mouse	2021-09-14 11:38:14.629224	2021-09-14 11:38:20.607973	5.978749	Afternoon
Keyboard	2021-09-14 11:38:25.999264	2021-09-14 11:38:38.289943	12.290679	Afternoon
Keyboard	2021-09-14 11:38:39.096822	2021-09-14 11:38:54.927391	15.830569	Afternoon
Mouse	2021-09-14 11:39:00.801049	2021-09-14 11:39:11.308861	10.507812	Afternoon
Mouse	2021-09-14 11:39:17.036462	2021-09-14 11:39:22.897129	5.860667	Afternoon
Keyboard	2021-09-14 11:38:56.948089	2021-09-14 11:39:40.250915	43.302826	Afternoon
Keyboard	2021-09-14 11:39:42.258856	2021-09-14 11:39:55.671273	13.412417	Afternoon
Mouse	2021-09-14 11:40:01.723460	2021-09-14 11:40:07.788253	6.064793	Afternoon
Mouse	2021-09-14 11:40:10.864316	2021-09-14 11:40:16.976675	6.112359	Afternoon
Keyboard	2021-09-14 11:39:56.189332	2021-09-14 11:40:22.426294	26.236962	Afternoon
Keyboard	2021-09-14 11:40:22.888222	2021-09-14 11:41:38.809843	75.921621	Afternoon
Keyboard	2021-09-14 11:41:43.781503	2021-09-14 11:41:58.075351	14.293848	Afternoon
Keyboard	2021-09-14 11:42:00.169719	2021-09-14 11:42:11.226082	11.056363	Afternoon
Mouse	2021-09-14 11:42:54.145339	2021-09-14 11:42:59.148076	5.002737	Afternoon
Keyboard	2021-09-14 11:42:24.171218	2021-09-14 11:43:12.476089	48.304871	Afternoon
Keyboard	2021-09-14 11:43:12.579600	2021-09-14 11:43:31.195779	18.616179	Afternoon
Mouse	2021-09-14 11:44:03.644611	2021-09-14 11:44:31.003190	27.358579	Afternoon
Mouse	2021-09-14 11:44:32.879202	2021-09-14 11:45:05.929277	33.050075	Afternoon
Mouse	2021-09-14 11:45:07.379426	2021-09-14 11:45:48.460970	41.081544	Afternoon
Mouse	2021-09-14 11:45:52.222519	2021-09-14 11:46:08.938751	16.716232	Afternoon
Keyboard	2021-09-14 11:43:32.514566	2021-09-14 11:46:32.549046	180.03448	Afternoon
Keyboard	2021-09-14 11:46:39.696236	2021-09-14 11:46:49.071904	9.375668	Afternoon
Keyboard	2021-09-14 11:46:49.454694	2021-09-14 11:47:16.196234	26.74154	Afternoon
Mouse	2021-09-14 11:47:35.208027	2021-09-14 11:47:45.151747	9.94372	Afternoon
Keyboard	2021-09-14 11:47:34.560610	2021-09-14 11:47:47.503736	12.943126	Afternoon
Mouse	2021-09-14 11:47:48.019989	2021-09-14 11:48:02.463711	14.443722	Afternoon
Keyboard	2021-09-14 11:47:48.297315	2021-09-14 11:48:04.489659	16.192344	Afternoon
Mouse	2021-09-14 11:48:10.739542	2021-09-14 11:48:33.044591	22.305049	Afternoon
Keyboard	2021-09-14 11:48:06.411389	2021-09-14 11:48:50.827803	44.416414	Afternoon
Mouse	2021-09-14 11:48:37.910248	2021-09-14 11:48:55.020078	17.10983	Afternoon
Keyboard	2021-09-14 11:48:53.393075	2021-09-14 11:49:10.736510	17.343435	Afternoon
Keyboard	2021-09-14 11:49:11.392344	2021-09-14 11:49:16.966888	5.574544	Afternoon
Keyboard	2021-09-14 11:49:19.181328	2021-09-14 11:49:33.052878	13.87155	Afternoon
Keyboard	2021-09-14 11:49:38.079577	2021-09-14 11:49:43.705880	5.626303	Afternoon
Keyboard	2021-09-14 11:49:49.360005	2021-09-14 11:49:54.617710	5.257705	Afternoon
Keyboard	2021-09-14 11:49:55.171710	2021-09-14 11:50:02.011665	6.839955	Afternoon
Mouse	2021-09-14 11:50:17.050334	2021-09-14 11:50:26.383675	9.333341	Afternoon
Keyboard	2021-09-14 11:50:12.298664	2021-09-14 11:50:41.866435	29.567771	Afternoon
Keyboard	2021-09-14 11:50:42.915802	2021-09-14 11:51:12.727536	29.811734	Afternoon
Mouse	2021-09-14 11:51:11.238015	2021-09-14 11:51:16.732325	5.49431	Afternoon
Mouse	2021-09-14 11:51:28.832289	2021-09-14 11:51:36.757714	7.925425	Afternoon
Mouse	2021-09-14 11:51:37.129828	2021-09-14 11:51:44.034118	6.90429	Afternoon
Keyboard	2021-09-14 11:51:15.552659	2021-09-14 11:52:11.778384	56.225725	Afternoon
Mouse	2021-09-14 11:52:57.612975	2021-09-14 11:53:03.341646	5.728671	Afternoon
Mouse	2021-09-14 11:53:16.566892	2021-09-14 11:53:28.891920	12.325028	Afternoon
Mouse	2021-09-14 11:53:44.660001	2021-09-14 11:54:00.267157	15.607156	Afternoon
Mouse	2021-09-14 11:54:15.128889	2021-09-14 11:54:42.850976	27.722087	Afternoon
Keyboard	2021-09-14 11:52:12.458542	2021-09-14 11:54:47.709788	155.251246	Afternoon
Mouse	2021-09-14 11:54:54.692456	2021-09-14 11:55:05.705461	11.013005	Afternoon
Mouse	2021-09-14 11:55:44.316522	2021-09-14 11:55:50.563351	6.246829	Afternoon
Keyboard	2021-09-14 11:54:54.221219	2021-09-14 11:55:54.412101	60.190882	Afternoon
Keyboard	2021-09-14 11:55:56.233733	2021-09-14 11:56:06.881654	10.647921	Afternoon
Keyboard	2021-09-14 11:56:13.937119	2021-09-14 11:56:33.358243	19.421124	Afternoon
Mouse	2021-09-14 11:56:54.816192	2021-09-14 11:57:01.492204	6.676012	Afternoon
Keyboard	2021-09-14 11:56:33.857796	2021-09-14 11:57:14.322821	40.465025	Afternoon
Keyboard	2021-09-14 11:57:18.096539	2021-09-14 11:57:25.492175	7.395636	Afternoon
Mouse	2021-09-14 11:57:13.425361	2021-09-14 11:57:49.402437	35.977076	Afternoon
Mouse	2021-09-14 11:57:51.848711	2021-09-14 11:58:04.777293	12.928582	Afternoon
Mouse	2021-09-14 11:58:15.363838	2021-09-14 11:58:41.250769	25.886931	Afternoon
Keyboard	2021-09-14 11:58:03.662044	2021-09-14 11:58:53.870009	50.207965	Afternoon
Mouse	2021-09-14 11:58:51.880190	2021-09-14 11:58:59.555772	7.675582	Afternoon
Mouse	2021-09-14 12:00:07.628536	2021-09-14 12:00:30.928683	23.300147	Afternoon
Mouse	2021-09-14 12:00:46.426044	2021-09-14 12:01:27.719248	41.293204	Afternoon
Keyboard	2021-09-14 11:58:58.937090	2021-09-14 12:02:14.273099	195.336009	Afternoon
Keyboard	2021-09-14 12:02:15.330738	2021-09-14 12:02:38.740018	23.40928	Afternoon
Mouse	2021-09-14 12:02:46.675302	2021-09-14 12:02:52.147116	5.471814	Afternoon
Mouse	2021-09-14 12:02:55.644335	2021-09-14 12:03:02.329088	6.684753	Afternoon
Keyboard	2021-09-14 12:02:39.305975	2021-09-14 12:04:31.234730	111.928755	Afternoon
Keyboard	2021-09-14 12:04:34.304723	2021-09-14 12:04:48.834345	14.529622	Afternoon
Mouse	2021-09-14 12:05:18.644551	2021-09-14 12:05:30.804783	12.160232	Afternoon
Keyboard	2021-09-14 12:04:51.113150	2021-09-14 12:05:45.704662	54.591512	Afternoon
Keyboard	2021-09-14 12:05:51.725057	2021-09-14 12:06:41.564321	49.839264	Afternoon
Keyboard	2021-09-14 12:06:45.945593	2021-09-14 12:06:55.039640	9.094047	Afternoon
Mouse	2021-09-14 12:07:05.878569	2021-09-14 12:07:29.572682	23.694113	Afternoon
Keyboard	2021-09-14 12:06:58.875982	2021-09-14 12:07:34.358469	35.482487	Afternoon
Mouse	2021-09-14 12:07:43.208386	2021-09-14 12:07:50.032039	6.823653	Afternoon
Mouse	2021-09-14 12:07:50.113071	2021-09-14 12:08:31.431614	41.318543	Afternoon
Mouse	2021-09-14 12:08:44.800705	2021-09-14 12:08:56.625346	11.824641	Afternoon
Keyboard	2021-09-14 12:07:35.077026	2021-09-14 12:10:49.524584	194.447558	Afternoon
Keyboard	2021-09-14 12:10:50.315421	2021-09-14 12:10:57.462389	7.146968	Afternoon
Mouse	2021-09-14 12:11:04.239170	2021-09-14 12:11:12.945122	8.705952	Afternoon
Keyboard	2021-09-14 12:10:58.203732	2021-09-14 12:11:17.843337	19.639605	Afternoon
Keyboard	2021-09-14 12:11:22.570129	2021-09-14 12:11:32.522810	9.952681	Afternoon
Keyboard	2021-09-14 12:11:41.090917	2021-09-14 12:11:49.701996	8.611079	Afternoon
Keyboard	2021-09-14 12:11:58.380377	2021-09-14 12:12:04.288128	5.907751	Afternoon
Keyboard	2021-09-14 12:12:10.118462	2021-09-14 12:12:15.252542	5.13408	Afternoon
Mouse	2021-09-14 12:12:43.474481	2021-09-14 12:12:55.270049	11.795568	Afternoon
Mouse	2021-09-14 12:12:56.503673	2021-09-14 12:13:58.092108	61.588435	Afternoon
Keyboard	2021-09-14 12:12:20.025966	2021-09-14 12:13:58.618394	98.592428	Afternoon
Keyboard	2021-09-14 12:14:01.548412	2021-09-14 12:14:08.322596	6.774184	Afternoon
Keyboard	2021-09-14 12:14:19.755348	2021-09-14 12:14:28.322509	8.567161	Afternoon
Mouse	2021-09-14 12:14:07.691521	2021-09-14 12:14:34.809089	27.117568	Afternoon
Mouse	2021-09-14 12:14:38.613929	2021-09-14 12:14:53.579748	14.965819	Afternoon
Keyboard	2021-09-14 12:14:28.876230	2021-09-14 12:15:00.818731	31.942501	Afternoon
Keyboard	2021-09-14 12:15:01.352989	2021-09-14 12:15:10.340892	8.987903	Afternoon
Mouse	2021-09-14 12:15:00.644914	2021-09-14 12:15:10.684219	10.039305	Afternoon
Keyboard	2021-09-14 12:15:10.771655	2021-09-14 12:15:31.282231	20.510576	Afternoon
Mouse	2021-09-14 12:15:19.722447	2021-09-14 12:15:34.007588	14.285141	Afternoon
Mouse	2021-09-14 12:15:59.128686	2021-09-14 12:17:28.143911	89.015225	Afternoon
Keyboard	2021-09-14 12:15:51.377309	2021-09-14 12:17:34.034206	102.656897	Afternoon
Keyboard	2021-09-14 12:17:35.194240	2021-09-14 12:17:41.672341	6.478101	Afternoon
Mouse	2021-09-14 12:17:52.222448	2021-09-14 12:18:00.695567	8.473119	Afternoon
Mouse	2021-09-14 12:18:12.394984	2021-09-14 12:18:28.313956	15.918972	Afternoon
Keyboard	2021-09-14 12:17:42.183092	2021-09-14 12:19:04.910453	82.727361	Afternoon
Mouse	2021-09-14 12:19:08.613895	2021-09-14 12:20:11.675790	63.061895	Afternoon
Mouse	2021-09-14 12:20:14.973592	2021-09-14 12:20:26.199082	11.22549	Afternoon
Keyboard	2021-09-14 12:19:05.254817	2021-09-14 12:20:38.873350	93.618533	Afternoon
Mouse	2021-09-14 12:20:48.128444	2021-09-14 12:20:54.705281	6.576837	Afternoon
Keyboard	2021-09-14 12:21:07.224128	2021-09-14 12:21:17.655004	10.430876	Afternoon
Keyboard	2021-09-14 12:21:22.673442	2021-09-14 12:21:28.012771	5.339329	Afternoon
Keyboard	2021-09-14 12:21:28.600291	2021-09-14 12:21:40.827530	12.227239	Afternoon
Keyboard	2021-09-14 12:21:43.931976	2021-09-14 12:21:52.686960	8.754984	Afternoon
Mouse	2021-09-14 12:21:51.755110	2021-09-14 12:21:57.515795	5.760685	Afternoon
Keyboard	2021-09-14 12:22:06.086722	2021-09-14 12:22:12.177901	6.091179	Afternoon
Mouse	2021-09-14 12:22:05.082957	2021-09-14 12:22:12.850373	7.767416	Afternoon
Mouse	2021-09-14 12:22:18.082165	2021-09-14 12:22:25.050045	6.96788	Afternoon
Keyboard	2021-09-14 12:22:12.948024	2021-09-14 12:22:40.557660	27.609636	Afternoon
Keyboard	2021-09-14 12:22:46.048814	2021-09-14 12:22:51.338697	5.289883	Afternoon
Keyboard	2021-09-14 12:22:51.659099	2021-09-14 12:22:58.296064	6.636965	Afternoon
Mouse	2021-09-14 12:23:05.613266	2021-09-14 12:23:15.189732	9.576466	Afternoon
Keyboard	2021-09-14 12:23:09.061218	2021-09-14 12:23:15.412374	6.351156	Afternoon
Mouse	2021-09-14 12:23:16.879204	2021-09-14 12:23:24.481702	7.602498	Afternoon
Keyboard	2021-09-14 12:23:16.992479	2021-09-14 12:23:46.231997	29.239518	Afternoon
Keyboard	2021-09-14 12:23:48.377513	2021-09-14 12:24:31.313249	42.935736	Afternoon
Mouse	2021-09-14 12:23:36.472376	2021-09-14 12:25:50.479362	134.006986	Afternoon
Mouse	2021-09-14 12:26:16.567254	2021-09-14 12:26:23.382061	6.814807	Afternoon
Keyboard	2021-09-14 12:24:32.079805	2021-09-14 12:26:24.514341	112.434536	Afternoon
Mouse	2021-09-14 12:26:26.645690	2021-09-14 12:26:34.277739	7.632049	Afternoon
Mouse	2021-09-14 12:26:44.019320	2021-09-14 12:26:49.334380	5.31506	Afternoon
Keyboard	2021-09-14 12:26:26.078343	2021-09-14 12:27:34.513864	68.435521	Afternoon
Mouse	2021-09-14 12:26:51.191025	2021-09-14 12:27:36.795977	45.604952	Afternoon
Keyboard	2021-09-14 12:27:35.306288	2021-09-14 12:27:44.335645	9.029357	Afternoon
Mouse	2021-09-14 12:27:40.301612	2021-09-14 12:28:10.133745	29.832133	Afternoon
Keyboard	2021-09-14 12:28:28.968711	2021-09-14 12:28:40.552841	11.58413	Afternoon
Keyboard	2021-09-14 12:28:43.994731	2021-09-14 12:28:49.348035	5.353304	Afternoon
Mouse	2021-09-14 12:29:04.847913	2021-09-14 12:29:13.045135	8.197222	Afternoon
Keyboard	2021-09-14 12:28:51.391473	2021-09-14 12:29:27.577770	36.186297	Afternoon
Keyboard	2021-09-14 12:29:39.380403	2021-09-14 12:29:50.235054	10.854651	Afternoon
Mouse	2021-09-14 12:29:47.864234	2021-09-14 12:29:57.800328	9.936094	Afternoon
Mouse	2021-09-14 12:29:58.613798	2021-09-14 12:30:06.463226	7.849428	Afternoon
Keyboard	2021-09-14 12:29:56.944877	2021-09-14 12:30:19.752634	22.807757	Afternoon
Mouse	2021-09-14 12:30:13.331620	2021-09-14 12:30:22.585687	9.254067	Afternoon
Keyboard	2021-09-14 12:30:21.529147	2021-09-14 12:30:32.010959	10.481812	Afternoon
Mouse	2021-09-14 12:30:25.269217	2021-09-14 12:30:35.444367	10.17515	Afternoon
Keyboard	2021-09-14 12:30:34.554776	2021-09-14 12:30:41.946425	7.391649	Afternoon
Keyboard	2021-09-14 12:30:44.855570	2021-09-14 12:31:08.452544	23.596974	Afternoon
Mouse	2021-09-14 12:31:38.222411	2021-09-14 12:31:43.308579	5.086168	Afternoon
Keyboard	2021-09-14 12:31:09.466538	2021-09-14 12:32:30.311511	80.844973	Afternoon
Keyboard	2021-09-14 12:32:31.298916	2021-09-14 12:32:42.611973	11.313057	Afternoon
Keyboard	2021-09-14 12:32:50.073330	2021-09-14 12:32:55.549124	5.475794	Afternoon
Mouse	2021-09-14 12:32:55.052087	2021-09-14 12:33:27.771997	32.71991	Afternoon
Keyboard	2021-09-14 12:32:59.026705	2021-09-14 12:34:02.103089	63.076384	Afternoon
Mouse	2021-09-14 12:33:28.472662	2021-09-14 12:34:09.909405	41.436743	Afternoon
Keyboard	2021-09-14 12:34:09.383376	2021-09-14 12:34:14.495685	5.112309	Afternoon
Mouse	2021-09-14 12:34:20.020592	2021-09-14 12:34:28.966948	8.946356	Afternoon
Mouse	2021-09-14 12:34:30.675805	2021-09-14 12:34:58.913403	28.237598	Afternoon
Keyboard	2021-09-14 12:34:16.435065	2021-09-14 12:35:28.939958	72.504893	Afternoon
Mouse	2021-09-14 12:35:00.692347	2021-09-14 12:35:30.829514	30.137167	Afternoon
Keyboard	2021-09-14 12:35:31.645454	2021-09-14 12:35:39.176809	7.531355	Afternoon
Mouse	2021-09-14 12:35:40.645659	2021-09-14 12:35:51.946813	11.301154	Afternoon
Mouse	2021-09-14 12:36:55.081809	2021-09-14 12:37:01.487656	6.405847	Afternoon
Mouse	2021-09-14 12:37:09.847373	2021-09-14 12:37:26.670917	16.823544	Afternoon
Keyboard	2021-09-14 12:35:51.023380	2021-09-14 12:37:32.950933	101.927553	Afternoon
Keyboard	2021-09-14 12:37:35.153874	2021-09-14 12:37:42.110645	6.956771	Afternoon
Mouse	2021-09-14 12:37:35.894063	2021-09-14 12:37:42.616552	6.722489	Afternoon
Keyboard	2021-09-14 12:37:42.131103	2021-09-14 12:37:47.704975	5.573872	Afternoon
Keyboard	2021-09-14 12:37:52.535521	2021-09-14 12:37:57.856126	5.320605	Afternoon
Mouse	2021-09-14 12:37:56.128559	2021-09-14 12:38:44.528585	48.400026	Afternoon
Keyboard	2021-09-14 12:38:06.611341	2021-09-14 12:38:48.034695	41.423354	Afternoon
Keyboard	2021-09-14 12:38:48.188221	2021-09-14 12:38:54.523351	6.33513	Afternoon
Mouse	2021-09-14 12:38:45.926610	2021-09-14 12:38:58.257601	12.330991	Afternoon
Mouse	2021-09-14 12:39:28.332965	2021-09-14 12:39:47.568674	19.235709	Afternoon
Keyboard	2021-09-14 12:39:00.898769	2021-09-14 12:40:03.982933	63.084164	Afternoon
Mouse	2021-09-14 12:40:07.801036	2021-09-14 12:40:18.869407	11.068371	Afternoon
Keyboard	2021-09-14 12:40:04.168521	2021-09-14 12:40:40.951158	36.782637	Afternoon
Mouse	2021-09-14 12:40:53.988079	2021-09-14 12:41:02.276703	8.288624	Afternoon
Keyboard	2021-09-14 12:40:44.476071	2021-09-14 12:41:11.218856	26.742785	Afternoon
Mouse	2021-09-14 12:41:09.380040	2021-09-14 12:41:48.643564	39.263524	Afternoon
Keyboard	2021-09-14 12:41:48.293976	2021-09-14 12:41:58.015980	9.722004	Afternoon
Keyboard	2021-09-14 12:41:59.072874	2021-09-14 12:42:05.696777	6.623903	Afternoon
Mouse	2021-09-14 12:42:12.207121	2021-09-14 12:42:21.451468	9.244347	Afternoon
Keyboard	2021-09-14 12:42:09.344033	2021-09-14 12:42:47.856805	38.512772	Afternoon
Mouse	2021-09-14 12:42:48.551053	2021-09-14 12:43:15.589095	27.038042	Afternoon
Keyboard	2021-09-14 12:42:47.990545	2021-09-14 12:43:36.478854	48.488309	Afternoon
Mouse	2021-09-14 12:43:52.036203	2021-09-14 12:44:00.983237	8.947034	Afternoon
Mouse	2021-09-14 12:44:02.130367	2021-09-14 12:44:08.690456	6.560089	Afternoon
Keyboard	2021-09-14 12:43:49.528293	2021-09-14 12:44:34.393975	44.865682	Afternoon
Mouse	2021-09-14 12:44:28.598501	2021-09-14 12:44:37.485566	8.887065	Afternoon
Mouse	2021-09-14 12:44:44.315993	2021-09-14 12:44:51.142747	6.826754	Afternoon
Mouse	2021-09-14 12:44:52.848429	2021-09-14 12:45:01.356906	8.508477	Afternoon
Mouse	2021-09-14 12:45:11.067531	2021-09-14 12:46:24.241147	73.173616	Afternoon
Mouse	2021-09-14 12:46:42.177008	2021-09-14 12:46:51.466402	9.289394	Afternoon
Mouse	2021-09-14 12:46:54.597477	2021-09-14 12:47:04.169359	9.571882	Afternoon
Keyboard	2021-09-14 12:44:40.236790	2021-09-14 12:47:37.073303	176.836513	Afternoon
Mouse	2021-09-14 12:47:25.535297	2021-09-14 12:47:38.799543	13.264246	Afternoon
Keyboard	2021-09-14 12:47:37.857138	2021-09-14 12:47:46.193600	8.336462	Afternoon
Keyboard	2021-09-14 12:47:47.206903	2021-09-14 12:47:55.828762	8.621859	Afternoon
Keyboard	2021-09-14 12:48:05.314334	2021-09-14 12:48:26.973649	21.659315	Afternoon
Mouse	2021-09-14 12:48:32.348834	2021-09-14 12:48:41.799846	9.451012	Afternoon
Mouse	2021-09-14 12:48:57.598347	2021-09-14 12:49:11.507905	13.909558	Afternoon
Mouse	2021-09-14 12:49:13.300901	2021-09-14 12:49:20.682498	7.381597	Afternoon
Mouse	2021-09-14 12:49:26.020561	2021-09-14 12:49:35.340637	9.320076	Afternoon
Mouse	2021-09-14 12:49:38.395557	2021-09-14 12:49:55.411179	17.015622	Afternoon
Keyboard	2021-09-14 12:48:31.093921	2021-09-14 12:50:15.780921	104.687	Afternoon
Keyboard	2021-09-14 12:50:15.896100	2021-09-14 12:50:28.753085	12.856985	Afternoon
Mouse	2021-09-14 12:50:01.019864	2021-09-14 12:50:29.509639	28.489775	Afternoon
Mouse	2021-09-14 12:50:34.255064	2021-09-14 12:50:45.872340	11.617276	Afternoon
Keyboard	2021-09-14 12:50:57.184757	2021-09-14 12:51:21.000026	23.815269	Afternoon
Mouse	2021-09-14 12:51:20.442319	2021-09-14 12:51:25.864612	5.422293	Afternoon
Mouse	2021-09-14 12:51:52.004431	2021-09-14 12:52:00.569957	8.565526	Afternoon
Mouse	2021-09-14 12:52:07.362796	2021-09-14 12:52:13.947107	6.584311	Afternoon
Keyboard	2021-09-14 12:51:29.372332	2021-09-14 12:52:19.073726	49.701394	Afternoon
Keyboard	2021-09-14 12:52:23.475729	2021-09-14 12:52:28.887909	5.41218	Afternoon
Mouse	2021-09-14 12:52:36.738305	2021-09-14 12:52:50.916151	14.177846	Afternoon
Keyboard	2021-09-14 12:52:29.359224	2021-09-14 12:52:58.479180	29.119956	Afternoon
Mouse	2021-09-14 12:52:54.520213	2021-09-14 12:53:42.490779	47.970566	Afternoon
Mouse	2021-09-14 12:53:44.817617	2021-09-14 12:54:01.660082	16.842465	Afternoon
Mouse	2021-09-14 12:54:16.487966	2021-09-14 12:54:25.447123	8.959157	Afternoon
Mouse	2021-09-14 12:54:32.458324	2021-09-14 12:54:39.117749	6.659425	Afternoon
Keyboard	2021-09-14 12:53:00.991211	2021-09-14 12:54:48.848260	107.857049	Afternoon
Mouse	2021-09-14 12:54:52.191434	2021-09-14 12:55:06.570461	14.379027	Afternoon
Keyboard	2021-09-14 12:55:05.670120	2021-09-14 12:55:21.160450	15.49033	Afternoon
Mouse	2021-09-14 12:55:24.300297	2021-09-14 12:55:33.570116	9.269819	Afternoon
Mouse	2021-09-14 12:55:38.129113	2021-09-14 12:55:47.041491	8.912378	Afternoon
Keyboard	2021-09-14 12:55:21.242438	2021-09-14 12:55:50.439314	29.196876	Afternoon
Keyboard	2021-09-14 12:55:56.430155	2021-09-14 12:56:10.371695	13.94154	Afternoon
Mouse	2021-09-14 12:55:59.645158	2021-09-14 12:56:12.900328	13.25517	Afternoon
Keyboard	2021-09-14 12:56:12.710373	2021-09-14 12:56:37.397809	24.687436	Afternoon
Mouse	2021-09-14 12:56:35.207457	2021-09-14 12:56:41.612254	6.404797	Afternoon
Mouse	2021-09-14 12:56:43.269528	2021-09-14 12:56:56.815847	13.546319	Afternoon
Mouse	2021-09-14 12:57:45.223431	2021-09-14 12:57:53.054398	7.830967	Afternoon
Keyboard	2021-09-14 12:57:06.792197	2021-09-14 12:58:02.038679	55.246482	Afternoon
Mouse	2021-09-14 12:57:55.161436	2021-09-14 12:58:02.998334	7.836898	Afternoon
Mouse	2021-09-14 12:58:07.098205	2021-09-14 12:58:17.622776	10.524571	Afternoon
Mouse	2021-09-14 12:58:24.331781	2021-09-14 12:58:46.180678	21.848897	Afternoon
Keyboard	2021-09-14 12:58:28.423558	2021-09-14 12:58:47.626035	19.202477	Afternoon
Mouse	2021-09-14 12:58:53.457820	2021-09-14 12:59:13.885596	20.427776	Afternoon
Keyboard	2021-09-14 12:58:48.182139	2021-09-14 12:59:19.504763	31.322624	Afternoon
Keyboard	2021-09-14 12:59:36.374601	2021-09-14 13:00:14.280628	37.906027	Afternoon
Mouse	2021-09-14 13:00:19.535016	2021-09-14 13:00:32.285698	12.750682	Afternoon
Keyboard	2021-09-14 13:00:17.792225	2021-09-14 13:00:38.835935	21.04371	Afternoon
Mouse	2021-09-14 13:00:35.456677	2021-09-14 13:00:45.730637	10.27396	Afternoon
Keyboard	2021-09-14 13:00:45.074654	2021-09-14 13:00:56.733264	11.65861	Afternoon
Keyboard	2021-09-14 13:00:56.832869	2021-09-14 13:01:13.815197	16.982328	Afternoon
Mouse	2021-09-14 13:01:11.833326	2021-09-14 13:01:19.632268	7.798942	Afternoon
Keyboard	2021-09-14 13:01:23.090094	2021-09-14 13:01:38.319713	15.229619	Afternoon
Mouse	2021-09-14 13:01:21.159743	2021-09-14 13:01:44.392626	23.232883	Afternoon
Keyboard	2021-09-14 13:01:42.720061	2021-09-14 13:01:55.559025	12.838964	Afternoon
Keyboard	2021-09-14 13:02:04.025785	2021-09-14 13:02:16.360556	12.334771	Afternoon
Keyboard	2021-09-14 13:02:31.298366	2021-09-14 13:02:58.133101	26.834735	Afternoon
Mouse	2021-09-14 13:01:55.114190	2021-09-14 13:03:41.884739	106.770549	Afternoon
Keyboard	2021-09-14 13:03:02.256031	2021-09-14 13:04:04.545737	62.289706	Afternoon
Keyboard	2021-09-14 13:04:05.360032	2021-09-14 13:04:18.027564	12.667532	Afternoon
Mouse	2021-09-14 13:04:00.989718	2021-09-14 13:05:07.932109	66.942391	Afternoon
Keyboard	2021-09-14 13:04:31.403731	2021-09-14 13:05:12.923098	41.519367	Afternoon
Keyboard	2021-09-14 13:05:16.564111	2021-09-14 13:05:23.860078	7.295967	Afternoon
Mouse	2021-09-14 13:05:23.394915	2021-09-14 13:05:36.545223	13.150308	Afternoon
Keyboard	2021-09-14 13:05:32.081276	2021-09-14 13:05:44.002339	11.921063	Afternoon
Mouse	2021-09-14 13:05:47.051479	2021-09-14 13:06:00.829989	13.77851	Afternoon
Keyboard	2021-09-14 13:05:59.794899	2021-09-14 13:06:16.863794	17.068895	Afternoon
Mouse	2021-09-14 13:06:10.051968	2021-09-14 13:06:26.622139	16.570171	Afternoon
Keyboard	2021-09-14 13:06:17.009294	2021-09-14 13:07:00.540486	43.531192	Afternoon
Mouse	2021-09-14 13:07:01.661248	2021-09-14 13:07:13.039914	11.378666	Afternoon
Keyboard	2021-09-14 13:07:00.687940	2021-09-14 13:07:21.017742	20.329802	Afternoon
Mouse	2021-09-14 13:07:17.973262	2021-09-14 13:07:24.887599	6.914337	Afternoon
Keyboard	2021-09-14 13:07:21.825160	2021-09-14 13:07:29.775604	7.950444	Afternoon
Mouse	2021-09-14 13:07:25.286129	2021-09-14 13:07:34.374252	9.088123	Afternoon
Mouse	2021-09-14 13:07:34.411405	2021-09-14 13:07:43.988147	9.576742	Afternoon
Mouse	2021-09-14 13:07:50.738962	2021-09-14 13:07:58.540371	7.801409	Afternoon
Mouse	2021-09-14 13:08:05.238915	2021-09-14 13:08:13.570308	8.331393	Afternoon
Mouse	2021-09-14 13:08:16.769261	2021-09-14 13:08:23.531452	6.762191	Afternoon
Mouse	2021-09-14 13:09:51.519857	2021-09-14 13:09:56.543227	5.02337	Afternoon
Keyboard	2021-09-14 13:07:53.144315	2021-09-14 13:10:00.757669	127.613354	Afternoon
Mouse	2021-09-14 13:09:59.005128	2021-09-14 13:10:11.633537	12.628409	Afternoon
Mouse	2021-09-14 13:10:59.597502	2021-09-14 13:11:04.768928	5.171426	Afternoon
Mouse	2021-09-14 13:11:13.129920	2021-09-14 13:11:18.274551	5.144631	Afternoon
Keyboard	2021-09-14 13:10:10.059100	2021-09-14 13:11:52.937451	102.878351	Afternoon
Keyboard	2021-09-14 13:12:01.797647	2021-09-14 13:12:06.945671	5.148024	Afternoon
Mouse	2021-09-14 13:11:50.005142	2021-09-14 13:12:21.073186	31.068044	Afternoon
Keyboard	2021-09-14 13:12:15.448468	2021-09-14 13:12:25.970684	10.522216	Afternoon
Mouse	2021-09-14 13:12:24.800403	2021-09-14 13:12:44.269971	19.469568	Afternoon
Keyboard	2021-09-14 13:12:43.601071	2021-09-14 13:13:34.706649	51.105578	Afternoon
Mouse	2021-09-14 13:13:34.145128	2021-09-14 13:13:40.048359	5.903231	Afternoon
Mouse	2021-09-14 13:13:49.315984	2021-09-14 13:13:56.390091	7.074107	Afternoon
Mouse	2021-09-14 13:14:04.519185	2021-09-14 13:14:13.046117	8.526932	Afternoon
Mouse	2021-09-14 13:14:22.973185	2021-09-14 13:14:29.857498	6.884313	Afternoon
Mouse	2021-09-14 13:14:29.910860	2021-09-14 13:14:39.813900	9.90304	Afternoon
Keyboard	2021-09-14 13:13:47.674668	2021-09-14 13:14:42.009967	54.335299	Afternoon
Keyboard	2021-09-14 13:14:44.105080	2021-09-14 13:14:56.127445	12.022365	Afternoon
Mouse	2021-09-14 13:15:01.004712	2021-09-14 13:15:09.168334	8.163622	Afternoon
Keyboard	2021-09-14 13:14:57.506031	2021-09-14 13:15:15.641803	18.135772	Afternoon
Mouse	2021-09-14 13:15:14.144507	2021-09-14 13:15:28.282880	14.138373	Afternoon
Keyboard	2021-09-14 13:15:27.240300	2021-09-14 13:15:58.803990	31.56369	Afternoon
Keyboard	2021-09-14 13:16:00.339695	2021-09-14 13:16:48.705299	48.365604	Afternoon
Mouse	2021-09-14 13:16:47.975722	2021-09-14 13:16:56.249455	8.273733	Afternoon
Keyboard	2021-09-14 13:16:55.709454	2021-09-14 13:17:07.582404	11.87295	Afternoon
Keyboard	2021-09-14 13:17:09.033420	2021-09-14 13:17:20.281150	11.24773	Afternoon
Mouse	2021-09-14 13:17:52.426792	2021-09-14 13:18:01.105861	8.679069	Afternoon
Keyboard	2021-09-14 13:17:22.588856	2021-09-14 13:18:31.362001	68.773145	Afternoon
Keyboard	2021-09-14 13:18:31.866624	2021-09-14 13:19:14.643474	42.77685	Afternoon
Mouse	2021-09-14 13:19:44.722971	2021-09-14 13:19:52.211215	7.488244	Afternoon
Keyboard	2021-09-14 13:19:18.071259	2021-09-14 13:19:54.097973	36.026714	Afternoon
Keyboard	2021-09-14 13:19:54.898706	2021-09-14 13:20:00.820286	5.92158	Afternoon
Keyboard	2021-09-14 13:20:02.982992	2021-09-14 13:20:25.460981	22.477989	Afternoon
Keyboard	2021-09-14 13:20:26.337750	2021-09-14 13:21:16.394642	50.056892	Afternoon
Mouse	2021-09-14 13:21:25.675743	2021-09-14 13:21:37.908009	12.232266	Afternoon
Keyboard	2021-09-14 13:21:18.331173	2021-09-14 13:21:44.655934	26.324761	Afternoon
Keyboard	2021-09-14 13:21:44.780926	2021-09-14 13:21:52.611669	7.830743	Afternoon
Mouse	2021-09-14 13:21:51.738680	2021-09-14 13:22:08.674663	16.935983	Afternoon
Keyboard	2021-09-14 13:21:57.422915	2021-09-14 13:22:11.899811	14.476896	Afternoon
Mouse	2021-09-14 13:22:11.132191	2021-09-14 13:22:18.080196	6.948005	Afternoon
Keyboard	2021-09-14 13:22:19.750147	2021-09-14 13:22:35.723481	15.973334	Afternoon
Mouse	2021-09-14 13:22:34.847978	2021-09-14 13:22:40.694908	5.84693	Afternoon
Keyboard	2021-09-14 13:22:39.125492	2021-09-14 13:23:00.265255	21.139763	Afternoon
Mouse	2021-09-14 13:22:57.066411	2021-09-14 13:23:06.508756	9.442345	Afternoon
Mouse	2021-09-14 13:23:16.474119	2021-09-14 13:23:22.971326	6.497207	Afternoon
Mouse	2021-09-14 13:23:23.786279	2021-09-14 13:23:28.788926	5.002647	Afternoon
Keyboard	2021-09-14 13:23:05.738082	2021-09-14 13:23:51.113563	45.375481	Afternoon
Mouse	2021-09-14 13:23:52.832853	2021-09-14 13:24:00.162852	7.329999	Afternoon
Keyboard	2021-09-14 13:23:57.929824	2021-09-14 13:24:07.168356	9.238532	Afternoon
Keyboard	2021-09-14 13:24:19.530087	2021-09-14 13:24:27.241779	7.711692	Afternoon
Mouse	2021-09-14 13:24:23.223165	2021-09-14 13:24:45.902522	22.679357	Afternoon
Keyboard	2021-09-14 13:24:37.835317	2021-09-14 13:24:50.720579	12.885262	Afternoon
Keyboard	2021-09-14 13:24:51.412497	2021-09-14 13:25:00.826126	9.413629	Afternoon
Keyboard	2021-09-14 13:25:02.160639	2021-09-14 13:25:12.299750	10.139111	Afternoon
Keyboard	2021-09-14 13:25:13.150565	2021-09-14 13:25:21.882081	8.731516	Afternoon
Mouse	2021-09-14 13:25:25.316507	2021-09-14 13:25:34.781683	9.465176	Afternoon
Keyboard	2021-09-14 13:25:23.848719	2021-09-14 13:25:58.613196	34.764477	Afternoon
Keyboard	2021-09-14 13:25:59.487797	2021-09-14 13:26:08.375777	8.88798	Afternoon
Mouse	2021-09-14 13:26:03.395116	2021-09-14 13:26:21.810027	18.414911	Afternoon
Mouse	2021-09-14 13:26:22.504359	2021-09-14 13:26:30.106279	7.60192	Afternoon
Mouse	2021-09-14 13:26:51.647119	2021-09-14 13:27:08.746122	17.099003	Afternoon
Keyboard	2021-09-14 13:26:20.234338	2021-09-14 13:27:23.449271	63.214933	Afternoon
Keyboard	2021-09-14 13:27:28.470008	2021-09-14 13:27:38.703784	10.233776	Afternoon
Mouse	2021-09-14 13:27:37.691575	2021-09-14 13:27:44.055060	6.363485	Afternoon
Keyboard	2021-09-14 13:27:47.606419	2021-09-14 13:27:59.729461	12.123042	Afternoon
Keyboard	2021-09-14 13:27:59.925786	2021-09-14 13:28:06.553385	6.627599	Afternoon
Mouse	2021-09-14 13:28:05.019686	2021-09-14 13:28:14.646998	9.627312	Afternoon
Mouse	2021-09-14 13:28:41.692728	2021-09-14 13:28:48.187512	6.494784	Afternoon
Mouse	2021-09-14 13:28:48.269533	2021-09-14 13:28:54.387709	6.118176	Afternoon
Mouse	2021-09-14 13:29:01.769333	2021-09-14 13:29:39.321921	37.552588	Afternoon
Mouse	2021-09-14 13:30:30.535161	2021-09-14 13:30:36.043202	5.508041	Afternoon
Mouse	2021-09-14 13:31:47.442628	2021-09-14 13:31:55.302259	7.859631	Afternoon
Mouse	2021-09-14 13:32:23.692576	2021-09-14 13:32:30.530470	6.837894	Afternoon
Mouse	2021-09-14 13:33:44.864312	2021-09-14 13:33:59.365897	14.501585	Afternoon
Mouse	2021-09-14 13:33:59.379569	2021-09-14 13:34:08.697332	9.317763	Afternoon
Mouse	2021-09-14 13:34:20.504677	2021-09-14 13:34:25.506774	5.002097	Afternoon
Mouse	2021-09-14 13:34:29.130353	2021-09-14 13:34:42.102288	12.971935	Afternoon
Mouse	2021-09-14 13:35:14.317008	2021-09-14 13:35:38.249969	23.932961	Afternoon
Keyboard	2021-09-14 13:28:07.691096	2021-09-14 13:36:00.968125	473.277029	Afternoon
Keyboard	2021-09-14 13:36:01.070660	2021-09-14 13:36:24.704355	23.633695	Afternoon
Keyboard	2021-09-14 13:36:24.816184	2021-09-14 13:36:57.210011	32.393827	Afternoon
Keyboard	2021-09-14 13:36:57.343323	2021-09-14 13:37:06.406239	9.062916	Afternoon
Mouse	2021-09-14 13:37:04.535012	2021-09-14 13:37:10.220743	5.685731	Afternoon
Mouse	2021-09-14 13:38:39.223554	2021-09-14 13:38:47.332411	8.108857	Afternoon
Mouse	2021-09-14 13:38:47.738637	2021-09-14 13:38:52.944359	5.205722	Afternoon
Mouse	2021-09-14 13:39:14.581642	2021-09-14 13:39:34.262023	19.680381	Afternoon
Mouse	2021-09-14 13:40:06.098856	2021-09-14 13:40:14.826828	8.727972	Afternoon
Keyboard	2021-09-14 13:37:09.327666	2021-09-14 13:40:30.657875	201.330209	Afternoon
Keyboard	2021-09-14 13:40:30.760409	2021-09-14 13:40:55.046937	24.286528	Afternoon
Keyboard	2021-09-14 13:40:55.711890	2021-09-14 13:41:10.308647	14.596757	Afternoon
Keyboard	2021-09-14 13:41:10.434580	2021-09-14 13:41:22.424049	11.989469	Afternoon
Keyboard	2021-09-14 13:41:27.670832	2021-09-14 13:41:40.802755	13.131923	Afternoon
Keyboard	2021-09-14 13:41:43.329002	2021-09-14 13:41:54.174010	10.845008	Afternoon
Keyboard	2021-09-14 13:41:59.970472	2021-09-14 13:42:07.080405	7.109933	Afternoon
Mouse	2021-09-14 13:42:04.099114	2021-09-14 13:42:12.000023	7.900909	Afternoon
Keyboard	2021-09-14 13:42:10.671007	2021-09-14 13:42:22.561798	11.890791	Afternoon
Keyboard	2021-09-14 13:42:37.881132	2021-09-14 13:42:47.882487	10.001355	Afternoon
Mouse	2021-09-14 13:42:46.067131	2021-09-14 13:42:51.566824	5.499693	Afternoon
Keyboard	2021-09-14 13:42:50.430178	2021-09-14 13:42:57.287116	6.856938	Afternoon
Keyboard	2021-09-14 13:42:58.334901	2021-09-14 13:43:12.364322	14.029421	Afternoon
Mouse	2021-09-14 13:43:26.800851	2021-09-14 13:43:34.096284	7.295433	Afternoon
Keyboard	2021-09-14 13:43:40.225789	2021-09-14 13:43:57.791105	17.565316	Afternoon
Mouse	2021-09-14 13:44:13.723630	2021-09-14 13:44:42.430015	28.706385	Afternoon
Keyboard	2021-09-14 13:43:57.873081	2021-09-14 13:44:47.677727	49.804646	Afternoon
Mouse	2021-09-14 13:45:00.739391	2021-09-14 13:45:09.571840	8.832449	Afternoon
Mouse	2021-09-14 13:45:19.191381	2021-09-14 13:45:42.408598	23.217217	Afternoon
Mouse	2021-09-14 13:45:42.973014	2021-09-14 13:45:51.019398	8.046384	Afternoon
Mouse	2021-09-14 13:46:43.052178	2021-09-14 13:47:41.840407	58.788229	Afternoon
Keyboard	2021-09-14 13:44:55.477031	2021-09-14 13:48:04.751048	189.274017	Afternoon
Keyboard	2021-09-14 13:48:06.857392	2021-09-14 13:48:13.647941	6.790549	Afternoon
Keyboard	2021-09-14 13:48:13.771961	2021-09-14 13:48:22.693262	8.921301	Afternoon
Mouse	2021-09-14 13:48:23.769365	2021-09-14 13:48:29.699651	5.930286	Afternoon
Mouse	2021-09-14 13:48:31.816701	2021-09-14 13:48:53.882670	22.065969	Afternoon
Mouse	2021-09-14 13:48:56.567071	2021-09-14 13:50:59.773050	123.205979	Afternoon
Mouse	2021-09-14 13:51:03.880210	2021-09-14 13:51:49.296249	45.416039	Afternoon
Mouse	2021-09-14 13:52:02.474119	2021-09-14 13:52:49.372480	46.898361	Afternoon
Keyboard	2021-09-14 13:48:27.628491	2021-09-14 13:53:38.586168	310.957677	Afternoon
Mouse	2021-09-14 13:53:35.176190	2021-09-14 13:53:59.291833	24.115643	Afternoon
Mouse	2021-09-14 13:55:44.878433	2021-09-14 13:55:50.258936	5.380503	Afternoon
Mouse	2021-09-14 13:56:07.816443	2021-09-14 13:56:29.694889	21.878446	Afternoon
Mouse	2021-09-14 13:56:41.114077	2021-09-14 13:56:51.612431	10.498354	Afternoon
Mouse	2021-09-14 13:58:05.130186	2021-09-14 13:58:11.952069	6.821883	Afternoon
Mouse	2021-09-14 13:58:32.646015	2021-09-14 13:58:45.336595	12.69058	Afternoon
Mouse	2021-09-14 13:58:45.349293	2021-09-14 13:58:50.701521	5.352228	Afternoon
Mouse	2021-09-14 13:58:51.348907	2021-09-14 13:59:10.452966	19.104059	Afternoon
Mouse	2021-09-14 13:59:39.191361	2021-09-14 13:59:44.343409	5.152048	Afternoon
Mouse	2021-09-14 13:59:48.223011	2021-09-14 14:00:14.994781	26.77177	Afternoon
Mouse	2021-09-14 14:00:56.098551	2021-09-14 14:01:21.051053	24.952502	Afternoon
Mouse	2021-09-14 14:01:55.347692	2021-09-14 14:02:03.975064	8.627372	Afternoon
Mouse	2021-09-14 14:02:09.801839	2021-09-14 14:02:16.855098	7.053259	Afternoon
Mouse	2021-09-14 14:02:17.004549	2021-09-14 14:02:28.487195	11.482646	Afternoon
Mouse	2021-09-14 14:02:29.801551	2021-09-14 14:02:45.120866	15.319315	Afternoon
Mouse	2021-09-14 14:03:06.551136	2021-09-14 14:03:15.153127	8.601991	Afternoon
Mouse	2021-09-14 14:03:51.442795	2021-09-14 14:04:59.810703	68.367908	Afternoon
Mouse	2021-09-14 14:05:04.550636	2021-09-14 14:05:22.611980	18.061344	Afternoon
Mouse	2021-09-14 14:05:23.706636	2021-09-14 14:05:29.258055	5.551419	Afternoon
Mouse	2021-09-14 14:05:30.411335	2021-09-14 14:05:39.938020	9.526685	Afternoon
Mouse	2021-09-14 14:06:28.237816	2021-09-14 14:07:08.535334	40.297518	Afternoon
Mouse	2021-09-14 14:07:09.160297	2021-09-14 14:11:28.246791	259.086494	Afternoon
Mouse	2021-09-14 14:11:37.708093	2021-09-14 14:11:48.491585	10.783492	Afternoon
Mouse	2021-09-14 14:11:49.129236	2021-09-14 14:11:59.749650	10.620414	Afternoon
Mouse	2021-09-14 14:13:37.988483	2021-09-14 14:13:44.701932	6.713449	Afternoon
Keyboard	2021-09-14 13:53:58.735228	2021-09-14 14:14:14.136557	1215.401329	Afternoon
Mouse	2021-09-14 14:14:51.566582	2021-09-14 14:14:57.580006	6.013424	Afternoon
Mouse	2021-09-14 14:15:15.551937	2021-09-14 14:16:01.766631	46.214694	Afternoon
Mouse	2021-09-14 14:16:20.582512	2021-09-14 14:16:30.944795	10.362283	Afternoon
Keyboard	2021-09-14 14:14:15.029083	2021-09-14 14:20:16.050918	361.021835	Afternoon
Mouse	2021-09-14 14:17:21.628928	2021-09-14 14:20:25.209229	183.580301	Afternoon
Mouse	2021-09-14 14:20:32.690972	2021-09-14 14:26:06.511944	333.820972	Afternoon
Mouse	2021-09-14 14:27:50.692546	2021-09-14 14:41:04.294410	793.601864	Afternoon
Mouse	2021-09-14 14:42:26.581690	2021-09-14 14:42:31.711441	5.129751	Afternoon
Keyboard	2021-09-14 14:20:17.730773	2021-09-14 14:43:17.422095	1379.691322	Afternoon
Mouse	2021-09-14 14:43:14.425668	2021-09-14 14:43:19.667810	5.242142	Afternoon
Keyboard	2021-09-14 14:43:20.656216	2021-09-14 14:45:18.535225	117.879009	Afternoon
Mouse	2021-09-14 14:45:30.566873	2021-09-14 14:45:39.085665	8.518792	Afternoon
Keyboard	2021-09-14 14:45:18.629895	2021-09-14 14:45:45.399669	26.769774	Afternoon
Mouse	2021-09-14 14:45:44.550580	2021-09-14 14:45:54.936281	10.385701	Afternoon
Keyboard	2021-09-14 14:45:49.697195	2021-09-14 14:46:33.625772	43.928577	Afternoon
Mouse	2021-09-14 14:46:31.285968	2021-09-14 14:46:43.008046	11.722078	Afternoon
Keyboard	2021-09-14 14:46:56.897618	2021-09-14 14:47:04.936867	8.039249	Afternoon
Mouse	2021-09-14 14:46:50.317106	2021-09-14 14:47:09.202638	18.885532	Afternoon
Keyboard	2021-09-14 14:47:08.681531	2021-09-14 14:47:16.938427	8.256896	Afternoon
Mouse	2021-09-14 14:47:21.300349	2021-09-14 14:47:36.183468	14.883119	Afternoon
Mouse	2021-09-14 14:47:42.473589	2021-09-14 14:47:49.797332	7.323743	Afternoon
Keyboard	2021-09-14 14:47:53.557794	2021-09-14 14:48:00.440333	6.882539	Afternoon
Mouse	2021-09-14 14:47:59.378702	2021-09-14 14:48:17.775371	18.396669	Afternoon
Keyboard	2021-09-14 14:48:25.790936	2021-09-14 14:48:36.184768	10.393832	Afternoon
Mouse	2021-09-14 14:48:33.440949	2021-09-14 14:48:55.490931	22.049982	Afternoon
Mouse	2021-09-14 14:48:58.082631	2021-09-14 14:49:07.845194	9.762563	Afternoon
Keyboard	2021-09-14 14:49:05.664925	2021-09-14 14:49:14.568517	8.903592	Afternoon
Mouse	2021-09-14 14:49:12.364282	2021-09-14 14:49:19.570775	7.206493	Afternoon
Keyboard	2021-09-14 14:49:18.841655	2021-09-14 14:49:49.289742	30.448087	Afternoon
Mouse	2021-09-14 14:50:24.566674	2021-09-14 14:50:40.023342	15.456668	Afternoon
Keyboard	2021-09-14 14:49:54.359496	2021-09-14 14:51:08.048699	73.689203	Afternoon
Mouse	2021-09-14 14:50:45.253656	2021-09-14 14:51:23.988958	38.735302	Afternoon
Mouse	2021-09-14 14:52:20.770685	2021-09-14 14:52:39.297221	18.526536	Afternoon
Mouse	2021-09-14 14:52:48.848246	2021-09-14 14:52:54.510477	5.662231	Afternoon
Keyboard	2021-09-14 14:51:23.049147	2021-09-14 14:52:58.345413	95.296266	Afternoon
Mouse	2021-09-14 14:52:57.972357	2021-09-14 14:53:03.672778	5.700421	Afternoon
Keyboard	2021-09-14 14:53:15.080586	2021-09-14 14:53:21.257111	6.176525	Afternoon
Keyboard	2021-09-14 14:53:21.382103	2021-09-14 14:53:30.537313	9.15521	Afternoon
Mouse	2021-09-14 14:53:48.613432	2021-09-14 14:54:30.196942	41.58351	Afternoon
Keyboard	2021-09-14 14:53:33.295347	2021-09-14 14:55:07.398500	94.103153	Afternoon
Mouse	2021-09-14 14:55:35.630050	2021-09-14 14:56:49.512990	73.88294	Afternoon
Mouse	2021-09-14 14:57:12.895154	2021-09-14 14:57:19.088296	6.193142	Afternoon
Mouse	2021-09-14 14:57:49.956834	2021-09-14 14:57:57.839984	7.88315	Afternoon
Keyboard	2021-09-14 14:55:18.578307	2021-09-14 14:58:05.217029	166.638722	Afternoon
Mouse	2021-09-14 14:58:20.833030	2021-09-14 14:58:25.923889	5.090859	Afternoon
Keyboard	2021-09-14 14:58:13.982073	2021-09-14 14:58:39.467299	25.485226	Afternoon
Keyboard	2021-09-14 14:58:39.546907	2021-09-14 14:59:04.246552	24.699645	Afternoon
Keyboard	2021-09-14 14:59:06.741067	2021-09-14 14:59:21.766531	15.025464	Afternoon
Mouse	2021-09-14 14:59:25.286469	2021-09-14 14:59:37.243952	11.957483	Afternoon
Keyboard	2021-09-14 14:59:36.089445	2021-09-14 14:59:57.176191	21.086746	Afternoon
Keyboard	2021-09-14 14:59:57.953539	2021-09-14 15:00:06.491456	8.537917	Afternoon
Mouse	2021-09-14 15:00:05.425899	2021-09-14 15:00:12.576108	7.150209	Afternoon
Keyboard	2021-09-14 15:00:10.647217	2021-09-14 15:00:18.920903	8.273686	Afternoon
Keyboard	2021-09-14 15:00:28.679777	2021-09-14 15:00:53.974860	25.295083	Afternoon
Mouse	2021-09-14 15:00:57.144442	2021-09-14 15:01:13.383621	16.239179	Afternoon
Keyboard	2021-09-14 15:01:12.416241	2021-09-14 15:02:00.869913	48.453672	Afternoon
Mouse	2021-09-14 15:02:24.254352	2021-09-14 15:02:36.057059	11.802707	Afternoon
Keyboard	2021-09-14 15:02:08.135917	2021-09-14 15:02:41.698999	33.563082	Afternoon
Keyboard	2021-09-14 15:02:42.594399	2021-09-14 15:02:54.962607	12.368208	Afternoon
Mouse	2021-09-14 15:02:57.379638	2021-09-14 15:03:05.921401	8.541763	Afternoon
Keyboard	2021-09-14 15:02:55.048538	2021-09-14 15:03:26.784880	31.736342	Afternoon
Keyboard	2021-09-14 15:03:28.095672	2021-09-14 15:03:35.584151	7.488479	Afternoon
Keyboard	2021-09-14 15:03:38.529364	2021-09-14 15:03:48.702365	10.173001	Afternoon
Keyboard	2021-09-14 15:03:51.368948	2021-09-14 15:04:20.373902	29.004954	Afternoon
Mouse	2021-09-14 15:04:19.144451	2021-09-14 15:04:25.222717	6.078266	Afternoon
Keyboard	2021-09-14 15:04:24.942461	2021-09-14 15:04:34.055224	9.112763	Afternoon
Mouse	2021-09-14 15:04:31.848576	2021-09-14 15:04:37.260424	5.411848	Afternoon
Keyboard	2021-09-14 15:04:35.832773	2021-09-14 15:04:41.223771	5.390998	Afternoon
Mouse	2021-09-14 15:04:45.098221	2021-09-14 15:04:51.677185	6.578964	Afternoon
Keyboard	2021-09-14 15:04:42.338561	2021-09-14 15:04:57.712211	15.37365	Afternoon
Mouse	2021-09-14 15:05:12.456616	2021-09-14 15:05:17.856215	5.399599	Afternoon
Mouse	2021-09-14 15:05:24.613957	2021-09-14 15:05:30.129797	5.51584	Afternoon
Keyboard	2021-09-14 15:04:58.435381	2021-09-14 15:05:55.534172	57.098791	Afternoon
Keyboard	2021-09-14 15:05:57.669750	2021-09-14 15:06:53.742528	56.072778	Afternoon
Keyboard	2021-09-14 15:06:58.889415	2021-09-14 15:07:34.448808	35.559393	Afternoon
Keyboard	2021-09-14 15:07:42.042661	2021-09-14 15:08:28.317105	46.274444	Afternoon
Keyboard	2021-09-14 15:08:41.240317	2021-09-14 15:08:56.243785	15.003468	Afternoon
Mouse	2021-09-14 15:09:16.863243	2021-09-14 15:09:22.111614	5.248371	Afternoon
Keyboard	2021-09-14 15:08:57.494072	2021-09-14 15:09:45.534365	48.040293	Afternoon
Mouse	2021-09-14 15:09:50.130136	2021-09-14 15:09:57.164584	7.034448	Afternoon
Mouse	2021-09-14 15:11:11.004183	2021-09-14 15:11:17.019505	6.015322	Afternoon
Keyboard	2021-09-14 15:09:46.694449	2021-09-14 15:11:24.942644	98.248195	Afternoon
Keyboard	2021-09-14 15:11:26.152661	2021-09-14 15:11:35.478828	9.326167	Afternoon
Mouse	2021-09-14 15:11:26.895226	2021-09-14 15:11:36.153550	9.258324	Afternoon
Mouse	2021-09-14 15:12:21.816470	2021-09-14 15:12:31.550609	9.734139	Afternoon
Mouse	2021-09-14 15:12:31.566269	2021-09-14 15:12:40.017258	8.450989	Afternoon
Keyboard	2021-09-14 15:11:35.828379	2021-09-14 15:12:46.642830	70.814451	Afternoon
Keyboard	2021-09-14 15:12:46.935888	2021-09-14 15:13:09.318284	22.382396	Afternoon
Mouse	2021-09-14 15:13:23.379087	2021-09-14 15:13:32.120219	8.741132	Afternoon
Keyboard	2021-09-14 15:13:10.169087	2021-09-14 15:14:09.862606	59.693519	Afternoon
Keyboard	2021-09-14 15:14:11.258473	2021-09-14 15:14:26.936960	15.678487	Afternoon
Mouse	2021-09-14 15:14:24.911338	2021-09-14 15:14:34.513633	9.602295	Afternoon
Keyboard	2021-09-14 15:14:38.160012	2021-09-14 15:14:47.021911	8.861899	Afternoon
Keyboard	2021-09-14 15:15:01.762776	2021-09-14 15:15:21.614629	19.851853	Afternoon
Mouse	2021-09-14 15:15:33.363706	2021-09-14 15:15:39.863149	6.499443	Afternoon
Keyboard	2021-09-14 15:15:25.767761	2021-09-14 15:15:54.942088	29.174327	Afternoon
Keyboard	2021-09-14 15:15:55.317063	2021-09-14 15:16:07.053632	11.736569	Afternoon
Keyboard	2021-09-14 15:16:07.208895	2021-09-14 15:16:13.231656	6.022761	Afternoon
Mouse	2021-09-14 15:16:05.848478	2021-09-14 15:16:14.345408	8.49693	Afternoon
Mouse	2021-09-14 15:16:16.051450	2021-09-14 15:16:21.121544	5.070094	Afternoon
Mouse	2021-09-14 15:16:28.457624	2021-09-14 15:16:33.946132	5.488508	Afternoon
Keyboard	2021-09-14 15:16:35.151694	2021-09-14 15:16:54.022938	18.871244	Afternoon
Mouse	2021-09-14 15:17:12.629820	2021-09-14 15:17:23.746294	11.116474	Afternoon
Mouse	2021-09-14 15:17:24.113460	2021-09-14 15:17:35.422351	11.308891	Afternoon
Mouse	2021-09-14 15:17:35.895909	2021-09-14 15:17:50.093278	14.197369	Afternoon
Mouse	2021-09-14 15:18:18.660749	2021-09-14 15:18:30.659039	11.99829	Afternoon
Mouse	2021-09-14 15:18:46.347455	2021-09-14 15:19:05.336473	18.989018	Afternoon
Keyboard	2021-09-14 15:16:54.527083	2021-09-14 15:20:40.875278	226.348195	Afternoon
Keyboard	2021-09-14 15:20:43.825328	2021-09-14 15:21:25.767951	41.942623	Afternoon
Mouse	2021-09-14 15:21:53.207565	2021-09-14 15:22:10.307055	17.09949	Afternoon
Mouse	2021-09-14 15:22:12.441685	2021-09-14 15:22:19.101415	6.65973	Afternoon
Mouse	2021-09-14 15:22:32.020509	2021-09-14 15:22:46.008872	13.988363	Afternoon
Keyboard	2021-09-14 15:21:28.466962	2021-09-14 15:22:54.743664	86.276702	Afternoon
Mouse	2021-09-14 15:22:49.801598	2021-09-14 15:22:56.009210	6.207612	Afternoon
Keyboard	2021-09-14 15:22:54.873588	2021-09-14 15:23:45.444521	50.570933	Afternoon
Keyboard	2021-09-14 15:23:46.008939	2021-09-14 15:24:06.413884	20.404945	Afternoon
Mouse	2021-09-14 15:24:05.878789	2021-09-14 15:24:13.285514	7.406725	Afternoon
Keyboard	2021-09-14 15:24:12.017087	2021-09-14 15:24:32.140799	20.123712	Afternoon
Mouse	2021-09-14 15:24:31.332207	2021-09-14 15:24:45.977806	14.645599	Afternoon
Mouse	2021-09-14 15:24:49.801758	2021-09-14 15:24:57.580529	7.778771	Afternoon
Mouse	2021-09-14 15:25:03.958050	2021-09-14 15:25:26.390242	22.432192	Afternoon
Keyboard	2021-09-14 15:24:44.805984	2021-09-14 15:25:34.792060	49.986076	Afternoon
Keyboard	2021-09-14 15:25:40.839478	2021-09-14 15:25:48.393683	7.554205	Afternoon
Mouse	2021-09-14 15:25:48.207216	2021-09-14 15:25:55.924509	7.717293	Afternoon
Keyboard	2021-09-14 15:25:55.153016	2021-09-14 15:26:10.952830	15.799814	Afternoon
Keyboard	2021-09-14 15:26:16.889904	2021-09-14 15:26:22.646374	5.75647	Afternoon
Keyboard	2021-09-14 15:26:25.438188	2021-09-14 15:26:35.003982	9.565794	Afternoon
Mouse	2021-09-14 15:26:27.784717	2021-09-14 15:26:52.916897	25.13218	Afternoon
Keyboard	2021-09-14 15:26:49.816557	2021-09-14 15:26:56.861992	7.045435	Afternoon
Mouse	2021-09-14 15:26:55.754605	2021-09-14 15:27:07.089818	11.335213	Afternoon
Keyboard	2021-09-14 15:27:12.862934	2021-09-14 15:27:20.663185	7.800251	Afternoon
Mouse	2021-09-14 15:27:20.473728	2021-09-14 15:27:37.408236	16.934508	Afternoon
Keyboard	2021-09-14 15:27:36.678749	2021-09-14 15:27:41.972350	5.293601	Afternoon
Mouse	2021-09-14 15:27:41.285872	2021-09-14 15:27:47.512072	6.2262	Afternoon
Keyboard	2021-09-14 15:27:47.079493	2021-09-14 15:27:53.316414	6.236921	Afternoon
Mouse	2021-09-14 15:27:51.192464	2021-09-14 15:27:58.569922	7.377458	Afternoon
Mouse	2021-09-14 15:28:07.722654	2021-09-14 15:28:16.914451	9.191797	Afternoon
Mouse	2021-09-14 15:28:19.644744	2021-09-14 15:29:14.711533	55.066789	Afternoon
Mouse	2021-09-14 15:29:19.145856	2021-09-14 15:29:27.394314	8.248458	Afternoon
Keyboard	2021-09-14 15:28:31.263185	2021-09-14 15:29:31.109897	59.846712	Afternoon
Keyboard	2021-09-14 15:29:51.024639	2021-09-14 15:29:57.896270	6.871631	Afternoon
Keyboard	2021-09-14 15:29:57.899200	2021-09-14 15:30:11.477478	13.578278	Afternoon
Keyboard	2021-09-14 15:30:12.803518	2021-09-14 15:30:27.413911	14.610393	Afternoon
Mouse	2021-09-14 15:30:26.004821	2021-09-14 15:30:37.486507	11.481686	Afternoon
Keyboard	2021-09-14 15:30:36.952399	2021-09-14 15:30:55.944314	18.991915	Afternoon
Keyboard	2021-09-14 15:30:56.398384	2021-09-14 15:31:02.305399	5.907015	Afternoon
Mouse	2021-09-14 15:31:23.597927	2021-09-14 15:31:38.808882	15.210955	Afternoon
Keyboard	2021-09-14 15:31:02.741866	2021-09-14 15:31:46.969514	44.227648	Afternoon
Mouse	2021-09-14 15:31:45.614097	2021-09-14 15:31:51.011259	5.397162	Afternoon
Keyboard	2021-09-14 15:31:50.234896	2021-09-14 15:31:55.870277	5.635381	Afternoon
Keyboard	2021-09-14 15:32:02.281979	2021-09-14 15:32:10.422126	8.140147	Afternoon
Mouse	2021-09-14 15:32:24.816667	2021-09-14 15:32:31.969529	7.152862	Afternoon
Mouse	2021-09-14 15:32:52.300308	2021-09-14 15:32:57.747206	5.446898	Afternoon
Keyboard	2021-09-14 15:32:30.248936	2021-09-14 15:33:05.911705	35.662769	Afternoon
Keyboard	2021-09-14 15:33:09.088247	2021-09-14 15:33:15.993124	6.904877	Afternoon
Mouse	2021-09-14 15:33:23.691843	2021-09-14 15:33:29.952148	6.260305	Afternoon
Mouse	2021-09-14 15:33:31.581924	2021-09-14 15:33:36.582582	5.000658	Afternoon
Mouse	2021-09-14 15:33:37.285662	2021-09-14 15:33:43.863378	6.577716	Afternoon
Keyboard	2021-09-14 15:33:30.982399	2021-09-14 15:33:54.880239	23.89784	Afternoon
Keyboard	2021-09-14 15:34:04.318118	2021-09-14 15:34:09.635172	5.317054	Afternoon
Mouse	2021-09-14 15:33:57.489490	2021-09-14 15:34:09.970092	12.480602	Afternoon
Mouse	2021-09-14 15:34:10.020869	2021-09-14 15:34:15.089884	5.069015	Afternoon
Keyboard	2021-09-14 15:34:14.296962	2021-09-14 15:34:21.497709	7.200747	Afternoon
Keyboard	2021-09-14 15:34:26.244487	2021-09-14 15:34:33.226416	6.981929	Afternoon
Mouse	2021-09-14 15:34:20.785806	2021-09-14 15:34:34.678472	13.892666	Afternoon
Keyboard	2021-09-14 15:34:33.827989	2021-09-14 15:34:42.844989	9.017	Afternoon
Keyboard	2021-09-14 15:34:58.965005	2021-09-14 15:35:04.619915	5.65491	Afternoon
Keyboard	2021-09-14 15:35:10.236744	2021-09-14 15:35:23.334541	13.097797	Afternoon
Keyboard	2021-09-14 15:35:27.021801	2021-09-14 15:35:32.405279	5.383478	Afternoon
Keyboard	2021-09-14 15:35:35.391433	2021-09-14 15:35:42.535507	7.144074	Afternoon
Keyboard	2021-09-14 15:35:45.241339	2021-09-14 15:35:57.512086	12.270747	Afternoon
Keyboard	2021-09-14 15:35:58.015913	2021-09-14 15:36:09.241757	11.225844	Afternoon
Keyboard	2021-09-14 15:36:19.640503	2021-09-14 15:36:27.674204	8.033701	Afternoon
Keyboard	2021-09-14 15:36:32.142682	2021-09-14 15:36:37.392346	5.249664	Afternoon
Keyboard	2021-09-14 15:36:44.177996	2021-09-14 15:36:50.848514	6.670518	Afternoon
Mouse	2021-09-14 15:36:23.347296	2021-09-14 15:36:55.864748	32.517452	Afternoon
Keyboard	2021-09-14 15:37:29.754180	2021-09-14 15:38:13.842214	44.088034	Afternoon
Keyboard	2021-09-14 15:38:14.517919	2021-09-14 15:38:19.914084	5.396165	Afternoon
Mouse	2021-09-14 15:38:18.519615	2021-09-14 15:38:24.107146	5.587531	Afternoon
Keyboard	2021-09-14 15:38:20.021491	2021-09-14 15:38:27.672397	7.650906	Afternoon
Mouse	2021-09-14 15:38:26.926338	2021-09-14 15:38:41.076764	14.150426	Afternoon
Keyboard	2021-09-14 15:38:52.075123	2021-09-14 15:39:00.209328	8.134205	Afternoon
Mouse	2021-09-14 15:39:07.222597	2021-09-14 15:39:13.861787	6.63919	Afternoon
Mouse	2021-09-14 15:39:13.958450	2021-09-14 15:39:19.842884	5.884434	Afternoon
Mouse	2021-09-14 15:39:28.941866	2021-09-14 15:39:35.063591	6.121725	Afternoon
Keyboard	2021-09-14 15:39:03.504088	2021-09-14 15:39:54.381908	50.87782	Afternoon
Mouse	2021-09-14 15:39:36.831983	2021-09-14 15:39:57.065328	20.233345	Afternoon
Keyboard	2021-09-14 15:39:55.286155	2021-09-14 15:40:08.616349	13.330194	Afternoon
Keyboard	2021-09-14 15:40:21.606730	2021-09-14 15:40:29.473412	7.866682	Afternoon
Keyboard	2021-09-14 15:40:29.552512	2021-09-14 15:40:40.394634	10.842122	Afternoon
Keyboard	2021-09-14 15:40:40.845730	2021-09-14 15:41:32.391307	51.545577	Afternoon
Keyboard	2021-09-14 15:41:34.341329	2021-09-14 15:41:49.546410	15.205081	Afternoon
Keyboard	2021-09-14 15:41:55.367332	2021-09-14 15:42:03.359039	7.991707	Afternoon
Mouse	2021-09-14 15:41:59.785015	2021-09-14 15:42:15.716613	15.931598	Afternoon
Keyboard	2021-09-14 15:42:14.911977	2021-09-14 15:42:22.036520	7.124543	Afternoon
Mouse	2021-09-14 15:42:37.410536	2021-09-14 15:42:45.129797	7.719261	Afternoon
Keyboard	2021-09-14 15:42:48.690100	2021-09-14 15:42:58.983373	10.293273	Afternoon
Mouse	2021-09-14 15:42:59.801681	2021-09-14 15:43:11.719864	11.918183	Afternoon
Keyboard	2021-09-14 15:43:01.986164	2021-09-14 15:43:14.434533	12.448369	Afternoon
Mouse	2021-09-14 15:43:24.894801	2021-09-14 15:43:47.026208	22.131407	Afternoon
Keyboard	2021-09-14 15:43:19.257466	2021-09-14 15:43:47.417772	28.160306	Afternoon
Keyboard	2021-09-14 15:43:51.159721	2021-09-14 15:44:01.487186	10.327465	Afternoon
Keyboard	2021-09-14 15:44:05.098284	2021-09-14 15:44:21.133388	16.035104	Afternoon
Keyboard	2021-09-14 15:44:30.366197	2021-09-14 15:44:38.679274	8.313077	Afternoon
Keyboard	2021-09-14 15:44:39.680226	2021-09-14 15:44:44.996287	5.316061	Afternoon
Mouse	2021-09-14 15:44:20.581667	2021-09-14 15:45:02.419011	41.837344	Afternoon
Mouse	2021-09-14 15:45:11.895896	2021-09-14 15:45:18.467743	6.571847	Afternoon
Keyboard	2021-09-14 15:44:47.505906	2021-09-14 15:45:23.015328	35.509422	Afternoon
Keyboard	2021-09-14 15:45:24.343343	2021-09-14 15:45:29.945537	5.602194	Afternoon
Mouse	2021-09-14 15:45:29.864475	2021-09-14 15:45:40.080626	10.216151	Afternoon
Keyboard	2021-09-14 15:45:39.267191	2021-09-14 15:46:11.875506	32.608315	Afternoon
Keyboard	2021-09-14 15:46:15.153609	2021-09-14 15:46:20.968622	5.815013	Afternoon
Keyboard	2021-09-14 15:46:24.542613	2021-09-14 15:46:36.093668	11.551055	Afternoon
Mouse	2021-09-14 15:45:48.848610	2021-09-14 15:46:40.406833	51.558223	Afternoon
Mouse	2021-09-14 15:46:42.348114	2021-09-14 15:46:48.512761	6.164647	Afternoon
Keyboard	2021-09-14 15:46:37.878722	2021-09-14 15:46:50.775357	12.896635	Afternoon
Mouse	2021-09-14 15:46:50.192339	2021-09-14 15:46:55.211550	5.019211	Afternoon
Mouse	2021-09-14 15:46:57.864701	2021-09-14 15:47:02.923993	5.059292	Afternoon
Keyboard	2021-09-14 15:47:08.517361	2021-09-14 15:47:21.611275	13.093914	Afternoon
Mouse	2021-09-14 15:47:18.504980	2021-09-14 15:47:24.664743	6.159763	Afternoon
Keyboard	2021-09-14 15:47:27.616736	2021-09-14 15:47:47.351767	19.735031	Afternoon
Keyboard	2021-09-14 15:47:54.424604	2021-09-14 15:48:04.983449	10.558845	Afternoon
Keyboard	2021-09-14 15:48:05.465892	2021-09-14 15:48:11.243791	5.777899	Afternoon
Keyboard	2021-09-14 15:48:17.119442	2021-09-14 15:48:49.396626	32.277184	Afternoon
Keyboard	2021-09-14 15:48:51.613323	2021-09-14 15:48:57.197927	5.584604	Afternoon
Mouse	2021-09-14 15:49:09.114112	2021-09-14 15:49:18.852775	9.738663	Afternoon
Keyboard	2021-09-14 15:49:06.254922	2021-09-14 15:49:20.625094	14.370172	Afternoon
Keyboard	2021-09-14 15:49:20.639742	2021-09-14 15:49:39.916826	19.277084	Afternoon
Keyboard	2021-09-14 15:49:52.136750	2021-09-14 15:50:01.434982	9.298232	Afternoon
Mouse	2021-09-14 15:50:03.287402	2021-09-14 15:50:11.465592	8.17819	Afternoon
Mouse	2021-09-14 15:50:15.160669	2021-09-14 15:50:22.450240	7.289571	Afternoon
Keyboard	2021-09-14 15:50:10.973444	2021-09-14 15:50:24.064391	13.090947	Afternoon
Mouse	2021-09-14 15:50:23.426737	2021-09-14 15:50:29.712475	6.285738	Afternoon
Keyboard	2021-09-14 15:50:28.930293	2021-09-14 15:50:35.846843	6.91655	Afternoon
Keyboard	2021-09-14 15:50:36.432743	2021-09-14 15:50:42.742886	6.310143	Afternoon
Keyboard	2021-09-14 15:51:06.658347	2021-09-14 15:51:12.290963	5.632616	Afternoon
Keyboard	2021-09-14 15:51:17.119711	2021-09-14 15:51:23.794087	6.674376	Afternoon
Mouse	2021-09-14 15:51:26.988220	2021-09-14 15:51:40.557710	13.56949	Afternoon
Keyboard	2021-09-14 15:51:45.182371	2021-09-14 15:51:53.112522	7.930151	Afternoon
Keyboard	2021-09-14 15:51:57.248003	2021-09-14 15:52:05.408612	8.160609	Afternoon
Mouse	2021-09-14 15:52:04.644989	2021-09-14 15:52:10.398528	5.753539	Afternoon
Keyboard	2021-09-14 15:52:29.949032	2021-09-14 15:52:37.681937	7.732905	Afternoon
Keyboard	2021-09-14 15:52:38.302014	2021-09-14 15:52:44.940298	6.638284	Afternoon
Mouse	2021-09-14 15:52:53.660407	2021-09-14 15:53:04.555221	10.894814	Afternoon
Keyboard	2021-09-14 15:53:03.399042	2021-09-14 15:53:10.190597	6.791555	Afternoon
Mouse	2021-09-14 15:53:09.926943	2021-09-14 15:53:15.133641	5.206698	Afternoon
Mouse	2021-09-14 15:53:20.348152	2021-09-14 15:53:35.601083	15.252931	Afternoon
Keyboard	2021-09-14 15:53:26.848714	2021-09-14 15:53:38.087301	11.238587	Afternoon
Mouse	2021-09-14 15:53:38.051119	2021-09-14 15:53:44.424736	6.373617	Afternoon
Mouse	2021-09-14 15:54:00.645378	2021-09-14 15:54:10.337141	9.691763	Afternoon
Keyboard	2021-09-14 15:54:11.384923	2021-09-14 15:54:38.729162	27.344239	Afternoon
Mouse	2021-09-14 15:55:14.552017	2021-09-14 15:55:19.578061	5.026044	Afternoon
Mouse	2021-09-14 15:55:25.613809	2021-09-14 15:55:40.100187	14.486378	Afternoon
Keyboard	2021-09-14 15:54:39.222298	2021-09-14 15:55:52.911532	73.689234	Afternoon
Mouse	2021-09-14 15:56:05.348225	2021-09-14 15:56:11.053915	5.70569	Afternoon
Mouse	2021-09-14 15:56:11.504082	2021-09-14 15:56:24.380210	12.876128	Afternoon
Keyboard	2021-09-14 15:55:56.815567	2021-09-14 15:57:39.075961	102.260394	Afternoon
Mouse	2021-09-14 15:57:58.676218	2021-09-14 15:58:13.944772	15.268554	Afternoon
Keyboard	2021-09-14 15:57:47.488456	2021-09-14 15:58:19.533281	32.044825	Afternoon
Mouse	2021-09-14 15:58:20.708011	2021-09-14 15:58:29.798249	9.090238	Afternoon
Keyboard	2021-09-14 15:58:19.899472	2021-09-14 15:58:33.971811	14.072339	Afternoon
Mouse	2021-09-14 15:58:57.957761	2021-09-14 15:59:06.950350	8.992589	Afternoon
Mouse	2021-09-14 15:59:14.473351	2021-09-14 15:59:22.280444	7.807093	Afternoon
Mouse	2021-09-14 15:59:30.472319	2021-09-14 15:59:44.368853	13.896534	Afternoon
Mouse	2021-09-14 15:59:44.692122	2021-09-14 15:59:54.049892	9.35777	Afternoon
Keyboard	2021-09-14 15:58:34.546969	2021-09-14 16:00:19.054134	104.507165	Evening
Keyboard	2021-09-14 16:00:26.068333	2021-09-14 16:00:32.317934	6.249601	Evening
Keyboard	2021-09-14 16:00:32.689999	2021-09-14 16:00:53.423061	20.733062	Evening
Mouse	2021-09-14 16:00:46.973244	2021-09-14 16:00:54.871176	7.897932	Evening
Keyboard	2021-09-14 16:00:54.776492	2021-09-14 16:01:01.538940	6.762448	Evening
Keyboard	2021-09-14 16:01:02.079958	2021-09-14 16:01:10.632110	8.552152	Evening
Mouse	2021-09-14 16:01:20.567020	2021-09-14 16:01:28.430776	7.863756	Evening
Keyboard	2021-09-14 16:01:15.969659	2021-09-14 16:01:34.637407	18.667748	Evening
Mouse	2021-09-14 16:02:20.629630	2021-09-14 16:02:27.139906	6.510276	Evening
Keyboard	2021-09-14 16:01:37.368678	2021-09-14 16:02:41.667301	64.298623	Evening
Keyboard	2021-09-14 16:02:46.595697	2021-09-14 16:02:56.742506	10.146809	Evening
Mouse	2021-09-14 16:02:50.394277	2021-09-14 16:02:59.485043	9.090766	Evening
Keyboard	2021-09-14 16:03:12.200081	2021-09-14 16:03:18.829535	6.629454	Evening
Mouse	2021-09-14 16:03:13.176541	2021-09-14 16:03:22.463218	9.286677	Evening
Keyboard	2021-09-14 16:03:27.559612	2021-09-14 16:04:16.169744	48.610132	Evening
Keyboard	2021-09-14 16:04:32.104270	2021-09-14 16:05:40.399455	68.295185	Evening
Mouse	2021-09-14 16:05:51.426108	2021-09-14 16:05:57.081984	5.655876	Evening
Mouse	2021-09-14 16:05:59.676579	2021-09-14 16:06:09.580216	9.903637	Evening
Keyboard	2021-09-14 16:05:40.785172	2021-09-14 16:06:16.236030	35.450858	Evening
Mouse	2021-09-14 16:06:31.300494	2021-09-14 16:06:47.802384	16.50189	Evening
Keyboard	2021-09-14 16:06:17.334593	2021-09-14 16:06:56.191527	38.856934	Evening
Keyboard	2021-09-14 16:06:57.841767	2021-09-14 16:07:06.319737	8.47797	Evening
Keyboard	2021-09-14 16:07:07.009145	2021-09-14 16:07:15.366034	8.356889	Evening
Mouse	2021-09-14 16:07:14.051665	2021-09-14 16:07:28.107407	14.055742	Evening
Mouse	2021-09-14 16:07:34.175377	2021-09-14 16:07:41.588973	7.413596	Evening
Mouse	2021-09-14 16:07:53.458321	2021-09-14 16:07:59.837212	6.378891	Evening
Keyboard	2021-09-14 16:07:27.031302	2021-09-14 16:08:03.030550	35.999248	Evening
Mouse	2021-09-14 16:08:11.567325	2021-09-14 16:08:19.814845	8.24752	Evening
Keyboard	2021-09-14 16:08:04.172993	2021-09-14 16:08:36.758095	32.585102	Evening
Mouse	2021-09-14 16:08:45.550501	2021-09-14 16:08:50.643926	5.093425	Evening
Mouse	2021-09-14 16:08:52.911358	2021-09-14 16:09:08.946467	16.035109	Evening
Mouse	2021-09-14 16:09:09.582166	2021-09-14 16:09:19.133331	9.551165	Evening
Mouse	2021-09-14 16:09:25.176873	2021-09-14 16:10:21.025333	55.847466	Evening
Keyboard	2021-09-14 16:08:37.553942	2021-09-14 16:10:39.537803	121.983861	Evening
Mouse	2021-09-14 16:10:23.409967	2021-09-14 16:10:41.946828	18.536861	Evening
Mouse	2021-09-14 16:10:45.804984	2021-09-14 16:11:02.043201	16.238217	Evening
Mouse	2021-09-14 16:11:17.380111	2021-09-14 16:11:35.058678	17.678567	Evening
Mouse	2021-09-14 16:11:36.676738	2021-09-14 16:11:44.097150	7.420412	Evening
Keyboard	2021-09-14 16:11:01.273716	2021-09-14 16:11:49.633902	48.360186	Evening
Mouse	2021-09-14 16:11:46.222989	2021-09-14 16:12:04.703251	18.480262	Evening
Mouse	2021-09-14 16:12:41.784911	2021-09-14 16:12:47.305994	5.521083	Evening
Keyboard	2021-09-14 16:12:04.078292	2021-09-14 16:12:58.918530	54.840238	Evening
Mouse	2021-09-14 16:13:12.005615	2021-09-14 16:13:20.969854	8.964239	Evening
Keyboard	2021-09-14 16:12:59.641140	2021-09-14 16:13:34.773659	35.132519	Evening
Keyboard	2021-09-14 16:13:47.812865	2021-09-14 16:13:57.327879	9.515014	Evening
Mouse	2021-09-14 16:13:57.348386	2021-09-14 16:14:06.577287	9.228901	Evening
Keyboard	2021-09-14 16:14:05.512900	2021-09-14 16:14:17.576582	12.063682	Evening
Keyboard	2021-09-14 16:14:26.375873	2021-09-14 16:14:39.448279	13.072406	Evening
Mouse	2021-09-14 16:14:25.754770	2021-09-14 16:14:40.166935	14.412165	Evening
Keyboard	2021-09-14 16:14:40.081049	2021-09-14 16:14:55.023404	14.942355	Evening
Keyboard	2021-09-14 16:14:55.999907	2021-09-14 16:15:08.161242	12.161335	Evening
Keyboard	2021-09-14 16:15:11.195221	2021-09-14 16:15:16.519137	5.323916	Evening
Keyboard	2021-09-14 16:15:18.544597	2021-09-14 16:15:28.464892	9.920295	Evening
Keyboard	2021-09-14 16:15:28.849586	2021-09-14 16:15:42.910258	14.060672	Evening
Mouse	2021-09-14 16:15:59.833180	2021-09-14 16:16:17.765624	17.932444	Evening
