key_press_count,key_hold_time,typing_speed,error_rate,backspace_count,idle_time,mouse_click_count,left_click,right_click,double_click,scroll_count,cursor_speed,cursor_distance,drag_count,movement_speed,idle_mouse_time,fatigue_level
38,0.44386344065386735,31.992017616244848,0.19236152489715505,34,36.12350105046937,11,2,1,1,4,139.91904016344927,685.2789634493814,1,93.88821343823342,15.03816530734843,2
73,0.3366501485391501,30.859446591410194,0.2930641426291818,52,38.63415931573468,14,2,0,1,5,41.21908339007877,200.2152954443054,1,29.95387015257706,15.453359805362881,2
244,0.13742987906398876,88.56256328894457,0.03224726940159028,8,1.973911873619469,56,46,9,2,34,346.67143106079067,2594.2865501608685,1,333.1952172401989,0.550058074330469,0
143,0.19356720661222904,58.12661391117638,0.09704138335263746,10,10.407656313005429,18,14,3,3,8,216.01811564774044,1276.673035479479,0,217.35937129666888,4.624937389601094,1
329,0.14542297981377966,97.05797694358844,0.011416894736741803,4,2.0615496367527784,35,50,12,9,12,510.7920617574687,2949.7602797259533,6,276.16899263388336,1.1005485830209638,0
71,0.31223339295428715,27.633908408885514,0.23269071565970922,26,34.38245045993757,10,9,1,1,0,121.72801336671672,792.4445680586651,1,93.028695197151,26.859448040971262,2
341,0.11220834112885003,78.38726051044524,0.025866391053742478,2,4.637560768033585,30,27,5,9,12,389.65714057770924,2968.179718179915,1,254.56876743087656,0.5219430298698237,0
79,0.41007213073131926,18.691641768971664,0.21929794478228215,33,26.697890798638603,5,2,3,0,7,76.1290717098222,218.62669622190765,0,82.06891509269215,14.758483244899669,2
194,0.18041238494680362,38.13075064071867,0.07215182035734204,13,11.980705464034017,27,17,2,2,14,152.2497750565705,846.6484364200271,0,208.34667524855615,3.705650379973597,1
60,0.3124238930678409,14.9860084253305,0.21029336560615694,35,17.285359419242276,7,6,1,1,7,38.42359336892564,179.88033003074497,0,64.90204118849698,21.72535686386536,2
57,0.25369144510798886,13.683819150418465,0.23030410298450354,51,25.773014108774944,11,6,3,1,4,44.72880656095445,103.13718532787018,1,32.81025921477122,14.370969230411259,2
330,0.10791746310113562,65.55299093768082,0.049853431032268976,8,3.41021265537146,70,57,4,5,31,436.0736999768502,4721.746833069217,4,378.29377057050897,1.005373498063177,0
366,0.08566110766320384,91.7715779986585,0.011394606409352998,2,1.8470214026619134,38,21,6,4,17,586.0605293554527,2287.1871642331917,4,265.23218043018,2.622309673690182,0
75,0.3040004089561161,24.827819458118185,0.28277991255585716,48,29.45769073676451,13,7,1,0,3,34.67204487472454,387.5902242366368,0,94.86398652234331,22.885763130555574,2
297,0.09896703497605909,88.15784540554037,0.04740807261197839,9,1.0441264570498632,38,49,13,9,30,364.65022766026533,2405.2404386772823,5,313.9097734488404,1.5057676034559297,0
227,0.10982640325328588,66.62053269711895,0.038596961608089904,8,3.465998907580334,38,40,12,6,38,383.8247652528216,2648.7515845595867,2,446.27091430993926,2.3468587740398257,0
139,0.21057537305209345,36.9769005244162,0.10110911314434974,14,12.839718505055895,19,16,4,2,10,176.41339319157808,1093.5395288627192,0,120.75678438128776,9.954510922769957,1
154,0.24822560609366148,43.523695041065245,0.07761857904969612,23,6.4049900979551735,27,12,3,3,19,191.24687879604602,860.0774325119532,0,243.54876533056623,6.522598417702824,1
43,0.30044001012338256,22.462861524726428,0.12836928714443477,26,15.309708047593896,9,7,0,1,5,119.58800085640715,603.4879541640304,0,29.465925840251053,26.76351841371477,2
120,0.23237463879508005,46.99062741861145,0.0968069619428525,16,13.119677423908017,31,23,7,2,9,251.13294486710953,1217.8767676488424,1,123.7361112722894,3.0373739937878197,1
360,0.09632514880848608,77.07268226619458,0.048533873312815966,3,2.615911505306193,75,52,5,1,30,308.17500358524455,4497.251550230758,2,413.68133712461076,2.489150576653605,0
164,0.20456686649686348,43.03832522095852,0.11118763826180814,14,5.704606776669583,21,15,2,4,16,237.92735311325123,1444.2418615647225,3,189.40452414247017,7.357611078889012,1
141,0.23981464448201006,43.29144610442544,0.11479081064331902,19,6.764119104278862,24,20,7,1,18,197.9478093382951,905.7518834006693,2,240.42195031481694,8.802509238351085,1
207,0.10310696593171087,96.13455250544101,0.04456864710696676,4,1.6255272176137918,69,31,12,7,11,304.55306468604806,2262.94950858396,6,328.6572272337997,0.5811276919766892,0
262,0.10355879504221085,80.09153389850121,0.02506781447947195,4,1.4085981186301524,63,20,12,3,35,390.743708750378,3696.259902823227,3,433.9794883879972,1.0478151616770022,0
289,0.09450593543056396,76.20992352110756,0.016967733463130144,2,3.983700835254698,62,27,8,4,26,405.12397500305923,3193.652526671069,3,320.3482455430408,1.293472125069713,0
111,0.2435424824448534,53.07642813650824,0.0852130623289915,24,13.127329043046794,20,13,6,2,12,271.56493703597556,1815.5816153370483,0,108.23573363661615,3.7629999290408325,1
168,0.15191678875249778,39.26345122245564,0.10575162386764665,10,11.185851490721154,31,12,7,3,13,184.5957960321396,1757.53182710396,0,249.27391153001818,5.99209344599592,1
234,0.14468292313752032,64.61128084989137,0.03752831463466382,7,2.573791386254366,49,24,2,3,38,408.46241962621156,2358.6859932561692,2,434.47010379218557,2.6262605708214926,0
108,0.24061375361274795,55.522980340325006,0.09253799487355677,20,14.080836870598544,34,24,3,4,19,276.2035156957798,891.3016721186087,2,218.45104206891335,4.436279833766125,1
223,0.11951209797658488,60.37941734513992,0.014524392763062922,3,1.86436181274123,41,43,4,5,24,568.7652543577979,3795.7853222140125,7,315.229644912542,1.2767883207786186,0
38,0.3944042286720058,33.29564307654049,0.24592061270129395,29,36.236948742830904,3,3,1,0,3,54.51210638802238,712.417377209501,0,99.98441153070412,13.736016820900712,2
157,0.22700212284558285,50.96681590301013,0.07732280454830882,16,12.94662892397889,18,18,2,2,17,291.5035948064823,918.1935700152839,1,106.23939343847043,8.919384100805132,1
176,0.1799874268444065,47.57947917628361,0.08066781557233066,21,7.845119597424441,15,24,6,0,13,241.41679459909182,1263.7924674366964,0,145.52651873171672,4.164899990176579,1
371,0.13043612429740253,62.195304585859,0.010695191607419186,9,2.977924525180372,50,20,5,4,36,568.7093889598117,3277.8131254008185,2,303.07141041714783,1.1849719538575452,0
178,0.15023234061319302,52.08315906569325,0.08670204568380846,14,6.912773710373971,17,13,5,4,7,298.8023954095254,1371.6059521932393,1,201.37174536140995,5.250237345634631,1
176,0.1796537589620262,37.51143874202421,0.066624022965354,23,10.663228801665321,23,24,4,2,10,193.37897279488044,1345.1248692325103,3,142.9271306196861,7.614711759356103,1
249,0.0865909891787992,72.64786329185978,0.0457791972387227,9,4.168374535042172,67,49,14,1,10,540.0220296230605,2711.4333979331336,7,280.42382668166806,1.7550204943479555,0
267,0.10390942473195815,88.19702198755812,0.03353650533362422,8,1.1993681111317662,56,29,14,6,38,527.2393336352153,4673.600219190807,5,488.5105662695214,2.521426335368476,0
163,0.23171070991667614,51.99929275223441,0.05181272491746396,14,7.417645074796816,15,13,5,4,11,243.30442188780137,955.6475095880322,2,123.24126780069038,3.5880120016443797,1
48,0.2640474611738962,25.347396055197834,0.27232976184053254,45,30.647505823099806,4,6,3,0,3,94.48292990722526,228.4940356839361,1,76.92103202494548,10.97066901459338,2
328,0.08272741926171635,78.28000877126713,0.03239377249235318,2,4.824888762595793,54,31,6,4,30,409.67871030119,4328.871432547843,3,454.01976058583784,1.7007356469783894,0
47,0.2671258461457071,34.073848839383245,0.27103646975737894,28,30.863753521540673,9,7,0,0,0,82.00570177379291,348.45937514246924,1,73.88132219776872,15.777022466632628,2
247,0.12180946575788014,64.82090315145858,0.013542223368929657,6,3.193282334905697,78,43,5,5,20,533.9964980731634,3094.0120287030095,1,279.6651536186347,1.0975363366648585,0
25,0.29952377743978115,20.906891390989163,0.15101613071354092,27,27.940261935320628,8,6,2,1,2,31.877678153047917,128.09757171578713,0,72.35146918644598,11.37865404248178,2
250,0.14259520840271478,85.48926319157948,0.038215423764488145,8,4.379157745144086,78,53,2,4,15,313.57475670566635,4930.383118482759,1,427.22477819332903,2.8091620938741317,0
260,0.08591619053764774,72.5141942602235,0.01720041749890894,7,3.929794927352359,75,42,3,1,21,376.18133157710884,4083.9613184305263,5,466.1630886506864,1.5128713841960166,0
329,0.14872886218173717,93.54330234810499,0.03973411291574497,7,1.5567920984701193,54,31,3,2,20,559.0924263889848,4320.716305192162,7,325.70747224468556,2.1444134581815,0
263,0.0828747261737513,63.51472444970627,0.029647453634745066,8,1.0707512384530289,57,48,3,6,28,351.4302530131628,2087.465558066267,1,298.93890160140614,0.7176780139432705,0
343,0.14583722789947684,73.43463428599341,0.04133690903766459,6,3.7135152914205674,43,27,10,4,19,532.014314334675,4831.784850429373,7,291.8649361294971,2.2976890512770294,0
139,0.24102166549666446,51.64577069129656,0.09743770787823888,19,8.206627547364322,33,23,3,4,6,195.51798246744093,869.9566446348284,1,143.40286153333693,9.335546894561368,1
93,0.30031979395296504,23.917965643329133,0.2690281784733342,25,33.45454318052295,5,9,3,1,6,63.259273661303375,574.0330657837499,0,88.62407498260725,15.400049622423905,2
298,0.139110847084354,74.58788997829224,0.030869201865448524,7,2.3530524213293935,38,23,12,7,22,366.91861846282706,4302.496491772116,7,450.74532532727596,1.229233626803965,0
227,0.11821410391154923,79.23347912356294,0.027691950495236414,8,2.2888620137785134,31,37,5,4,27,520.87194304015,3988.3888226291647,5,453.09768104653773,0.8513678199888572,0
88,0.42743373765891823,12.927680787631946,0.23086776127560038,29,17.242698785990775,6,3,1,1,0,88.71969979490831,673.3970464261425,1,42.71339197315445,24.167178720773222,2
327,0.1481177244489073,98.4839514305647,0.02797735340854951,5,1.0536105057286624,41,23,10,5,34,445.7452286737894,4436.774362971026,4,265.35628231495815,2.9424138653165564,0
81,0.3007825849340056,13.5639064283735,0.1891090601467066,43,29.869405369770874,7,8,3,0,3,135.63495156161162,338.315486880524,1,75.35280212956495,22.770500923833293,2
36,0.2522094290425555,12.790936133029634,0.22092811304723725,28,29.573823734113006,10,7,1,1,7,149.4659117687483,482.39537335319875,0,41.7226786326802,12.865919828618688,2
64,0.43464176717443803,13.708696572974313,0.2679850576380185,41,26.37275362169607,8,1,1,1,3,69.11748525225747,283.5147372861596,0,26.147956948898738,29.071470748245947,2
315,0.13884969901145516,86.46620700322165,0.039233178994835055,3,3.1804221130427988,68,42,14,1,39,372.02122214626996,2833.5354896196964,3,298.56839275045036,2.185094668562392,0
352,0.11665215932105077,70.7964488956878,0.02748661555267306,3,4.718467691502736,57,49,3,1,29,381.912185798342,4511.789021415527,1,452.01695427900563,2.2394874173518637,0
370,0.1462336180017183,68.2231923350255,0.04472217290129172,3,3.6694015921857135,59,43,11,8,17,336.96977271489743,2262.773892217839,7,441.298458438598,0.7106609153896277,0
330,0.1447250331156517,99.15725742463844,0.039966465564051326,8,2.653665797181046,78,23,7,1,14,577.35674061957,3521.2472721808,3,326.9685313185919,2.7335118227199677,0
247,0.11507279187406814,77.2611257254577,0.02336035514980952,5,3.475792772030886,38,47,5,9,22,391.8154390568364,2701.6907944166105,3,266.84421788048144,1.883896331655895,0
384,0.1406808093717589,69.92905771028607,0.018014365741948507,6,4.6811887248776305,68,56,10,5,24,579.6968274686633,4081.416670902235,6,481.5513004710863,2.260838289892951,0
52,0.3430247198295559,29.303808287327886,0.149573637111445,59,20.048454048546645,14,4,3,0,2,51.5817778091039,795.3525985383203,1,38.04024820167701,25.520979177387606,2
331,0.12819499305357565,94.02909840065819,0.044405072656716955,2,4.017014177375453,44,31,9,3,38,475.34993865923707,4906.023816723071,3,295.68779149685895,1.1138765648612277,0
118,0.24106649953838885,40.169941901103606,0.05736536886667188,22,8.598249006365664,30,19,4,0,14,217.3722304098319,836.0242708608035,2,200.8394409898849,7.335459141554093,1
172,0.23931137413224726,43.96817548865247,0.056627669335335654,10,5.3429790130331165,32,16,6,2,5,184.57422560272812,1919.1748608094013,3,136.40724801978746,4.603816297379794,1
148,0.18382309673172847,52.84265646691768,0.09436278610332355,19,5.002410046851345,25,10,7,4,16,238.420620463987,903.4990055647579,1,211.52538036686127,8.04571421532441,1
116,0.23661837088690296,35.12171019138758,0.09778194958469139,15,11.73008166288677,25,16,5,3,11,155.21987998025253,1236.679287794399,2,115.85868406467023,9.1448282250307,1
374,0.09667653066827855,60.9209041915055,0.03377583436914181,3,1.1422834681421934,55,36,8,3,18,357.2177962772684,4344.846437589197,4,332.1395374714496,2.6424110369405973,0
98,0.33065208424449744,30.0985882694013,0.12864041447342325,50,27.096533757265505,4,3,0,1,5,137.79356490525538,554.105316108434,1,38.707869526838216,22.378447124694432,2
213,0.11096465608117731,97.31752268399819,0.0209183749942526,4,2.721348710035685,69,34,2,5,10,323.5673492771181,4509.4954718541,4,477.00377234374355,0.7787192195969548,0
253,0.1125271669057728,77.54978701553355,0.03175115631989597,2,4.855289101929404,72,59,11,4,30,582.2319899068502,4704.749015861203,1,331.855239683362,0.7177732236535851,0
144,0.24990494981036449,45.1724607847657,0.06870810796029432,14,7.286707513846034,30,10,1,3,8,218.55359282889384,1815.3430226661342,2,102.77868651189338,5.040618497058347,1
389,0.12957268369082398,71.98383647065909,0.04870045054455111,9,1.050859559947574,43,58,6,7,36,581.6684880123826,2739.559716913949,5,361.3523802764467,2.2685656879048306,0
289,0.08657113030569043,68.20007240212949,0.011775066541329472,7,1.2985192573483268,71,56,6,2,10,328.47253238020386,3393.8395064269125,5,272.82720063616756,1.9539105110949717,0
28,0.3791519143061376,25.91325773534959,0.29120019617572795,56,28.66262845283299,4,5,3,0,7,47.91142763865675,238.10181610194795,0,75.07173639415267,17.113747797887484,2
27,0.3835873489096131,19.30787019435663,0.14300282788640795,34,32.51534546018847,7,3,1,1,0,34.318779464240144,360.11008863877447,1,56.63353337596967,13.372564217701907,2
75,0.4037900934318792,33.58085708367422,0.23601266839826335,27,39.425968840411045,13,5,0,0,3,126.74515862069198,472.5643933736886,1,99.5198186730937,19.210183198163577,2
201,0.14970819625205595,83.80195918801682,0.04103218943171824,2,4.508553766045615,51,51,6,8,12,453.8766494324297,3502.132777510014,6,426.4088490922454,0.6023348609358634,0
58,0.4499271250850888,20.42123098733506,0.26550883762310085,57,37.12762462726301,3,5,0,1,6,35.73732764429757,115.49329289068264,1,92.58316491620575,24.92301007653576,2
362,0.1038437198624968,90.8752792239298,0.021333717930623265,6,1.3056674377522057,57,49,7,1,31,533.0409996419664,4071.217165733216,3,329.9357988519237,0.5671691351123382,0
119,0.21869414350035105,44.037178745545305,0.05347154557540603,14,11.009571949974973,28,15,5,4,10,278.1926194727753,951.3629435549182,3,140.4235075200045,5.919386653628939,1
62,0.4323546563677399,30.01958533434732,0.2989975804576974,44,22.47825739078111,7,7,3,1,6,116.30063074105502,373.4917854816765,1,59.301410279200056,26.195074348713277,2
76,0.35356906243738107,16.73025144689055,0.24116893190044753,39,33.33895882338767,2,2,0,0,5,48.79610174286225,557.9178183943526,1,29.092100904934668,26.174307937708793,2
283,0.09026233751844179,71.10348690517672,0.01636982953117058,7,3.3941263027374626,52,36,11,5,12,556.2782366992008,3642.244521139178,4,463.33230413969693,0.9821764217240356,0
50,0.43117528441924013,31.061950955039123,0.13090131181427403,34,32.949488350509625,7,1,2,0,0,137.40393019262035,415.8437857486776,1,22.13545268694834,27.124880833832407,2
158,0.2318307817675303,35.95122945775227,0.0646592369575298,18,11.713044235642798,31,16,5,3,7,169.07736804487664,1438.5415669505392,0,201.77756042266216,9.755221360369433,1
169,0.2437661460616592,56.66127658122603,0.11201454801103974,14,11.667088553964568,34,15,4,3,7,196.9876110733233,1866.95664284583,1,215.5133546881123,3.143576435242738,1
191,0.21028928826054352,35.92783299905756,0.09405965977819702,22,12.71243074033178,25,12,5,0,5,187.83347013459283,836.5958574233053,3,205.93487477976728,6.52503827437014,1
236,0.10154440678397346,85.3239225342979,0.030559834712349,5,2.485688007492183,30,21,2,8,38,383.4387466459837,4400.619043050738,6,310.54366258686764,2.2372959494537685,0
266,0.10400488049947822,95.06661511449798,0.020212260989137275,4,3.1701832135816916,48,46,6,5,12,457.07594556643585,4926.419084942066,6,352.80101680296355,0.6937074344809647,0
96,0.3669244017826707,33.09223352554676,0.2457994953210722,42,15.633441323699172,9,1,1,0,5,52.42943577486911,151.368811656406,0,39.59512365549251,24.446086586590773,2
106,0.18157211297704887,44.23477911137785,0.061859568146527294,13,8.799242909620144,16,22,3,3,16,199.95114495783662,1449.4256670284292,2,155.8367942779107,8.811280766323858,1
186,0.18965905743863298,54.078751443639035,0.07650719469809485,12,10.272551499506772,24,11,5,0,7,212.81384857239823,1038.0470478172415,1,104.94654155238901,6.28512097452005,1
37,0.4093313469982286,10.7773655485764,0.12404861933439729,33,35.59962646129281,9,7,2,0,5,31.150276817327345,670.1555776913721,0,83.46758622887808,14.628732609268493,2
330,0.11360321769129325,76.8814423820275,0.04171824378422526,9,1.693920297063829,41,21,14,1,35,462.3008696782988,4354.309045474964,7,479.4602207733883,2.3654490963806807,0
361,0.10964296596156829,76.94387449681932,0.04789191553025352,5,4.557563664515377,76,49,13,8,18,534.1668080661641,2913.8070673225716,7,260.0722364336355,2.04572699688697,0
117,0.2421143880180842,47.437910671860834,0.05786701526040681,22,13.8974899029538,15,11,4,2,18,250.22709929368577,1777.0505204655956,2,103.00175854431622,3.9536355608200795,1
302,0.10083446221565176,63.09284261955149,0.04275142573428375,3,4.882999830682681,62,56,7,8,30,359.77378632249423,3698.64504725785,2,408.0048021056091,1.5457277777337148,0
102,0.2214952823551777,45.48703712724549,0.06791107785685489,12,7.652850890860524,32,14,6,2,18,279.5365504708719,1812.1133548508592,1,101.82697531248121,3.9944312661014356,1
243,0.146440201211397,75.65928440806007,0.030850412487216594,3,2.674322486495741,59,55,4,5,16,404.2521247275543,3678.216277182071,1,447.67277547504193,1.154377750336206,0
90,0.283198892135025,16.401112159403198,0.28879554279206704,35,26.931940813330883,9,3,0,0,3,107.59167405629644,713.5004923897045,0,68.66472224828476,17.967553513188612,2
153,0.21267705194172218,40.52678882034979,0.09213869470821168,20,5.505074708322821,17,12,1,3,10,267.22846942996006,1702.8829444633607,2,149.63306315406913,6.416645821854831,1
62,0.34318879018599696,24.73440931620293,0.1636024188136453,47,17.394197154990675,14,4,1,1,2,39.275219178055906,198.4867967025224,1,61.895870901704725,25.89253582053563,2
45,0.3597903482715654,23.959802908216844,0.2458519376630831,25,15.394359744286149,11,3,2,1,4,75.49040676586226,685.5641361133052,1,56.218034130395196,23.111163948346977,2
47,0.3968936771750646,34.20395415568791,0.1999316084556956,45,16.30094594236401,11,1,2,0,2,82.00403384362019,532.501407843579,0,96.36938972032432,15.769167008362569,2
92,0.2732034774246006,23.64648502549406,0.28052487949531835,56,25.018711191189446,14,4,2,0,1,122.70317077951132,257.3321663611736,1,57.48375598331778,16.147454384080895,2
292,0.10479026695551878,81.210605305396,0.015308586152771097,7,1.7320617769389086,70,32,11,8,20,468.37670342247725,2697.6239948625653,2,469.6039657612404,1.4233853252235806,0
76,0.43977276917895936,17.34725207998292,0.1591431750464498,49,35.28867515836832,4,4,2,1,4,145.67441104659446,792.4793670305412,1,54.53214100751688,27.23314310994096,2
228,0.13469072353298417,91.51159554857969,0.048529466137605275,6,1.0417107975896123,44,54,5,7,13,509.55918756274116,2269.748734579107,2,285.79033945279826,1.3902327129160543,0
46,0.26204407288904724,26.608371111556945,0.14423864904920222,34,33.91729433190085,6,8,0,0,2,125.84454886111668,509.5699289814903,0,31.25662646604594,24.816353158642308,2
131,0.19234820092493327,55.929049104875645,0.09733101334174117,19,11.69053515316948,19,10,5,3,11,208.71814061917067,1260.738673115567,1,215.6704072256233,4.356172531173675,1
87,0.4294094776420382,14.809327306561729,0.2763311647233704,58,39.72094081950234,2,4,0,1,4,63.899860421680856,375.91931820845434,0,37.33473951912021,19.303473933132764,2
296,0.10916473404169355,93.0042932569064,0.034490319435246324,3,4.025058631565811,40,45,5,1,21,574.4897595233906,4297.48711770473,5,365.64838677628825,1.8687947101499862,0
212,0.14516503739811049,64.5706920022275,0.03925080267894742,9,2.042853199679666,64,53,9,2,37,454.1552203729794,2151.6775638786166,6,410.3921416712486,1.1853009095480016,0
176,0.16727567562462098,35.26379092039751,0.06326888559758584,12,11.699534908592181,15,18,1,0,13,150.79862858565963,1851.7051323253913,1,158.06957634567226,3.7481836256092196,1
336,0.1083641460746992,75.10903789760677,0.019021605697749418,2,1.8842534858149138,44,38,2,3,20,375.793809186386,4625.354133674141,7,450.81122616620155,1.3209637490415134,0
154,0.2447796066014457,43.001418172132276,0.0966100436351394,21,13.782524677323465,29,19,7,0,19,239.90453276073984,1285.8929771238127,3,101.40174302293663,3.2229973376978207,1
27,0.2712895177666216,25.911767713752425,0.20100513216336371,46,33.701351727202905,14,3,3,0,5,43.58647799201391,754.9585905866812,0,40.7278564305689,27.777758793129653,2
28,0.2960171816840004,11.708690454742278,0.16760498835665943,55,24.699662002383057,4,3,2,1,0,52.46143307861883,156.3615910140583,1,73.59410737290585,22.12066905040757,2
28,0.4171385174385384,25.853220271670075,0.2009255878401201,32,22.65952592340724,14,3,3,0,1,109.20031254895194,467.4140526039077,0,76.81135060500225,22.87267576239241,2
130,0.18018000558611552,35.70571899126766,0.06361244634276196,17,8.205632243609244,28,10,7,1,17,299.40191750733726,1127.0692985784806,2,166.32342071692176,4.239303061698782,1
97,0.4221453324413261,33.278279389221225,0.24993556318110008,26,28.38452388455153,10,2,1,1,5,129.51440130366169,474.9421569930623,1,57.28028114824103,17.573813266660046,2
327,0.0926047090644509,98.70797552828346,0.027680974951314302,7,1.900894809073959,35,47,8,2,33,582.0662416713856,4445.82899327168,3,487.84921549477656,1.7634131412648242,0
236,0.09750115144512733,64.03178412063546,0.012316818422351931,5,2.773092349774473,53,42,8,8,18,562.6216875365503,4780.749038993325,5,450.9388090029407,0.6344549104434447,0
133,0.24884904844868047,58.015703417769394,0.052038664949237375,17,6.707682600033369,17,22,4,2,18,286.88763268872344,1394.0671347855018,1,155.9510649817841,8.744391753933257,1
171,0.18658992986178075,39.874918438025496,0.07282742396471555,23,7.190591730598833,15,23,6,3,19,237.63371832475772,920.6364304302031,2,136.7430262548934,5.328710905712267,1
298,0.09435317299545674,92.60217713609828,0.02673599154670611,2,3.545962604196616,66,57,6,4,32,485.8847780834767,3477.7970156654424,4,276.3513214890417,1.8683117108487153,0
59,0.4427099198781701,30.5695341216542,0.20421529272494082,28,17.414414517641603,9,2,2,1,4,92.61788416599067,425.05922412742876,0,20.475340467548353,19.264592748180576,2
298,0.10085716160793654,79.3501976772965,0.012765311447464778,4,3.7906825100803005,36,36,9,6,33,494.25493945300894,4708.116531336069,1,259.4244312287132,1.0225925934648057,0
383,0.10522415666436878,63.47700059801397,0.04806199897421308,7,3.7515364395196604,76,40,13,2,32,487.89670549685854,4374.390622668557,4,283.07198691275954,0.7855928464784896,0
21,0.28175158302241665,20.855464904210436,0.14722380086645387,58,37.88752190613538,13,2,2,0,4,110.85007755106305,447.220925977481,0,35.30345393616858,20.699334113308087,2
126,0.19523667592065702,56.632363980025616,0.11354255601688665,11,6.262834725845689,15,11,7,0,9,189.31694580251948,1684.18019819564,0,199.1897959397637,4.832270083259166,1
134,0.15068407481483634,37.381223349321736,0.09874537027731214,19,12.298891177035978,33,16,7,0,12,288.0170719983943,850.801391021964,0,196.89272966680676,7.893191898294665,1
142,0.17126642865113428,44.99145005214384,0.06215701458680379,19,10.79737114939772,32,17,1,4,8,237.82289074725534,965.8785041424046,0,167.5873739224176,7.286179021882777,1
156,0.23793244633625607,38.69631094655959,0.09742243479679813,12,6.573715833499104,23,16,3,0,16,230.05881205071665,1667.1340698013396,3,176.1091140767441,3.397883994986719,1
92,0.34864869918668945,34.2743832465015,0.18862782943602852,27,22.59633952170556,5,6,1,1,2,108.23684567075529,144.15262204007672,1,65.01334245250665,26.895807205791233,2
50,0.2643358759350669,21.156556295247466,0.2837131169601095,25,19.04433390961758,2,6,1,1,1,141.87214066058007,339.466504031598,1,96.1199551381882,13.33947747345108,2
148,0.15867829540649905,49.70315163669637,0.07516252352977605,15,7.648163217783188,15,18,6,4,9,226.73042913521877,1344.915912053044,1,249.32746728854872,6.316321076171041,1
285,0.1225288655605501,79.19125307426019,0.047635014253522595,7,3.9971348507831057,41,44,8,3,12,467.19317259429255,3634.3166809483664,3,463.2315959636453,1.399299654775674,0
117,0.1672197479423633,56.236610748213884,0.10001936422652094,17,13.90220670554556,34,14,2,0,11,281.4438522785906,1644.723088793397,3,206.53650128908887,5.227226466560922,1
198,0.16778840587344995,58.52199765853712,0.06954008932556131,24,7.078238414588358,19,22,1,2,7,214.44041151728203,890.6653925153234,1,166.48801622124432,9.98259621963327,1
155,0.19011479694917977,41.8541009418075,0.09325066580884256,15,9.87082544323578,24,15,3,3,15,238.61305820295973,1540.8251011856805,2,195.67332688891153,6.874006928146092,1
187,0.180589481326152,54.514318145523504,0.0713991495067342,15,8.385540274370513,23,24,7,4,15,173.62508221137057,1018.8022202938635,1,179.78660453219538,4.398097960778656,1
178,0.17714308642760532,51.23857396509151,0.07388045280737782,12,12.712248152904037,24,14,4,1,8,150.65393699348706,1257.320616334177,2,131.47970159186818,3.6204308232470654,1
131,0.24839309401424023,39.58910285542332,0.11740705962540407,22,10.171179308569194,32,18,6,2,19,252.9975635031056,1919.415465632359,2,183.98247483654757,4.117409532769349,1
199,0.2092696066642878,47.565752890531336,0.11244412021467859,14,8.456201689007894,28,19,1,0,18,183.44250128366303,1071.057695520291,1,157.46521503858767,8.30106900449835,1
84,0.2686907825337756,27.105717772200638,0.16380189902822215,29,19.008616097629144,9,2,2,1,5,60.94440042576103,253.77227459629518,1,26.331573462256756,25.02614591304353,2
281,0.1338242418920778,98.20945250893917,0.036504851160332814,7,2.507656658945488,74,44,6,1,10,535.26185230958,3382.0094895004677,1,471.6256316604756,1.6070734259608104,0
182,0.1534403208453458,47.332020683464,0.10724519014125936,14,5.470611978769474,26,11,5,1,16,246.5328184481126,1053.5155003258358,2,116.29111035197388,8.504571701731885,1
329,0.0830380548308721,92.02999085944484,0.03897141232505648,2,2.369534544134186,49,47,9,9,35,482.98246757881554,4285.027628640988,2,394.45699287785897,0.6742985645843237,0
68,0.36135374397949815,19.995811483755126,0.2664886620177668,36,29.13256728651126,5,4,3,0,6,129.7301288827914,488.2064700749371,1,25.404387476454964,24.957845080521665,2
161,0.2085035168718662,59.89984122751749,0.0587994134558481,14,12.52727137825976,28,15,6,4,19,274.0737222641435,974.343211694944,0,172.53895721564936,9.45368941092925,1
335,0.1287551026358955,60.210152742335396,0.023235574519566878,7,1.5253976325796268,51,43,12,6,23,481.13909757872887,4683.213165945522,6,284.25522750908016,1.5075782782068416,0
251,0.08444582807130009,79.39113468601384,0.028807303707866605,7,2.550694379001577,58,24,7,1,39,524.8278017942425,2340.3224513117502,4,284.3404364921686,1.9115996447405048,0
53,0.30184509742903165,17.48366941211693,0.19824427067944547,52,30.638910993062225,4,4,0,1,1,127.60119948541299,488.9924785042109,1,39.43980742886638,23.20772880542688,2
283,0.11156373131912731,98.16347746158533,0.030504608208232205,7,3.343240583887608,58,58,11,8,32,318.02892311345107,2127.4097277695996,2,257.9306229540078,0.8871439351970531,0
66,0.387791158034234,17.791277515241294,0.24063629328131272,31,22.406745898861736,3,8,0,1,7,86.30939350446477,299.42204723214275,1,53.46044426048383,24.88561878588328,2
99,0.27089459716318726,24.491449091907903,0.2912063216529744,57,19.74466943586441,14,1,0,1,6,124.84983003830523,470.69416555383606,0,34.84641894268443,28.645642881415615,2
63,0.3200142624549906,28.111459425233477,0.24873986569047615,51,22.65146132312862,9,4,0,0,2,118.21389898084752,731.5542005782619,0,24.6146627666835,23.768186729114152,2
377,0.13082845908502935,87.64887430438617,0.02973107387135198,5,3.3974758626517354,50,33,3,2,27,479.1877261060408,3448.1404192308037,3,344.1037406301735,0.7391017400592899,0
346,0.1354272487628743,76.17526006196097,0.03424754854244686,9,3.93446332016925,76,35,3,7,37,326.696914456904,4974.360703528377,7,308.6248694185234,1.3646471449381732,0
21,0.279022147096321,26.51619722846419,0.21842168246909105,29,37.19754595820802,12,9,0,1,1,111.94047192346788,271.66097076217517,1,93.6428184991702,29.95769416456921,2
387,0.12013569291703532,90.0961248015529,0.010205806830188591,4,2.997335339914473,63,29,2,1,10,458.96437832655783,4992.8684667541565,4,346.8628239806347,1.3480507459794595,0
65,0.30123017703474975,16.87636119201251,0.26381368245607417,54,27.434528610231908,3,8,1,1,0,122.30774442497253,152.95127646014475,0,50.78850099944428,26.86219913152805,2
25,0.26582585789493673,12.107304710935338,0.20320594371193806,36,32.54883834925815,7,6,3,0,7,113.58468268654715,629.1119058248711,0,25.488078791611652,25.712035848460452,2
248,0.1379508302651312,90.71118005771355,0.025363624459649983,4,2.912936092192289,68,32,2,5,28,466.4063129340259,2958.9561658761877,5,299.70351523435073,1.678270686435303,0
142,0.1645517300387425,57.575696837320294,0.07140292892586622,19,11.060138319360814,26,23,5,1,13,160.01253822761353,1497.63986864549,1,120.38292251913913,7.244218631621724,1
87,0.4423987819733646,29.138708852482893,0.18557130023306984,35,19.7189619483526,4,7,0,1,2,80.27924223722772,797.0995004247136,0,71.63534665467972,22.301023310571296,2
368,0.094639155375496,74.06160644536875,0.04431945015690823,6,3.8240760306560984,53,51,13,1,31,556.839749704123,2864.7547315021056,6,464.69035745967597,2.9645091486257624,0
351,0.12320845984681045,62.72998821416366,0.028632512280809944,3,3.9888783509681507,48,58,5,3,31,371.99680916098725,3743.5862711628697,5,270.29105611592865,1.178876137943714,0
317,0.0966254529904729,79.24351793550343,0.01598322570670263,4,4.012749343653612,63,52,10,9,11,316.05433887391297,3605.4570010410507,3,326.78641202605286,2.3200306444904935,0
138,0.21022563023772572,53.151533151561864,0.11637389547201471,23,11.374046122611835,25,17,2,0,12,169.07717838253305,1006.6331209109051,2,214.13372094418602,5.411933355915128,1
327,0.14041969653923025,99.02165262731026,0.02814774538421131,5,2.554611194519388,76,46,11,2,23,481.1552947620834,2376.6967359117543,7,307.81998207898886,0.7534496061746588,0
46,0.33445842256716635,15.76376622675917,0.22158106017279122,39,34.43333612576541,13,1,0,0,1,141.1208901123901,459.7765587658519,0,30.719894496453655,23.619558584235275,2
399,0.12787746385786986,89.22196547237206,0.04720361402038955,4,4.3372134638190705,40,26,14,4,35,536.8228265740756,4571.574971178767,1,294.3316383059848,1.5771456884556767,0
134,0.1500747708370531,42.5736291972521,0.10592639934501942,14,5.405857121346951,28,17,2,3,14,194.40982650584206,1253.6372746798343,3,118.69213115612817,3.3584444443323034,1
173,0.20000339155696079,58.897579309704554,0.05497774957494058,15,14.055821375731322,30,22,3,4,9,184.1132593085294,1718.9411512588692,2,115.4562540146474,7.059733863745778,1
62,0.31427022003794425,28.488110856680613,0.2715549813673132,42,26.71345113039223,5,3,1,0,0,130.57789984516285,226.92809927301923,0,36.407500297888795,17.63715250443665,2
238,0.10258804717943086,81.06313866637174,0.04631274611938561,3,1.6027044308395095,43,37,12,4,35,583.3997196513285,3055.4150192310576,7,350.4482837773561,0.842112916465892,0
54,0.3257699223844378,33.4272099526624,0.2005516138235412,28,16.785030027172674,12,7,0,0,3,72.18336499162564,446.43812334366237,0,73.64640406615483,11.138958973968965,2
319,0.13635312672635533,63.61347842310431,0.02436604118664926,5,3.743645084199455,44,50,6,8,13,359.5473223816047,4512.592502228167,6,318.62666837676954,0.9798885974893143,0
59,0.2520147323986463,27.111877546961942,0.13078679668148188,29,28.651151833952895,2,4,0,1,4,47.530883972770326,373.36098837907576,0,94.54308344409392,20.1715584373743,2
170,0.18069310729812327,55.48085530256051,0.08082619561176474,21,10.042634607930315,23,10,2,1,5,189.39504185491103,962.5026197813936,1,151.91608611735927,7.921221899818921,1
30,0.2872068122742557,11.796881342715611,0.1803949844429817,34,36.99495143279799,4,1,1,0,1,46.703593610026275,376.6043759483457,0,63.5118736570518,23.974538474077583,2
129,0.19320105589303627,35.61674886351218,0.07704576959957649,16,6.365030120835822,25,14,4,1,5,270.0546282683018,928.9438597302639,1,240.4528836737478,9.255540543633366,1
153,0.24830646996148203,41.65578753747025,0.07094738934821124,21,12.92662476751617,31,23,4,0,17,213.988785158159,1353.2402817173745,1,133.96444076314748,6.444816599601031,1
64,0.25612109926738086,14.46210185867712,0.1600947786492667,58,25.57175289325344,9,4,3,0,5,34.35027810177538,229.65633158165653,0,60.524305270513416,28.62449518357796,2
150,0.21301750848870415,38.531092450663934,0.1136343780027712,19,9.563168205509623,28,19,5,1,15,204.76255099266012,1118.1479137348874,1,103.46660027016883,9.3786401722027,1
274,0.08036294039417907,87.87845849465685,0.011804027088812927,6,1.8479299636089541,69,37,4,4,30,411.44578309783026,3262.2836052977773,5,404.6525722734848,2.2414035053601156,0
78,0.25043681890111147,18.468531573837048,0.1859391344457765,48,16.70594207757602,12,2,0,1,2,96.95384897213766,790.8325665046789,1,60.9206691812511,14.540636685645374,2
177,0.21542204620290129,37.016744184779434,0.06798399992846053,18,5.388129478118021,24,12,6,3,17,271.6095697845619,958.172448196951,1,217.39773442343147,9.258382236427206,1
258,0.12767275989678362,81.37823565028988,0.04937405629611616,9,2.280239330083934,56,30,10,9,37,480.0844381584111,3969.1575781543015,7,409.58764435510795,0.8409258186689146,0
283,0.12467894156903453,88.86386203005108,0.02316205461479484,4,1.7110655514049928,41,44,4,3,19,319.9582824632566,2857.0987821342937,1,282.1491214901381,1.6094283477306126,0
61,0.26197492534427713,26.43984580609693,0.1339672047557068,42,28.78725738378342,2,9,2,0,7,64.16375626650665,204.39457549327648,0,49.94115742805874,26.867832926581414,2
39,0.385706282146013,10.330781979840456,0.25694301164761163,43,31.94401235906678,7,2,2,0,1,141.76300406477512,703.5761398117411,1,22.240425557796677,11.390155930303864,2
206,0.09760097076582588,79.92363014044022,0.018143131213689708,4,1.5959989445969738,32,30,3,5,27,479.8882705379764,3900.235220726381,7,388.4558601584314,0.9114981842489368,0
87,0.40970818305641743,33.503047332763316,0.18301886477122148,48,29.947123409064975,7,4,0,1,7,140.27751906004784,582.5371755400579,1,91.1770976099518,24.84185185116489,2
32,0.4423333544364993,30.866713044742628,0.14611610039504488,33,26.29331462190104,2,9,0,0,0,145.1923886158661,680.6662158505283,1,80.86413374048814,28.836425379294536,2
177,0.2073431825355661,47.336999951821944,0.1116987232626275,11,5.968187309872186,21,17,4,2,15,151.9134719561146,1772.8648075342098,2,203.9457690660501,8.761612703048163,1
49,0.3611680975366997,27.355670401042612,0.15570416428487993,51,15.39026555644323,7,9,0,0,6,59.37728880730809,701.0547052318416,1,93.50822847064835,24.49418974928755,2
69,0.3142481755577174,14.514905197618091,0.27399201156957137,31,23.16181824546552,8,2,3,1,7,142.0202252042922,561.7177789411705,0,90.20364340475784,12.727707858673536,2
253,0.1068941281965454,82.77774071054002,0.01289665088585366,6,1.6433926958309848,48,38,7,6,28,580.551626017948,2070.597483242296,4,285.49856483802114,2.058797987935386,0
102,0.20941363914775513,53.6149243990769,0.10621260125372302,21,14.137274940064593,17,12,7,3,9,227.2394243088724,809.7298362634559,2,228.6483982362741,8.218521597469408,1
116,0.15185312335943332,58.291481243975475,0.0970978121990659,22,14.474279980597931,25,12,2,0,19,216.56753689235035,1578.240990840011,3,104.43129529172398,7.939170528435444,1
112,0.2157949485781626,41.69856875267119,0.09639500129205644,18,5.093102907623537,34,11,6,4,9,229.06064077701876,1051.5931065340405,1,141.67493493469814,6.869892571893377,1
38,0.35598212171218985,18.306976759799916,0.27185740617512955,32,20.84226788607738,6,1,0,1,0,105.27893634278055,162.78950790577824,0,64.1425782715283,10.636834890961957,2
23,0.4131418540004146,19.453790332311527,0.14066327405966952,50,18.9826870562984,11,3,3,0,0,37.29374023552841,487.12649079272086,0,69.32702704569971,10.643928441746738,2
104,0.22193006090251136,59.11080448919952,0.07906830063009744,14,13.329941385530004,21,20,2,3,19,174.8055638269779,811.1030269230828,3,234.6263252662531,6.537324233351162,1
186,0.21284069576409897,43.968894050531844,0.07201949056491556,13,9.271124464193342,30,21,7,3,14,225.38214100830348,1381.9907414929994,3,158.44861334321732,9.365129024842346,1
26,0.4133241008184273,27.4136766071426,0.22833323807120476,58,36.71260976491927,12,3,2,1,6,53.43203222292648,677.5272374363532,1,64.70537879346571,23.122576087344036,2
82,0.3322510375820658,10.851112655006617,0.1885251964219219,27,21.75239380709114,4,2,1,1,7,139.4085249932824,659.8806178349311,1,33.71457635797745,21.136302359387862,2
281,0.12842000780182383,68.72092429976345,0.016466901765872108,7,1.4165494316811498,64,21,13,4,24,387.7549276428756,2379.1592672170013,4,436.59072107831037,2.2129362831944515,0
153,0.17293935021543821,42.836933996161264,0.06543065194248297,11,9.43039976635161,22,15,6,2,9,288.0295479111411,1395.4633753879093,3,209.45494411700815,8.819916353512179,1
269,0.08579238940247143,93.22618026260999,0.03212005810367834,7,3.0082008539537886,43,49,9,5,22,508.68739570621744,3134.3023093623524,3,353.9653348519869,0.7514068302086109,0
193,0.2079596727412674,41.02660864641842,0.08063524118603214,12,14.47306899236962,17,15,2,4,10,164.94958831151638,1065.8012610246233,1,144.38895234704324,4.0058412508321375,1
116,0.18433009691957408,49.69755812237037,0.09837741090376959,11,6.826251302531011,17,13,3,1,16,270.61638690916976,1784.553548189978,0,132.18347819950034,3.8792889246421147,1
28,0.30439302155561654,17.98141763119742,0.24734186251192225,27,32.653056962296425,9,8,3,1,7,134.80433275793024,588.463288946086,1,24.652089645312092,17.055369317139117,2
48,0.4185574492227858,15.598460832742392,0.27565805857659553,27,18.87899447345874,6,8,1,0,0,52.763563782015396,344.08852675314563,0,77.35815208511016,19.150908147468243,2
28,0.30119615176859943,30.659969343615835,0.14339467859138627,56,24.589531313581446,11,3,0,1,1,126.07483876953785,493.2584968634966,1,57.59119264331517,14.231642691409828,2
42,0.28600360901016136,30.06129363703734,0.15542611490285527,48,34.93544772083122,3,1,0,0,6,145.91402461350881,641.3927476337541,1,32.128851034438085,26.349528786098414,2
351,0.13492677847610166,98.34508709252881,0.049685332653626894,4,2.984665536452878,75,45,13,5,22,581.6989266257933,3816.4437515778363,2,308.1591595966937,0.9014842376082715,0
102,0.21310493932702207,35.0156879157114,0.05961123625991231,19,7.64967061555443,26,18,7,0,17,210.5716507871249,1298.9432744830196,0,223.15479206446466,6.451245850781433,1
111,0.15693077730382948,46.3188584427185,0.05291508156379862,17,7.8350719027093945,17,11,2,3,10,258.06505533386667,1291.337525152771,3,224.52658644993812,6.591485960044066,1
389,0.09826255363391997,62.66476449563268,0.019811421290213384,6,3.328592919119889,75,43,2,6,35,418.7884766242815,4138.537987582865,5,358.9987951426465,2.5734628753559363,0
267,0.09605763219934647,76.25569233094089,0.011647339811170868,3,4.260473537921472,38,22,14,2,26,532.0658225594661,3956.279185644952,6,407.4070862346482,1.642044511390338,0
145,0.16072223942084873,44.584696590799965,0.11718486505064003,21,11.262592746624268,16,16,2,3,14,199.35085944933493,1868.3630685362243,3,180.4934919603241,8.532852331180916,1
232,0.12213547768786721,91.60054235167425,0.033515374844415476,2,2.130982758315048,35,32,14,2,33,335.07706065761744,3152.1279151733015,7,305.9811469491474,0.9673285736036172,0
298,0.12063808086407368,70.24062127414649,0.012987776710314161,4,1.1913232815764219,63,25,5,3,16,432.52394749131213,2641.094424710985,1,270.9312344613371,0.5552146132529494,0
85,0.3682860317798021,13.940283726571703,0.27820797932141506,26,29.54451527314303,11,4,1,1,1,32.38558904367365,246.81729575699612,0,67.62986932391148,16.86534314144808,2
181,0.19670178665217417,35.68676406282462,0.09703832965489358,23,9.109329049627583,23,23,1,3,13,220.5444334037362,1560.2423523394043,0,245.93415840815425,4.770382638894009,1
56,0.441166165936598,20.254094230765936,0.29463379037512905,46,34.77680358695281,8,2,3,1,0,108.41183090092346,720.7084682014925,1,89.62632276432754,21.324096470142905,2
327,0.11317789590013894,76.70024336111568,0.03646529401484587,2,4.166799953813406,40,44,12,9,31,365.47796180811883,3422.4928888159593,6,415.84063350367035,1.2057845855268006,0
60,0.39145358373328787,11.57189455286219,0.20631740251912112,55,16.67669128850722,6,4,3,1,2,58.64745742933741,790.767477259129,0,31.004168918011175,24.396606234999076,2
182,0.24947749545739062,46.331686518875536,0.06008022567438755,19,14.108242203303961,19,10,1,1,17,165.15423697368877,1453.0161391303443,0,239.91686870316016,5.739646653546229,1
97,0.4399797967661966,33.39492102238632,0.16371952259246203,45,30.073690767265106,13,2,1,1,6,90.01776997972792,448.9814148319053,0,20.044334766820313,22.3271264719805,2
91,0.37895872049214996,22.81083081423288,0.2860816491343634,30,20.645609694100845,4,4,1,1,0,120.40657379038029,419.55822970525315,1,31.998161932123573,19.772877941975167,2
344,0.11606652384049476,92.29721007267045,0.015830262729790066,9,2.888241736787993,46,49,2,2,15,352.00291589258427,3659.3359131751145,3,357.03879325752996,0.8018665897417003,0
155,0.19550756355203844,58.33951140016723,0.08386949790232562,14,9.030387579071322,28,20,2,2,9,293.749152972208,924.5296503616888,3,203.18479682186128,3.0487031111230385,1
305,0.13648390839355456,84.9640617672735,0.032852757676782966,6,1.7075485805754176,61,34,2,9,25,480.911866515985,3642.414469586956,2,323.93689064875514,1.0414479640681022,0
28,0.38433321144189414,25.563970083041106,0.2661084475897501,44,31.2576789326814,5,7,3,0,5,140.11598291060523,131.4366475561121,0,99.86151809632548,26.676186177457236,2
204,0.11475928334781543,74.97741478881687,0.04286051789629764,6,2.847787746683823,57,23,9,5,12,597.5318642937748,4093.1489226598787,6,491.3024096364338,2.2521642478135715,0
106,0.24665589185551431,56.32939530644501,0.11996275259418061,19,14.433101118741497,33,17,1,4,12,241.45622933051396,1452.1638439776357,1,151.77697574434458,9.220852503493589,1
111,0.17995563196148973,35.25026026397841,0.10779223974349104,15,10.598905318457854,34,13,7,4,8,237.7682491390687,1301.5634523038325,1,163.43147027001683,5.866629361950998,1
87,0.27646611122401826,17.934308326686292,0.188915738787037,26,15.0929025067996,6,7,0,0,6,89.75256640747276,122.13050788986948,0,24.099163291713978,26.044426379426035,2
398,0.1311027521593273,90.02007699061254,0.020105963758435402,3,1.9155784193864545,32,47,7,7,10,373.8858056431595,4342.891590933306,3,428.60352536762446,2.3221745112208527,0
226,0.08699894210133044,64.16987864207238,0.02010034998753529,2,4.769261558692771,50,32,12,3,23,313.4884324774653,2018.7724130794106,4,431.5278148361592,1.2735319871761108,0
109,0.17437082119043426,35.38276466567264,0.06406140260981598,14,10.438779211611175,33,17,4,3,8,274.20649286613786,1314.4701701017777,3,192.11361069635524,3.20041835684957,1
387,0.11947755644131855,81.5360596152315,0.017533963350624057,6,3.73501642230817,70,36,9,4,20,534.6152307791275,2894.2269515744683,3,425.2338412544998,1.9430401825223753,0
357,0.0843638953757869,78.20574740144625,0.022925226282811142,2,4.918203361527027,78,38,5,5,12,535.050024253577,4984.052495589462,7,278.8895941701579,1.9826404749183941,0
341,0.10727326603534423,62.75686157468875,0.024873341169548986,5,4.966353635481096,55,24,14,6,20,499.2605139215357,3092.3383250314982,3,357.0459849667932,2.6388778085896814,0
97,0.40531817919666424,34.94905165239216,0.2709142916101267,37,21.30014178028457,4,1,3,1,1,99.28791205597092,653.0766585869661,0,81.4987834703042,10.984888028165782,2
76,0.432567771638795,23.947519470262733,0.24720306522692223,26,30.832583159966784,7,8,3,0,5,148.3154021281701,769.3814386191668,1,24.57437236242132,19.27643437535326,2
325,0.08405047284303951,92.2125986943162,0.042980561875873353,6,4.525803118700086,48,32,11,4,16,502.3198955441944,2298.6395384263255,1,326.5752492218844,1.3431672401355659,0
156,0.18519297707317767,48.02205446118778,0.10424499306141685,24,7.842882890954593,32,13,3,3,12,263.0499206864372,1361.4190199504515,3,169.3492746188924,4.745630515971245,1
303,0.11740423925206242,85.80216671077318,0.010834445571661524,5,1.9017550218547754,40,59,4,9,25,399.6616712841965,2083.5317227322403,7,327.89293489555723,1.2251100704449664,0
69,0.3573257808603608,18.690877174405035,0.1633446321878314,57,17.131455615921517,8,4,1,1,4,34.829372474310084,716.874669825824,0,84.64117992502268,26.184916735069653,2
196,0.24468801963410236,49.98396467839507,0.10832341618498177,12,12.667683563383356,30,12,3,0,16,151.8104902950927,1642.597194377975,3,226.9826163729794,8.929084247723585,1
391,0.08018165170685526,82.23226325748719,0.03560011867347655,2,1.345698443050186,67,57,6,5,36,582.7977530899891,4578.669190753811,5,440.2214944178774,0.6174812525077937,0
82,0.25640361066389017,16.548231121205724,0.20940190924399094,45,15.392914575482195,10,7,0,1,2,146.65878114416998,109.52307681546779,0,50.69777397755636,22.281299694547968,2
161,0.20745821975518797,48.201702023301976,0.10160534564999132,18,9.864423871418744,29,21,3,3,15,281.7796123810734,1879.3437014646022,3,174.0980770215237,3.1291949333011586,1
187,0.15037024068324167,42.565579573218876,0.10232590794077337,24,7.281003779023852,19,10,1,3,9,288.69766581077715,1663.3642775760572,3,189.86489876541287,9.455616088871109,1
138,0.15291698922907432,50.54841834391773,0.08662106005641879,12,5.779938664094091,26,12,2,1,17,247.30425637995532,1160.786768672893,0,190.49883484668976,7.956166487985382,1
101,0.1805813511283664,43.524164086562116,0.05437358329504746,22,8.650475666926015,23,12,7,1,19,152.94157987113803,1890.777070297837,3,238.78969624854466,6.874716197500283,1
128,0.22889270239488796,42.25904713416703,0.0878055525345537,24,11.892793212258372,27,21,7,4,8,196.32913488546947,936.7343233334523,1,204.34611301681122,5.715289702662108,1
98,0.2576851291278117,10.482960088358512,0.1420878799074326,40,17.9989051937048,2,7,0,0,5,101.19113642104527,683.5252910817683,0,66.39866563616671,26.519473391669738,2
184,0.1723009823533733,43.536735165211056,0.08524594579085976,22,14.348220404438013,21,12,7,4,15,224.64743317578274,1307.4420908709044,3,158.1928252982338,7.4491543740573105,1
187,0.1850777623010312,53.06921690026989,0.06667466048329312,24,7.447450796369273,27,19,3,2,5,226.01550610766822,1951.900027570509,3,196.80184348759116,8.33857442938039,1
121,0.17691897394733053,56.58892007495774,0.11528477856599503,11,5.5357655960740795,19,23,2,0,19,239.47118663159284,1030.1281499524052,3,246.41195293322014,9.331317490969013,1
170,0.1517670044795434,52.48461852468418,0.08497782611980328,10,6.039593759123896,27,10,3,3,16,278.04448927919356,1634.5861510131804,0,248.739135349625,4.498049792217119,1
33,0.3979499894780971,10.297611721196258,0.13523566929820524,55,26.549987684105204,11,1,3,0,6,86.82475762786686,643.1817361249217,1,51.37022839894306,13.425652725843026,2
298,0.08618857563559526,93.52427852713183,0.02582060679396061,6,4.066354095886574,52,53,9,5,22,554.8602646463704,4554.782957912657,1,427.7502404874528,2.6273797485170003,0
389,0.0896847164692461,81.94412471752614,0.03389096289721364,8,4.50442077039217,41,39,9,9,16,584.6233185449132,2834.2985451990694,1,424.83486656316074,1.939464656936029,0
288,0.10286558692572287,88.28920382577778,0.01187781428591252,6,1.4870476445010992,35,30,7,7,37,320.9401963843887,2140.3575349153057,7,413.97582827459985,0.9829000210210819,0
338,0.08533402657194142,84.99045084173005,0.03501218640855791,8,4.034705560444019,54,38,7,2,39,439.7047625286839,4668.729854991477,5,292.8990917662975,1.4572078682104588,0
118,0.17651132504151487,47.728949139065065,0.11852436892839298,24,12.632949119972816,20,14,6,0,15,271.3466624420563,1663.470095918522,2,129.8375220605837,5.413508500581756,1
330,0.10644102203234064,86.05468843952984,0.02534449041622487,3,3.034317157790314,77,51,10,5,22,404.1187105498185,2941.119536156196,6,263.6165118417094,2.8467865884350876,0
66,0.4184915455421575,24.86370956529143,0.14351240695378645,57,29.29616499465799,7,9,1,1,5,100.3636969587543,465.28313394639486,1,43.1634198234964,23.20345283293914,2
96,0.35181666133799033,28.610367850889183,0.21510338205922247,33,36.14667265512088,10,1,3,1,7,63.460510029313,228.02135562758687,0,36.086679072483676,17.873268281112814,2
214,0.1296237697837083,94.03270071344585,0.028692430661506105,2,2.588715109716844,50,44,11,2,24,519.901085888506,4285.650835587332,6,266.99332495485095,2.4199249451545786,0
44,0.3497267012880558,11.190380689263792,0.20826307939001892,28,15.428792017415352,13,6,1,0,5,57.698134222533795,267.09056328928494,0,25.545300909705347,11.353470733159668,2
159,0.1758961605024975,41.68817575620856,0.09608797167639294,23,10.718975224589538,27,19,7,0,17,168.43667738133675,1499.6223769329636,1,180.03845951656132,7.405484598402569,1
61,0.4162072626545371,18.001383876386953,0.2899662671362172,42,24.352018682205085,5,2,3,0,6,129.53359677139974,753.9087406551045,1,81.23457733958173,15.84028200881468,2
127,0.19892388614277745,53.64070831301255,0.08877789649147924,13,13.868315394689592,23,21,2,2,9,272.5653199503922,1408.3161392926331,3,178.23992694866826,7.760767889032941,1
55,0.2949625799020369,25.648325921217673,0.2798415922804748,47,39.152426602197735,12,8,1,0,4,50.775052699818694,203.83742650379915,1,79.09296428494602,25.65471420720384,2
156,0.16306726304132624,38.54043112466543,0.07806174945895372,12,6.290364088894249,16,18,2,4,10,187.8272972728904,1938.9349482658965,2,167.5574819558512,9.204634692370767,1
47,0.4281491183699443,21.215331320741797,0.29949681141312223,26,25.44255441696514,4,2,0,1,0,106.7269063083602,315.4246616254742,1,76.38274347581815,19.822770713916537,2
167,0.214310435261785,52.560134146655045,0.10776740666565265,23,14.559800588260723,27,22,6,0,12,182.0605031972866,1420.0832539280773,1,130.0924556686979,9.896451281377656,1
88,0.3206048538717311,22.852171871981845,0.13727203589038617,39,36.246785714026366,9,6,1,1,4,128.0552738604174,433.05565421431504,1,71.29597065857185,24.582065671897524,2
199,0.20241962710633074,56.14105229061053,0.103371116535737,12,9.467721588396069,17,12,3,1,11,191.31700196857636,1971.2847032382851,0,148.24937070921206,4.574277640112851,1
55,0.29228003691218,13.415588577468803,0.2632258258808677,56,32.10177216038481,6,7,0,0,6,41.709500349152336,333.98436234544647,1,35.13900820361986,28.783948656515243,2
214,0.1238157769071101,68.18178372677853,0.01004480445920438,4,4.458641568561671,60,50,2,1,20,302.6118441187631,2913.4775982468527,4,316.4994232731645,1.6148888627302544,0
168,0.20976324398689003,59.04031896083208,0.08999331034803501,17,13.42464106835575,15,24,2,1,12,199.9227541637508,1157.5757535947234,0,195.1378980177306,8.43802228828797,1
105,0.23168902895041682,54.13858424223007,0.10943306314250177,16,13.059058425334413,20,22,1,3,18,274.25672184024694,1750.4037513562353,3,132.2507152405043,7.322901192467329,1
92,0.287430438519786,20.102013237332734,0.25580486550040266,35,38.425242487803594,8,8,2,0,6,123.9581579491235,122.98480035871432,0,89.29511322124645,23.256061727514716,2
96,0.37077559792481757,28.560512796784955,0.14149211557373645,41,39.64361755025074,8,3,2,1,2,42.41970043122812,567.3250608089022,1,57.33074959601497,18.982793769187822,2
90,0.2663723011832588,16.561507785017085,0.26141119572335586,36,36.85216781318593,3,3,2,0,7,59.987183384083764,644.3497987743824,0,39.235645094072744,29.99849653666353,2
80,0.3491467590604921,25.562138467655743,0.21369488030564945,28,15.20501773569114,4,2,1,0,6,59.575184356500614,539.8354557090577,1,93.68236128430416,11.012027742436095,2
74,0.4113798695839378,17.432942737801174,0.21664222869367594,59,34.53650364576596,14,4,0,1,4,86.84293587488406,128.08160480196082,0,39.179533835060674,15.87604057631015,2
371,0.10349620453578742,92.27400595850344,0.049098655452591435,5,4.5192659437677545,49,51,7,4,37,493.98013318459857,2760.7523509891075,5,337.449015451898,1.6439383306260795,0
51,0.43710910790235324,29.999791813888372,0.2220743947032356,33,20.46057821657649,12,3,2,0,5,66.53321387884489,373.1371770749316,0,26.393208747728536,11.107814600418784,2
156,0.2291362919122886,38.98849891721059,0.0945775024999047,22,10.019355807808607,33,21,4,4,5,206.0349429058621,828.4596323669488,3,208.09966817617936,5.523241204044789,1
37,0.32214954901104187,19.564720591773003,0.25317584391772513,30,35.77093127897882,4,6,3,1,6,52.015710476261816,773.1052797272412,1,95.48028285065912,26.69475909553935,2
79,0.3923905976131101,24.89201589557788,0.1653856069196374,46,30.9406608736566,6,1,0,1,1,40.73740595789009,400.87238869896737,1,79.73974180100754,13.057776912895926,2
374,0.09110525133497438,67.45619947152576,0.011951343266926925,2,1.695010382649178,56,55,6,5,11,450.47270997538453,4680.783759350395,6,313.40319271492706,1.003159470336181,0
234,0.08841152534639496,69.42766984259998,0.031304100776030484,4,3.6228946902466252,79,54,13,6,28,592.8560924964252,3974.1649515836625,4,410.5216268380998,2.7255915544894274,0
98,0.258895437760632,12.910071279143647,0.13835430641332622,50,20.245664577264034,13,8,1,1,6,141.72343155330753,145.59606706962717,0,83.25984948619809,23.827728904300372,2
312,0.14433810006950615,93.59155437826283,0.01583688296140582,3,4.032740044306149,54,26,2,1,25,535.743793640512,3913.7056236588846,4,369.3000198544903,1.4695856739277358,0
316,0.09359917674584296,95.86441051896082,0.025665205621614243,8,2.2901119113856607,44,23,4,5,14,489.9217960498539,4811.326834759031,5,264.79426796588547,2.5508102203680023,0
194,0.21618107285744248,38.139552567754016,0.0893006864553187,16,7.504829467497634,31,12,1,2,18,289.1850944793041,1491.6866617443602,3,217.10990950430045,9.804671952486178,1
31,0.38772546045899964,28.072876323073384,0.22794674457193403,25,21.820566722005054,4,7,3,0,2,136.6118046172915,637.8873801798239,0,63.48321901844567,18.584215590833995,2
315,0.14863239075646645,93.48315962812117,0.04343992255124838,4,3.959945546742447,55,22,6,1,19,513.0397921693611,2760.906666542115,4,363.0506197758847,1.290537806408325,0
167,0.16635537945301873,58.31505518759109,0.10098957411096067,12,11.491539648308727,23,22,2,4,10,164.65609130801377,1775.5140864727246,0,240.81248324197492,4.680886343160639,1
101,0.21321201219156513,59.76872023483047,0.10105908141085784,11,5.2343295536738825,25,12,4,0,5,151.74673492546444,1032.7927474680766,1,182.49684795757963,9.073938218366816,1
55,0.3676210396483996,32.07832655818645,0.26043454730424564,31,28.133969211840096,10,7,1,1,7,134.74479429205513,188.49835900851963,1,88.06447663739591,16.136762614052365,2
143,0.18443080333199594,37.34082233334073,0.10383754204551093,15,7.672098954860741,19,24,5,1,5,267.07827041355324,1815.8413917480862,0,122.31824257737293,3.895649586438354,1
44,0.25265370817217503,20.178534613897785,0.1478215211969789,26,29.982289555503534,12,2,2,1,1,31.05297060743014,293.6689595253573,1,47.90896774162185,27.52446586263282,2
195,0.2252847475091384,39.41099426175876,0.07000890140643866,15,13.194278536703651,22,16,7,1,9,209.05787544795564,1634.8131958584067,0,223.48395388697492,7.984443949864195,1
40,0.298560299965255,31.27006504123782,0.2583435310336917,45,17.34909488525957,12,7,0,1,6,80.41614650197205,253.32685314944092,1,56.56018475015525,21.05419140333396,2
183,0.21837882008898746,50.404574130314934,0.06266121670977355,13,14.326481005424785,18,19,4,2,9,207.87891702541634,1731.9282077556686,0,211.9382341525308,3.27616367045884,1
114,0.15554452357038415,45.72210973486776,0.11883710543224008,11,13.043744141377006,16,21,3,3,10,212.22714098408187,1401.343640990418,1,210.82075751180298,8.519862894057795,1
26,0.34222835557613995,23.854842415384955,0.18504887008179766,33,26.842131510084286,12,4,3,1,2,48.435782447192,755.181859297507,0,85.4487827795334,12.590532198007047,2
139,0.217283168992043,59.45827019193119,0.1162619000944837,15,9.841844983225968,33,14,7,4,9,211.71163976406982,891.3199867769292,2,163.20654118207824,4.696931697210476,1
123,0.23589323493247277,47.52906828643726,0.1150854205841352,10,13.627707774592256,23,11,7,0,10,284.03018752476555,1971.216710718553,1,201.5691232860853,5.919341098246306,1
241,0.09687593826307422,81.18646714620324,0.01882244499689293,9,2.288432016916742,49,50,12,3,35,388.6963624837456,4172.7635824973995,2,465.51903564414926,0.9297813943177609,0
71,0.38813360308774447,21.877316712184047,0.17141969799241014,36,30.407367818269613,8,1,2,1,4,38.8341913840418,681.7972751047678,0,71.33492063798398,21.943014089662945,2
223,0.0995834455018262,64.91107558650835,0.03466418327449896,7,4.392191164523087,69,43,14,9,13,598.9194881037166,2863.4938965548176,1,477.8786814664627,2.9529538969846056,0
148,0.1552719766334501,42.559893507598055,0.07540060718965724,10,7.102761779018614,29,11,1,4,17,298.97456084002175,900.6775527546912,3,235.51116337941895,9.494670431533875,1
292,0.08956349320094202,79.51239203234951,0.01013385448171917,8,3.004611996728039,36,27,6,4,29,491.49667193754794,3729.4173126732617,6,380.4710820394858,1.6953973088896102,0
388,0.10938465995123936,62.22613957427902,0.038622132609369676,2,3.6972152256361936,33,49,7,9,22,473.65205041067776,2612.7402767365024,3,472.5345133617285,1.6257062095788144,0
345,0.1357530242971714,66.48055511566338,0.026200831963212864,7,1.22454441366484,33,40,9,8,14,388.2800209911343,2378.8134113231954,2,390.6073435294802,2.988777420039666,0
66,0.35436464498999043,27.077004336853385,0.1599591081034156,25,37.51541830254874,4,5,1,1,4,134.44862039305198,722.4998234519843,1,35.678297799333414,16.436550163381597,2
176,0.24694908994061782,35.78782607705529,0.10431106026808887,21,11.604697213644311,20,19,1,3,19,173.36274342982946,1064.1317960229962,0,196.25135652422438,6.687382350886444,1
182,0.24837350336757577,44.48208479318861,0.10370195029143425,18,11.619015764719286,26,11,2,4,14,168.5195360596104,1205.2529296690695,3,225.28439362690222,6.439443631881497,1
280,0.0916350802336477,70.15554256173218,0.02929425526206366,4,1.6062774863506943,55,36,3,9,35,510.7465024765406,3339.325765389646,1,483.4664857115622,2.6562240547457523,0
36,0.29813454996905736,29.787209558618937,0.1740345931750196,29,31.817813162169255,2,6,0,0,7,115.51256211056796,427.80199737100753,1,55.94926973001205,25.960931656736406,2
360,0.08271843141005962,67.98027709353279,0.01922276783220076,2,4.811190110405177,62,48,12,5,35,316.31722455669336,2694.440287738965,4,484.6662033233431,1.8152062960435074,0
79,0.3512742841512524,11.775026987634757,0.20483479231617147,49,19.121418523663753,13,1,1,1,3,141.43275954924235,521.8430448999444,0,28.283485756222717,18.14492834524141,2
216,0.11718860277814738,89.80258192480882,0.037438709439319366,8,3.497701785886912,68,30,14,3,22,367.88257524497993,4412.287008900778,2,370.7128186025262,2.13396692511105,0
93,0.28493992604475626,10.35570559322915,0.1419179479679218,44,20.14312068824166,13,9,2,1,6,44.74506958729832,593.3853382621355,0,53.8490744796629,17.842696582055503,2
112,0.22020825668844965,36.561106874348106,0.05123516121250241,13,9.874678354639741,18,18,7,2,5,291.3914565237983,1119.1688775849345,1,144.00845133744676,9.829234780123784,1
181,0.1664934026852731,40.017821072844804,0.06628227035041293,11,12.199595393694796,21,24,7,1,7,156.28205907581633,1240.6085773175505,3,102.24249566563583,7.064338323376476,1
109,0.20069996201433474,50.827128162405955,0.08132501734672998,20,6.989297797950384,27,24,7,4,15,215.05855542471315,1906.9986755630039,1,184.03621956745786,4.8071071736093485,1
147,0.1654415757539213,40.38782143869422,0.0658713958828853,24,10.523380134555028,22,21,1,0,9,279.59037111899323,1998.1054807085288,1,138.02515241586596,6.042253577070774,1
169,0.16248700769059227,55.05622948087785,0.11680959462247517,17,14.29870482293879,32,22,5,4,10,214.77655384680446,1953.9685907783648,2,227.7831973705575,9.4723597248977,1
55,0.25053363360185726,16.816926309862037,0.2764134791126929,33,39.513948522732335,7,7,3,1,7,112.86631684795738,379.90108659605085,0,71.22778770381896,25.951311050690435,2
354,0.14535842766319124,63.66797340445721,0.02394294668967882,8,2.423893495179411,55,39,6,5,38,573.8677334209726,4723.206299532538,4,457.28766007103496,2.8471924378556825,0
346,0.13247048099832504,82.63106479866242,0.036011767434938155,7,1.7134903372293193,75,56,4,1,22,550.519783636506,3951.2757464715933,7,454.4058445761216,1.0783941056485227,0
247,0.12129691279963453,90.83645508257082,0.033908942610234576,7,2.1977740419675467,69,57,7,4,30,597.5088220117356,4180.5164931447125,7,437.344754181039,0.5880379338138088,0
387,0.14022832328181728,98.71976266016938,0.026063209457019496,3,4.317329620565134,37,58,10,1,28,577.5141526029043,4080.00546120412,2,425.18138032106594,2.8323915638205683,0
314,0.10415578394756707,63.46820847448734,0.024370029916649823,9,2.102879412382209,37,37,4,9,33,341.12683742362697,2677.183171517382,3,494.37406455222333,2.5326569930353005,0
156,0.17222827666385854,53.275258728487074,0.08446812314430349,20,7.013991027938874,19,11,7,1,5,158.66822955297962,818.771954368921,0,177.6101934737449,5.108580236435956,1
220,0.09756023691426628,78.9266480420757,0.03491749531740475,5,3.25776436271553,50,49,13,3,37,573.063910460327,3554.828529342939,3,329.32636935512164,1.8599327782124186,0
388,0.104318938575779,73.77534928176934,0.02596183784548444,6,4.749413176863458,31,42,4,7,14,515.1361705416581,3934.708715877068,3,383.665230768881,1.3546644219953774,0
287,0.10640813582595832,75.15286262227663,0.02305734306013172,8,2.569574886113898,33,53,7,4,38,547.9855036507466,4750.826144602748,5,471.4784988743562,2.0480107932303873,0
130,0.21370858888547156,52.57999461938717,0.0517401661141056,17,14.893495140420391,31,20,4,2,19,201.0863906131678,1288.6084863186504,1,229.85514884860055,4.071794120405389,1
208,0.09678511514101823,99.63717905829563,0.029067073133214737,5,1.6826590341999936,47,45,5,7,39,522.169416977853,2150.6432950713656,5,310.64456651845626,1.926023728509104,0
198,0.20140233698765098,54.114206593985756,0.05720335618394005,13,11.636247207672996,29,23,6,2,5,192.61562238411494,1940.710415691126,0,118.84917183693742,7.772831224230011,1
312,0.12867877861746532,76.31937981459379,0.032836180073766576,8,3.447762021349324,53,28,7,3,39,301.9305634490387,4304.016305939629,2,495.31039936386554,2.3117406356545613,0
334,0.10925622222009052,98.36299178256111,0.041552279274829775,5,2.545395639393262,73,46,8,3,34,485.1656417633702,2704.9828326040747,4,354.0656951719768,1.249171709603727,0
42,0.35453945292767397,18.5838346604013,0.27939429097557544,30,24.546119973085393,5,6,0,0,5,133.442125935602,452.85246278806187,0,80.66445708106346,28.405423952030773,2
82,0.28498920273820594,34.76487450526642,0.2518983902999824,31,25.378612596707192,12,8,1,1,7,91.35894523933517,391.64229508358807,1,75.91421287561735,24.921869243884537,2
58,0.27446771519242824,33.994374544157964,0.19675934315263774,41,27.380379816788654,8,6,0,0,6,41.8503562418026,439.31895017978445,1,39.88394486009437,12.28589362284767,2
331,0.1485657370035056,87.3192825366853,0.012460681049569402,3,3.6163031814879925,57,51,7,2,38,337.56616785504946,4304.384535142646,2,329.01942096081603,1.947413300739511,0
47,0.44805312794578567,26.60884881648467,0.29860474424800354,27,29.264001293522448,2,5,1,0,1,100.26168509772955,366.4031589646749,0,27.994952525489563,28.700883927814612,2
167,0.21219807900938742,37.28565672154273,0.11245665408766745,11,5.004015440253399,29,13,3,1,8,234.72287443295943,1041.9862535202706,0,137.69615307132352,8.747773694190613,1
103,0.22865057135281222,49.143550651772536,0.07958917986690209,24,5.460691696754676,30,18,3,4,12,242.2822344895371,1539.4691019283437,2,190.74112197966326,9.689349658469492,1
118,0.2012835362435142,48.85469127511978,0.11873279980246719,18,10.036917612374445,23,15,4,4,17,174.65890264926213,1952.0142569829507,2,232.68579805873938,9.40833816852832,1
27,0.42393804025190907,22.217654209790048,0.14886914409186083,38,22.345923890549013,8,3,0,0,2,133.28742712657015,561.6431197613563,1,40.60630259983995,28.4000166949931,2
78,0.3278773709335384,24.44407668744269,0.26372901603478127,34,37.405676432702705,13,7,3,0,1,107.52123491360388,713.8921816817899,0,61.08176615299868,17.278777668080856,2
146,0.2193863161875732,54.92153925690478,0.09204246404310278,21,6.829229259620847,17,16,2,0,11,223.78139391912356,1282.1524044000366,0,186.32803254491859,8.837416203227258,1
181,0.18223248244694248,57.94431631236099,0.08407257338466209,10,10.567092565528538,23,18,7,0,19,209.78388362161914,1125.1558494454634,3,247.90418922946446,6.487055041758039,1
178,0.15852683416116772,59.32110396650056,0.07207914738810785,18,13.67152151001122,27,16,6,3,6,183.224032328946,1652.251817979518,0,204.30313760978044,9.894100962795214,1
57,0.3461481824819445,28.5750479630237,0.28724452206991824,58,27.90577523542285,7,4,2,1,5,144.7920681320769,709.0335976244743,1,38.07827077241468,19.971725747824244,2
247,0.1080210342237197,63.110613763158284,0.019386961530462044,9,1.0281168152544766,52,51,7,8,14,432.01741395281965,2444.652386297974,6,267.1621665369681,1.2545234241567342,0
42,0.4458206788504547,18.662522184143626,0.1715135244031441,35,28.321841979037675,2,5,1,0,7,38.78101185216025,126.70752415476404,1,59.973619498324275,22.45658473922359,2
253,0.0832102886483243,84.93330203619962,0.03608492982121752,3,2.9236240030122786,51,50,10,6,17,559.4887815345605,2954.7861241571777,1,465.73059837774724,1.0150141963800996,0
60,0.44618131165802594,22.708679372683577,0.2934917132868947,42,20.399631893237583,11,2,1,1,2,88.27299815962164,725.2446119855894,0,85.50663193712943,28.7229397319706,2
67,0.27104837961553047,24.339615173844727,0.19955353961041847,25,29.19596865848264,2,8,3,1,5,51.05459642363292,547.1063861719042,0,21.387674148297435,25.05037321140724,2
151,0.22531188471796743,59.02073542700471,0.1014333267948741,14,8.830588064210035,29,24,7,2,18,297.31160679534463,1462.666736208616,3,190.69190702578322,3.101294490520055,1
53,0.44536685303603785,32.55485725305947,0.14211119619427875,56,24.376359672138406,12,8,0,0,2,136.57295028137665,406.62224819412876,1,68.40024490704265,10.24832178338847,2
165,0.22274770779964964,48.00486519309714,0.09131195415548207,22,9.423937407481937,15,10,2,2,13,155.73041756360865,1861.6099819440199,1,230.48589008354813,4.7727175412817555,1
62,0.35144078735356366,17.417782713217118,0.20250786704495893,55,32.33186068521796,9,8,0,0,7,69.86081514376284,571.1063706741367,1,36.41871414242473,24.40648554652803,2
291,0.11616873801985966,61.92378575856351,0.0472635795327596,9,3.7664722222772773,31,42,14,9,17,369.23839617795954,2274.122314581228,3,393.46264949375666,1.2059197976066405,0
168,0.18608063113780027,36.18062191236887,0.11808821202827596,11,9.340488684781807,27,10,2,1,8,297.0077914464727,1771.6091097056878,3,234.0188581250674,9.107258662809773,1
310,0.14070392534885026,79.81694505615863,0.04526548531081401,7,1.170532837148131,74,20,11,2,35,316.56675622290857,3146.756755932375,4,394.7444116385363,2.5823434807966525,0
44,0.31350913153106763,24.226674956052243,0.18398277333914495,26,32.212194782788984,12,6,3,1,1,103.95501483053532,314.66804121918153,0,25.732049138518775,20.503515798684482,2
185,0.20147842349331344,40.052023402163016,0.09391198959071836,15,12.385390394759076,34,22,3,1,12,195.27519913393428,1912.839691353864,1,218.74601082745943,6.819259250990054,1
310,0.10641001756694508,99.9741399826334,0.012067873489661079,5,4.087430904726485,42,41,5,6,25,468.17394270031457,3467.1073259228597,6,255.18950803099105,2.7963040069262948,0
45,0.3521584060997768,30.72987852539846,0.20206639637749507,51,18.069747547605584,14,5,3,0,0,147.79327867709196,406.4596718923415,1,36.25280306913672,16.200037055646106,2
312,0.0832827527453854,64.26314920514697,0.04384981168076198,6,4.300522670664461,33,32,11,8,34,436.68574693117546,2497.7030731123587,5,433.21479683295775,0.7559177114580233,0
127,0.17655575980124136,59.05532275289862,0.0553706379619216,21,12.663040711189002,30,22,3,1,10,279.3502374659597,937.4394419916179,3,230.83067934983424,9.2495715771292,1
78,0.44368625517849397,12.47182572190757,0.1375865779981935,53,24.771896225895713,12,7,1,1,0,37.337541725722346,796.3275816433801,0,25.875575280460914,22.204979565796098,2
391,0.0965281573182183,76.87050638922051,0.02589515953857604,3,4.311473501288692,62,48,11,4,19,327.6503875417297,3717.928559346754,7,284.7505512997694,2.3521731709630447,0
136,0.17518067660508815,42.23590920075055,0.08096348206351509,20,8.1003402401245,18,20,2,0,9,253.01335804228634,1310.667053236061,1,157.8205652049603,7.705639048604236,1
117,0.2479803535380938,47.693803796566606,0.09634782780657254,16,10.417603199410154,31,18,2,4,15,253.4552302292803,1678.7609247298174,2,201.00872185447528,3.7568634673396724,1
154,0.2082533777440736,35.39800668156997,0.0845027399909222,19,6.506109530685191,33,15,5,0,15,218.12512052516456,1122.2685687447693,1,217.4401259109801,6.2222497304017885,1
137,0.20883656892176566,41.83855072504842,0.057437199592869234,22,14.285077519437785,32,15,4,1,15,200.53828696151183,1195.2242290999457,3,183.09126007819563,3.2244446196617913,1
21,0.4290792535286887,16.66243000032113,0.13663612504291264,46,27.365898510389734,8,3,2,0,7,33.65067772719411,758.9878269929509,1,28.684428621811875,21.411057098999443,2
320,0.1214322117174899,81.40278875734634,0.021766718933739118,8,3.7039291023454215,64,40,12,5,39,535.6929310587382,3012.597397651457,4,294.2817860495635,0.643275775026217,0
98,0.28869516988287364,24.512981916909254,0.1817163731149347,32,18.271588148584467,12,6,2,1,7,50.45198422559952,639.9195432575098,0,66.55549132046264,13.08312099250683,2
177,0.16032166488789995,48.33270906146852,0.05660782331327014,12,5.20121721853074,19,18,6,1,16,240.6389273980388,1054.0601341543588,0,103.24404886926906,3.6981168064071768,1
338,0.12590058447665195,81.59442548451347,0.010362896186108998,4,3.634768584829774,55,50,10,1,37,592.6119831439262,3326.756829558677,4,302.0998934045829,0.7821079679590535,0
223,0.14070504867523062,95.39993426093125,0.015029660472265952,6,4.869424711153101,78,34,6,4,29,524.4482479163057,4389.525559171125,5,375.92709677101766,1.2231097570491705,0
315,0.1221947317416309,85.71702254457013,0.021953435453492556,3,4.330721877388173,59,49,12,6,14,526.1202211284013,4891.469482635421,2,264.04050247582825,2.4798390574094102,0
175,0.24061009286804258,57.21881209375681,0.05607240448509671,11,14.720534746234883,24,18,5,2,13,222.4341654897898,919.9182524652915,3,240.77023185487187,6.7247779368590255,1
143,0.16246150631891246,57.003868322756475,0.058085410630952634,11,12.538137129783689,15,16,1,3,8,225.46024839480424,822.6570542914816,2,233.50283517231472,8.411630991319784,1
122,0.24116329137084755,49.585655378602276,0.11239197549245189,18,12.20333369165993,24,18,3,0,13,264.5422948442485,1934.7556132987963,0,217.73244750816914,6.64887427676846,1
177,0.22842712993067169,36.23781574255734,0.06862755693185094,24,13.312458050899425,21,12,7,2,13,189.57091124195364,1385.4519271976715,0,159.00292581216428,5.6039633185241335,1
131,0.22817289890047593,48.042795034172954,0.06485942606998601,19,12.147023163822578,22,21,4,2,16,244.30820805383732,1678.1313140452069,1,100.03613117767998,4.649809800314966,1
360,0.0825775307345194,80.49830623527686,0.03977116262379823,3,2.609308498746224,78,28,3,9,21,429.33372152910147,4990.727655768066,5,319.2174923730031,1.7915689796356884,0
162,0.15970182182370893,59.57150294638551,0.09831197494230325,10,11.670368571253539,25,10,3,2,19,197.3480440473486,1278.8485424579649,3,142.82876075730093,8.013217138695016,1
103,0.17750247724877977,39.33490165515298,0.08385996826734993,15,13.597478056850669,28,11,2,4,9,182.14077139653892,1090.6350704157705,3,111.77907789123593,7.115199843508472,1
357,0.11841007164451861,85.55797541337047,0.024269282121600066,9,4.899338611124447,30,33,6,7,16,475.0815111024299,2414.0464610601553,1,384.26032868549356,2.07125542559051,0
188,0.16625612059314152,46.49954174195252,0.0884835185886214,19,14.222233181548601,23,20,5,1,8,166.87561998571374,1203.398406295496,3,113.33942841325359,6.361656994297187,1
126,0.1783797943041549,49.609898039736436,0.08494188832838631,13,6.548426816202274,30,10,6,2,9,181.48392634574958,1591.388069749501,0,129.6105600595814,9.309799588604633,1
120,0.1936757817847075,56.10464739560204,0.10939375469536178,13,9.36046974118579,24,10,3,3,15,233.82613064319997,1357.1980937541834,0,211.690551850507,7.576809746793744,1
226,0.10451527726902195,67.37851485675424,0.046473441398396445,3,2.984191354719546,75,30,14,2,13,375.8395332047319,4408.553626986638,7,251.28490689639008,0.936474628117966,0
200,0.11740292314713943,90.84986674078952,0.012625045782960517,2,2.550380925931078,50,41,9,1,24,464.17125612619293,2743.620076185271,6,295.61451016312253,1.7309057587990646,0
85,0.3440469919218563,26.889996704353127,0.29252106416144247,30,22.107992174457287,5,1,3,0,2,62.62659863022296,386.29055261368404,1,66.21263968528055,11.921519512767123,2
150,0.20145617903482985,54.72362809837317,0.10473528058517462,18,8.022767004964486,28,12,1,1,11,182.34596440887736,1241.416617371361,2,190.96146651157005,3.3748125562487243,1
168,0.15146471272724868,39.61087976460662,0.11793069842188682,11,7.366331314700089,21,12,5,4,17,163.1659371185161,1944.7049646160667,2,175.31974613792988,4.193922646045629,1
345,0.08336412469379237,74.21449807273584,0.03935639675814807,6,1.5352149451179549,33,51,10,9,38,338.381077353535,4653.065451367261,2,295.292962712505,2.22854014378288,0
159,0.18517201113456522,51.77162217504765,0.09524555784865592,22,10.040700797484243,26,12,1,0,16,233.1483897125483,1096.0261156927968,3,127.93674074496622,6.454502548508317,1
82,0.28923612138759575,14.716807280700817,0.25660420479966534,51,18.00226766428878,13,6,0,0,6,39.373162650138745,205.24211231223657,0,23.935119218561766,17.90081071362997,2
191,0.2246419830009849,46.55098357098889,0.10571755627204252,17,12.583847715899179,30,23,5,3,13,235.70092926796156,1749.6232683828014,3,212.44386282235354,7.210839544657943,1
221,0.11759576990376588,81.19360092724466,0.014813550481399838,4,3.665227543340159,64,21,9,4,24,592.2742962434268,4820.549573756248,1,310.9504844275449,2.281664047466361,0
118,0.1784058389040429,37.92457615963144,0.06387443856648638,11,13.99612489372315,17,12,6,0,8,168.53587358992357,1291.0359725427797,0,105.40560662487812,9.005663617816355,1
369,0.14780563607818942,83.48272896546268,0.022829709617525097,2,2.8973444396248555,69,41,12,1,22,560.8818247424333,4277.260797666915,7,399.99196456526647,1.7951929129939028,0
292,0.1413663040148055,73.80768579525102,0.033899034505277204,6,1.498856227645562,59,26,12,6,20,483.2312192055116,2430.186110032678,2,265.7824773019916,1.483153712748038,0
311,0.1437329894882291,65.40005109684827,0.02652124698590788,2,3.345916368754828,33,20,13,3,15,571.4299025040355,4053.878582794899,4,383.741668352361,1.4324995889171575,0
109,0.23994125221673251,45.19844545919602,0.11995353959884529,11,7.981503562765556,19,20,7,4,8,205.71950090017071,1490.659409397324,3,177.91731795868566,6.674538589704273,1
226,0.08646034103601223,87.727008458277,0.0315962335800885,7,1.186002345760262,64,50,2,6,20,331.75597076337266,4673.954619080896,2,461.07871603809565,1.2757677894792436,0
375,0.09566943461344243,87.62240929782563,0.04794333419405735,9,1.1783796334918462,55,42,8,2,23,504.6459484684905,3998.803584437115,1,340.8181990997249,1.6131850619117614,0
396,0.13819600430437506,70.0292264224639,0.031732020934531535,6,1.9434303965747484,61,35,8,4,39,538.3442453560518,2382.4570404207384,4,326.92570334746097,2.6516695544722126,0
34,0.3979172979356498,31.66971495375605,0.19488916292461847,42,28.910478277803737,12,3,2,1,1,108.88716473935959,594.8377105692932,1,44.3363614508003,22.228684734789482,2
323,0.08899502472637372,88.27921844973837,0.042797876696324004,6,2.064077112021523,33,37,5,7,26,595.5911496861856,2573.3962653466906,3,465.86997372820326,1.8614886217768736,0
108,0.1847782403048887,55.3427567689327,0.11411544737578075,17,13.425345083518017,34,17,4,4,12,159.01097525324735,1243.9986631519728,1,159.72242402843597,9.880614451341549,1
25,0.39883419943656384,10.436703256975065,0.26698361040467034,48,24.01029515878195,5,6,2,1,3,95.04424626073418,261.8059572938739,1,20.678880966675443,24.489208465028234,2
35,0.329641992823599,23.594962370115198,0.2582555774353889,38,28.52669646642056,7,5,0,1,2,42.337027408302475,312.8491993461799,1,88.38226770364633,27.95662159202839,2
180,0.24454948605595,51.82778370311321,0.05459053508526454,23,11.415796812433943,28,10,4,0,5,217.5804808600614,1303.099099182759,1,172.63992971645882,9.703644323662813,1
47,0.34443956772363504,23.32225820978997,0.12512708589886887,27,38.39220943869064,5,9,1,0,7,63.11070636817237,476.8376432450114,1,86.56496774033207,23.728397879952837,2
109,0.1969059744390119,47.338591489736324,0.09413892216364367,15,7.826673605411591,15,17,7,2,5,162.5810607828018,911.6364496890749,0,195.4559058564386,7.75261796996469,1
59,0.39627079435547563,26.08886167391048,0.16543964334503417,32,38.62413022465345,6,5,3,1,5,110.66704566566099,658.5519572579209,1,74.89866240771582,17.122783240299363,2
176,0.19352927241876342,57.07057906696234,0.08918022051498195,10,9.301759084443132,30,14,4,0,19,233.52182147111102,1141.8232119327363,3,173.76859489355022,3.0149864354183267,1
194,0.19137060319100305,37.52354063890997,0.06240505398151544,23,6.83579627355146,19,10,1,3,17,171.00672182013435,1882.6947477154777,2,115.03620554013871,9.847886401992916,1
207,0.11962260473458533,93.0053070677119,0.037828571713990004,7,1.8832105191425565,32,37,11,6,27,479.0329259885069,3331.711496959735,5,281.3438373084683,1.9984324821799657,0
155,0.17503402673813862,42.344861766358186,0.1003705457324551,14,14.668655502933936,27,16,3,2,14,287.03670171040426,1624.312900129163,2,156.04612277000479,4.202523766344368,1
188,0.194967697718372,39.2300762919313,0.06841560209469336,22,7.562923753692176,32,18,5,2,16,191.1816877110667,934.8595699144513,2,176.86428270649844,7.048303718930129,1
144,0.19972291950199958,54.32919229367397,0.10084124502581726,13,11.481021272610715,28,14,2,3,11,292.15992060094584,1128.6978447558845,3,219.07538682229244,4.290319442917339,1
34,0.44872708969858843,31.133430562660347,0.2464137515348203,40,24.562543267143358,3,7,0,1,1,42.86829621234283,605.033957913812,1,55.32149572086921,20.544495032007916,2
60,0.39124259719301313,27.369724964969617,0.15392784898895495,53,24.23302360529189,8,6,0,1,3,135.15559685897819,334.7018219556294,1,77.14543764882984,21.511542513968404,2
399,0.1188370925979558,88.86131444487623,0.026212407323429734,3,3.2621998596857615,69,33,11,2,24,434.63364119838445,4772.861212383983,3,453.7680251689517,2.1743861280456196,0
289,0.14897002354658528,91.19035099152123,0.038993062394962336,9,3.652168018001969,31,20,10,2,34,466.93686174763695,3956.706059397322,5,366.99511561951084,2.0430489574861452,0
81,0.2921158381009887,25.843300126440923,0.17080114730126,50,24.20053673598064,12,4,3,1,5,122.20379912311206,347.4837557944186,1,84.58514406152419,11.207316870301147,2
52,0.44633690118740976,24.916035134843376,0.2796277201218339,32,22.775258462231502,6,7,3,0,4,113.92546388798654,623.9912899694737,0,57.26973831261403,29.212016200250424,2
327,0.11215427655623207,93.66118641240173,0.033716735993271275,5,4.410912079502845,51,38,12,8,29,334.43907817538405,4440.303446972792,6,319.86132682972567,1.625692026103977,0
143,0.22274523912861205,57.571700585803754,0.06765007690872604,21,12.295214219764384,31,14,6,4,9,208.66383662223308,1593.168584779611,3,202.95499098680193,3.834600044725011,1
286,0.13159704940901135,95.49841930054012,0.03136968823905781,2,3.232169300595868,75,57,7,7,21,412.7415047538259,3288.8685916905324,7,326.0604659567989,0.6577659227888656,0
303,0.11904195861653061,97.30359637701011,0.04458435343820147,7,1.563838510087077,73,56,11,9,13,523.5538486108843,2815.3595482403875,3,487.70466497910786,1.7698717297660207,0
344,0.11172685927801818,89.43618452784008,0.045848852107401535,6,3.1547826693721563,67,31,2,3,30,555.8945985991775,3534.915747557042,3,395.6571615100914,2.5699411587556287,0
43,0.4213136392979798,19.55815411400601,0.16038602898462834,31,34.50418805562806,2,4,0,0,1,110.39311360365195,148.7954225282728,1,54.988903325009176,23.922918498770823,2
149,0.23250353191428,41.44446220509978,0.10130142170187288,18,11.21507311138084,30,21,7,4,15,178.20878497186135,1534.5903907318748,0,225.33560649468404,4.589009095368944,1
106,0.1643621378068816,37.620893680149784,0.087129695422907,12,9.23358027350786,30,21,7,4,13,235.6279538316469,1670.4675219941992,0,165.09028744470606,4.33566644012415,1
303,0.11832124148293781,75.86597492208217,0.02491394548755738,3,3.801007837778084,49,58,9,4,32,301.5079657829409,3327.0995993072565,1,417.8969357347315,2.0636951510616535,0
60,0.3034659096725354,32.1726681098044,0.2767307351973952,55,28.3442485608006,5,4,0,0,3,146.348646220387,226.53894351063218,0,60.86818919710383,17.931274335941616,2
65,0.42213037747752336,12.196658273298569,0.26696169400810044,50,22.128975737751684,2,8,0,1,3,67.28442282698892,789.5236915041718,1,23.787998186147156,20.299648073916117,2
187,0.20782183812232896,55.888505613592685,0.10814450352802624,21,14.484251555414929,17,17,7,0,8,246.5655912151867,1851.5767638986106,1,242.59176621143354,8.698117148639511,1
41,0.4098146838972392,24.70769423451477,0.21083563877863015,35,18.209015322379948,2,2,1,0,4,73.34913528492126,541.5284986285374,1,51.890316931526,26.17172338858196,2
90,0.25971008544177265,16.98295322658203,0.22522950471992847,32,28.050585441608717,10,1,0,1,1,44.29200691312268,719.6602889478208,0,63.15412116609891,16.177304020243156,2
202,0.1186111510780849,90.9533809280536,0.04135330213675448,8,2.5415035321894472,70,22,11,3,31,359.9523813845818,2055.158426454792,3,349.1887641138823,2.04178176911694,0
165,0.16996288076599175,47.99212577875942,0.10658504757486517,24,8.01456186410668,30,23,7,4,11,238.78716066286052,1437.596951207811,2,207.3258931931693,8.72979805933852,1
180,0.2428014236729381,46.56525758142446,0.07879312032318658,19,14.182850353799578,23,21,6,4,7,188.73965368307452,1331.5245460813233,0,130.00133816691215,4.204698968549035,1
303,0.1017989316573906,83.53226703180226,0.04965901340580193,9,2.6191937163407992,62,53,6,7,11,565.3749878763563,2322.8425542795767,1,397.02340940136173,1.9578195586321732,0
223,0.13606645062776798,82.92603397029555,0.02861880035079934,5,2.063404546617254,59,38,11,7,16,322.4463615584919,3363.209463439858,4,340.09387309079267,2.4782107312417088,0
141,0.17604031087879085,36.97324637596031,0.08016915108600334,11,11.770937847836443,18,22,1,1,17,187.71452282811953,961.7429419009256,1,173.7785307089721,4.961514848933997,1
369,0.14756762812735388,80.24415825437387,0.048290810519333024,9,1.9302054334615204,54,33,14,9,11,543.0775760098594,4697.781076774068,2,306.1506100187212,1.445561288108362,0
58,0.29645314515950505,23.386457723983533,0.1803197748066499,44,20.000406531645663,13,9,0,1,5,81.52113400449294,360.7268634779713,0,49.34947154289836,19.392967128053844,2
150,0.21212265304801672,51.809046448304855,0.09409106801282252,20,10.924829939015964,26,19,4,1,5,220.76344640863115,1665.0718628625173,2,215.25998934231697,6.463560484593113,1
195,0.16335342331607494,59.50653019541248,0.0622733968963802,23,6.2646424540357115,16,11,5,4,18,217.3367583889185,1940.7127591173492,2,184.40331336860942,6.339908371769782,1
168,0.17198619563689768,59.949436388956514,0.09885050767465009,22,14.537036264917079,18,23,3,0,7,184.16675124267022,848.9420161226217,0,137.3943025006917,9.326370829793746,1
398,0.11983570284160233,67.28428555286332,0.023160697512586488,3,1.725277119702021,45,27,7,7,39,395.4148717652756,4104.149856679071,2,418.38664453284775,2.671392570623652,0
261,0.11054350821245892,63.02013455215557,0.0388755051170774,2,3.7411920644634935,37,30,6,5,34,359.85159447888253,3333.584759150479,2,298.633758292121,1.766714477135007,0
175,0.15330119359003272,40.26149180441335,0.09549664687161223,24,5.857942848994895,26,17,3,2,14,200.8454889259232,806.9247935515616,1,192.31011320638598,8.093153403133204,1
72,0.35309949519539807,29.552250365590247,0.27573434599915114,37,22.792081421149035,10,9,0,1,7,60.58583476934203,208.7807901173108,1,30.977378528805275,29.79096238589754,2
182,0.17081060345963728,36.915560049805066,0.10857107803006501,21,14.59024175972966,20,18,5,2,8,171.09800088505,1920.6305549428873,3,102.24417973844511,3.129995031355692,1
316,0.08931818500112348,85.78186602503288,0.03320448918781872,9,3.900622910204459,72,46,11,4,25,485.08320821535057,4341.043588220476,2,375.61641244069136,0.833361168290926,0
64,0.40664429141045977,16.39962384476946,0.2361595463093139,51,24.491989577455943,7,1,3,1,6,54.555056707082386,644.4685004107422,0,95.7310981771962,24.326620545133906,2
203,0.10424130247625805,81.59124247658532,0.03648448040426259,3,2.5483150413425233,77,42,5,1,26,485.69746940957646,2823.153815607762,1,313.9359253870751,2.681564713714741,0
213,0.08107131782032694,69.16101563699185,0.01629362638810104,8,3.723899308952978,48,58,13,1,26,500.79258274856375,4090.085334310246,2,398.5123663917028,0.9758424377376189,0
172,0.17028532387278653,36.11272598190428,0.09995564521456199,14,6.197467885005318,26,12,7,3,16,225.71092130705276,1293.2566322672697,3,203.19442601780634,8.458730729362005,1
361,0.14206762711086332,81.27429918752696,0.04472643216206188,9,4.161350943440592,35,52,7,5,33,430.6180938527207,4485.464401685723,7,346.18314412686124,2.0606018424937953,0
150,0.16706011246216443,37.89400115615812,0.06463406901466064,17,10.46614939663671,16,22,6,4,7,233.12545824165,1405.2568451585203,1,145.81663398227226,4.036937454114682,1
42,0.39413357349202793,19.8112971217127,0.20630651361438013,41,39.659072542422024,3,3,2,1,4,76.65541427536832,475.1551951903499,0,62.12124932173042,27.4327354104011,2
146,0.15710374214033412,46.339320240379365,0.10230652966276851,19,9.60868735269652,19,22,5,3,9,298.9205967279022,1507.1208065080004,0,212.6909675406619,8.075672132283556,1
75,0.3433621812008116,10.088415592580615,0.27418294242468044,42,25.877273167488106,13,8,3,0,4,86.81053567601347,331.15065761201924,0,65.90592553511522,19.7978828426165,2
83,0.4335035937099141,34.26381287212753,0.17230143208394194,42,17.867232945268967,5,3,0,0,6,79.13955340146622,632.565279001754,0,96.35028801767145,12.038638135611402,2
167,0.1748797063753148,44.76733842752372,0.07849537455652862,23,14.039530651898893,15,12,1,1,7,289.3891462796838,1714.0912477634192,1,199.2007170754319,7.933570852925307,1
183,0.2166935417557217,50.88162468397702,0.11302185677021435,15,5.0709653249488715,18,14,2,2,15,189.75523772108212,1108.1978894804704,0,119.82426662875355,6.9069391068975055,1
162,0.2259238979656995,55.13665707601467,0.10048571272492415,13,9.32437166716503,18,20,3,4,17,250.70520133451936,1565.5165874955985,2,122.03448533166689,7.3127756029100475,1
97,0.358957330806041,31.189350744756563,0.2240309533526117,31,29.530908621361633,6,6,2,1,3,135.669893174516,448.9984518744887,1,39.797418360106995,28.37447498667661,2
66,0.27614530331345494,24.953526634263323,0.25308197993195486,41,16.23712533884677,13,6,1,1,7,112.41854591907551,707.1828792571973,1,41.547670324888344,20.696363298862885,2
227,0.09098843779013356,83.53055027879725,0.019245236497105862,9,2.260758084389436,78,51,14,6,15,423.257127552149,2954.912284077042,7,331.57053789223664,2.88638460604375,0
371,0.13759532463136853,88.56236799159313,0.0336105575554249,5,1.7223783927012035,56,55,7,8,18,525.5028516068758,2316.77463792992,2,411.70930723159523,1.5197240212682002,0
129,0.1574960043470013,52.22953526068792,0.09424856999143161,11,10.366075092637743,31,13,4,4,10,170.3899121050981,1702.0157204377078,3,204.71115077179735,8.651596578547426,1
116,0.2395076559161845,47.23198152629008,0.05460587524566673,22,5.669910943958476,28,22,5,2,12,210.53229312205326,911.9448616663622,1,185.97238719718683,9.504964561800664,1
271,0.10075571005534589,92.23459546964574,0.04411287286767605,2,3.5118002110905433,55,42,6,8,32,341.53064799881827,2827.272213323844,3,489.2992408798086,2.083158004023526,0
292,0.12883493100454244,81.59371115632774,0.013895735702142087,8,4.130327759405352,57,32,8,7,35,353.1577503033573,2382.108420343643,4,330.1811311149894,2.860522095865269,0
147,0.24528343891705845,57.218662920345324,0.09735305004446877,11,7.10528488440613,25,12,7,1,14,247.36209030283266,975.2202867105299,0,236.61968665733016,5.171030547635614,1
185,0.2152475955507232,39.54078554697055,0.05094595496143278,23,5.484642324758223,31,17,4,3,15,286.652354996883,1240.3493981803942,1,136.94061011547598,8.103236199806458,1
80,0.44131079346657026,27.71803759371461,0.2435249884543513,30,24.500184106018796,12,9,0,1,4,50.62014683002994,175.99420129196656,1,48.97190267841894,13.95535255235037,2
25,0.3943376782456327,13.476478144848238,0.2920551024674528,57,23.542742178255708,2,1,0,1,1,109.49962478211341,649.9387630015984,1,65.52372599149393,10.129790427739945,2
51,0.3100450908495317,10.463704893110187,0.24679299794926352,27,24.905503612044523,14,6,1,0,6,114.57889984688595,641.8431948622813,0,81.65828922452528,15.270229012978099,2
270,0.09917727891247936,64.1166412297658,0.017725314583491723,6,3.4563252447389443,32,24,13,6,12,365.91203711742014,3259.546093058953,2,415.6419794346963,1.9585537975460876,0
176,0.20254451263621795,44.62765307474801,0.11119182450374479,15,9.837968965827963,15,22,5,4,11,158.08988742613067,1413.7610480511407,3,202.60372925381077,5.783143085174526,1
126,0.2447299999420067,38.089162185039406,0.06955416336518586,20,10.340361132046567,16,15,1,1,10,276.8617317488645,877.1830678323003,3,137.77800435185634,3.830589922373766,1
387,0.11049710290745238,93.11763548709968,0.021255638423101072,7,3.5327585040538563,45,57,2,4,19,484.8943476698689,2129.157208147006,2,257.7327203483915,2.691534567539729,0
201,0.09880707374177151,65.60074154641796,0.035150592728237805,2,3.081186307674616,64,51,9,1,24,503.4341492862626,2074.0524716737536,7,469.048119567389,2.3794269692074455,0
69,0.4017547124507877,17.835334121341752,0.17494565323807976,45,29.130295498930955,8,1,3,0,0,82.02517233645612,141.9854905340615,1,92.89086161040667,28.224903115085993,2
268,0.10878447046105304,95.05776303501176,0.034517766994624235,2,4.35985592112873,46,54,3,1,19,538.8022207281849,2279.81434033451,1,305.37931802827643,1.6656332038195885,0
346,0.14710916851854922,88.83252385242027,0.013300341377616851,9,3.96684824605172,71,24,3,6,36,442.7063454032876,2387.523335729331,2,403.0021324898638,2.18188996561731,0
241,0.10484336333239044,69.43624138380325,0.0477721453983132,8,3.198464174875698,76,22,14,4,27,582.1257621902241,4254.358833378031,2,328.3166191451526,0.9460402414087394,0
93,0.4384805729513981,25.82671524662768,0.21481461343740832,47,21.87935067256458,12,7,2,0,7,38.35102168755708,684.5209728867928,0,50.29650860523019,15.821577627512927,2
380,0.08734084165727367,76.17941798727404,0.04759279167707367,2,3.8800321586524524,53,25,2,7,30,427.0643747975689,3653.152859884797,1,438.63422897561514,0.7955959811803512,0
240,0.1455653706298995,83.96117459109306,0.017179892936953337,7,4.300528783714816,35,45,8,2,10,548.7942702377278,3006.869818933735,2,256.15449596030965,2.032879777757545,0
66,0.3548898788944504,32.5544039994371,0.2237728422879548,48,31.16076444980008,6,5,0,1,0,144.12395096983272,498.2790236328687,1,22.735635993695105,29.275352998846177,2
347,0.09153839827959007,74.51031578663782,0.029236153257959398,2,3.5734607196471373,33,20,10,5,25,316.6575098427452,3392.200068213514,7,368.5015664871113,2.6519973422887375,0
37,0.3383696174347714,16.57628785029843,0.12109499596469267,40,17.391214988900167,7,2,2,1,0,137.36569257067356,585.8139620771958,1,57.098538874505664,23.559960304851693,2
321,0.08571159262801682,60.72969925713444,0.04641356408230138,2,1.5651121971020232,44,37,10,9,17,413.7382975126941,2229.704775300617,6,418.940323223806,2.5648522977797956,0
141,0.1886696449987462,51.25283058548034,0.05070801021625851,24,13.425545014651814,31,17,6,2,16,230.57539824060433,1830.95643170148,2,241.74211312322566,6.133367108658675,1
92,0.3898417355074754,17.545978006187887,0.16637811182529505,47,37.711587856509844,6,7,0,0,0,149.72354623934564,190.36744490174334,1,65.70812525655563,10.24274916630401,2
373,0.12105748042625314,62.80118822989884,0.04074077458095165,8,3.6567516580216695,48,52,4,6,32,322.9319583118343,3197.500383533059,3,302.4744073965577,2.37582693954989,0
37,0.285040472584808,32.61640156022074,0.1511793086136421,42,18.841857655340515,8,5,1,1,6,105.22243455042401,201.8974310567508,0,32.68784046704339,20.28542990885102,2
164,0.22890961116487568,48.00579901260063,0.08791178459589408,13,13.279249545453125,22,17,7,1,17,176.62227524865176,1406.0336553785205,3,132.8942923757246,8.265084245803662,1
58,0.44319874848166524,13.86037360849981,0.20534883141326254,35,25.49134606677526,3,5,3,1,6,92.18219308117318,722.1150525706378,0,96.73547891668173,24.62151763469097,2
289,0.1393000200866913,64.91243127382936,0.028741576670743375,8,2.6485237210510864,70,42,4,4,17,529.5480986450299,3698.214939344495,4,301.6452540554452,1.7431347164771949,0
191,0.16025291982278014,50.19446096517218,0.11721526506679772,15,8.564047358496648,19,14,5,4,12,160.1694593742169,1067.1790822721425,2,152.86490973082624,5.237326878556498,1
35,0.33359965194510743,13.265269000903313,0.29983633820351596,36,16.797236365000334,12,1,3,0,6,97.42777236017116,645.5353857236408,1,20.845369821955437,12.214862403823712,2
180,0.24983187565709566,42.228417960469024,0.06766812004595059,22,13.026562441522199,15,11,7,1,6,172.4323977835417,1226.1581168308596,2,218.86850037088948,8.487476953993212,1
274,0.12069137920587475,80.60694729627251,0.016146321526444508,7,3.200367761832624,54,38,10,1,31,570.9572336503288,3223.1473119956754,3,417.33924606018707,2.5541039244473884,0
79,0.32617702442175367,23.555109717982873,0.14139679900767532,28,19.34869504010483,12,9,2,0,0,147.10720054750783,229.1745355156509,0,56.62509200677,10.52115771971186,2
91,0.42876170864332613,14.768858243581597,0.15514919998448895,29,23.106439675409078,3,1,3,0,5,43.67543776297828,352.56477837202584,0,57.464075807996664,24.196541498397522,2
141,0.24760860241995716,41.89872070392969,0.06879534420769848,23,5.091655501838165,15,18,5,0,15,284.3718152097868,1884.7780359071423,1,137.9282468143838,7.412806482251996,1
84,0.2729658063442739,20.080736817019897,0.2521890554438911,55,28.96433554270665,4,8,3,1,2,80.68222472408814,712.9573713722101,0,68.66555211200537,23.70059898538377,2
220,0.09793448605161206,93.69256141192727,0.033564341378835794,9,3.1299247702377047,75,42,8,3,26,470.8453452516761,2050.268913477147,5,413.0687777247625,1.8277737408438188,0
167,0.24539367525264089,52.239576638330746,0.10276377414315366,10,5.909354499130411,30,23,2,1,16,171.46220931259708,1315.1873188450343,3,154.78663024230576,7.755216657194874,1
62,0.4396618760860733,11.622480430793118,0.1538664468976936,51,37.34969184393118,4,5,3,0,6,83.62010766239143,155.8817465940114,1,61.038307353147346,21.722210717962703,2
203,0.11756134521911327,67.70396111142522,0.03338682801770355,7,4.528542457128241,72,25,3,7,36,322.69833117123324,3999.851254638117,6,369.1316177080593,2.1009518666106026,0
334,0.10881628500502696,64.12374984054979,0.027951102953256125,2,2.5953441188149178,54,34,3,8,27,558.9406613207217,4470.819262394569,4,384.39615642314146,2.0863911693538117,0
185,0.18994322790308543,47.09227057866985,0.10730152612611756,24,7.447155970237009,34,21,1,0,8,266.5419582588782,1219.8340330669741,0,236.22843935447543,4.968820142663322,1
87,0.40049461818715204,25.534615201845725,0.21442540423323436,59,23.198739208037154,5,8,2,1,0,140.6214599457342,202.10838886772726,1,56.202691522344054,22.072038404424752,2
295,0.13804149544945601,78.84261810775257,0.034629680877689716,5,1.6675404714194837,70,59,8,4,11,409.76574286706415,2366.0222407306674,3,463.3106172992794,2.983162991074366,0
70,0.37709143592377803,11.42253701244054,0.28718472359960223,52,25.514764353922352,3,9,0,1,7,141.68534667990522,638.7201059063126,1,46.578221125302704,19.025355907425336,2
97,0.2590119163839451,33.97827332319786,0.17703939939100874,29,35.5038414671412,4,5,1,0,5,131.84835933047611,258.58769396840387,0,40.60541805196135,29.867797574781363,2
33,0.44061531787160424,19.03627711936354,0.2791006027573989,32,38.29457483190633,11,9,2,0,7,117.56241669531663,195.97223165203005,0,70.93128282869824,23.897741716145603,2
61,0.44384812150737996,19.847115873540425,0.2250757539809526,39,17.288377937070145,2,4,1,1,5,131.12629482473622,510.28424416384786,1,47.52798112237892,16.443869012959254,2
124,0.20270501564925636,37.54729384928882,0.104908396592588,17,11.46046944096596,34,23,7,0,18,187.81048302752572,1424.9787033728985,3,170.44813854274355,7.367619023329718,1
47,0.3484156373071292,19.113549252222164,0.2538460931738207,50,25.104871990222033,7,7,3,0,4,121.72790430750891,637.6227179778576,1,74.7546151665279,16.97011599663182,2
103,0.18447697668998742,44.59431144943523,0.11635044093993481,18,6.62902654477394,19,16,3,1,18,208.38995952135724,1172.7211656743955,0,231.17579425571157,5.453291416225495,1
64,0.2825307707524242,29.550856747122975,0.17987657436014626,43,17.002304022006136,6,8,3,0,0,128.03800569708832,752.7152947564502,1,66.64051864036409,19.57404401701571,2
46,0.294281981958638,27.083407032005347,0.2283578030364978,49,29.41099646606969,10,8,1,1,4,48.780947889654776,366.80335735273553,0,27.808799858376602,24.05278928013368,2
106,0.16290861951424618,44.15282794821878,0.09447995444920804,19,11.773006863356594,33,24,7,2,19,163.6706008634561,1485.5840185197233,3,179.61259035822135,3.0066012976924323,1
184,0.16894434331674027,37.416014604121784,0.055287328840983536,23,7.05187142904807,17,20,7,1,19,163.4738628858126,1377.5287421931262,0,146.76664702075328,6.970141615393746,1
31,0.368597697756502,15.557276345738865,0.2663228695355038,46,24.389721850248097,14,8,0,1,3,64.65953159035304,603.651158533436,0,50.70999627474221,25.95198698979577,2
359,0.09187759327268959,98.50597274219498,0.018034363594491766,8,3.6302412511120923,74,41,14,3,15,368.0223553220834,3412.8501763175436,7,465.62412685039635,1.688464638388706,0
77,0.2847121360145638,12.186227109222166,0.23919114221824309,34,36.81032941216755,11,3,1,1,3,37.598309636678515,429.95770899104343,0,91.55118829587926,17.486511292257077,2
300,0.09770931175924688,94.67975040046093,0.014111696179706628,6,3.973695144306437,69,54,3,7,22,476.98436484054264,4955.523665272024,3,448.265757092664,1.219699195174202,0
390,0.12548415778499344,83.09945083624503,0.044579715212293945,5,1.9943210308597683,66,30,4,4,38,532.7734598421918,2645.6134391995784,2,291.1551283091262,1.7184611041801072,0
262,0.11377646647498496,93.49963156009969,0.03108096384847448,8,2.6971875435395525,52,40,3,8,11,441.260206866953,2583.342933295066,7,251.70367447503202,2.035332940468795,0
174,0.23326937463494202,58.63267600629092,0.07720723254696653,10,13.814858195889105,34,10,2,3,11,168.98179667945658,1614.256809701793,1,162.21037037949907,4.410230470552123,1
166,0.22089642671237775,52.04463744471137,0.06367512725940258,11,13.950851727663146,15,19,7,3,17,162.57062386425912,1466.3159871295284,3,167.7243908679166,7.964904081688691,1
129,0.20739291361229822,42.152248050781516,0.09941896862355729,20,5.281913404472221,15,11,2,2,9,170.5449951816354,1686.5336347023172,1,238.86275395829583,8.022041156147775,1
392,0.1275891345930172,96.75002089042985,0.02783833228041286,5,4.20852223251035,57,48,9,1,28,384.5757128714188,4193.472033364751,7,287.8427928158187,0.845920502220475,0
173,0.20073897650851572,44.59867522260388,0.08619043982467961,10,8.641210568415055,27,23,1,1,13,272.6977156615808,1354.568567923881,1,105.01269920575892,9.078267745552576,1
184,0.17979549313168655,56.32820429775592,0.1122049479685562,13,5.395575065626131,26,15,4,1,9,292.556962722314,889.0962311966549,0,229.0371716466197,3.098557642980235,1
40,0.35627835862768753,16.35088496118771,0.1280883814414907,31,35.656730979365655,11,1,0,1,4,39.34440771676396,725.8382288915012,1,31.464802902048852,19.356285923619435,2
124,0.1993979149140188,35.783566721471665,0.10236739675212425,22,11.038030788437535,21,17,7,0,13,283.36790335911644,1191.0681720723712,1,172.1071084726534,3.6597014648316795,1
59,0.35513721118390124,30.487018042515547,0.17729673602425977,29,38.875706556648154,3,9,3,0,5,124.45213590430485,346.33353903106257,1,46.595817459811066,28.36383546459468,2
186,0.2215735926410795,54.06335094438837,0.051651437744655714,24,13.167933695743475,18,20,1,0,7,193.42467976795794,1433.3266508826523,2,228.9498321499713,3.2502387612610524,1
116,0.19831346455654994,44.04018296063474,0.08671504019532836,11,9.734349335940488,23,14,1,3,15,239.14976008898935,1930.761125481448,0,113.77755058438015,4.696174244712134,1
220,0.11368017758394053,62.0638322663484,0.011367510637566327,6,3.478797760797663,77,48,3,2,10,561.9058182089148,3391.4427491830397,3,478.9518958376681,1.4978152511124152,0
257,0.12089396392999185,67.4189163830689,0.019765891616894973,4,4.387674912354239,30,40,4,7,27,506.6287622434096,4797.633768057352,1,305.127196784162,0.827646577010726,0
302,0.10257855349670203,69.01331190850112,0.030900767665380927,9,3.2663014486856743,78,47,4,4,22,417.17808227453463,2548.0171527190046,4,432.89052989028346,2.0506033856722805,0
248,0.13319687862563098,91.8136735183639,0.02919588326368293,9,4.150852062110834,55,47,11,3,12,475.52353266186094,2770.230488929274,2,360.0177687666246,1.856433317414889,0
90,0.3244559313619816,24.023912487428653,0.1691421591972057,30,19.354555166323202,3,8,1,1,6,36.18658479195015,373.5834844870553,0,92.65231545820023,21.271566855530978,2
160,0.22678763636337113,44.42519279896862,0.11634387074225037,18,7.399489037236313,32,10,5,1,8,176.42916092463713,1196.9515897131869,0,146.9538032052372,7.590573959298039,1
156,0.22011442199666534,48.53009414428246,0.06827198740750937,24,6.607133491909857,32,16,2,2,15,151.70845021328293,1441.8473069105062,1,230.56006946587556,9.254104257633855,1
135,0.1519099199353726,35.93054261423323,0.08648216074394763,13,8.20712164984294,23,24,7,4,8,189.6895667821545,1424.0992198599006,0,188.21293687820466,9.160919474035492,1
307,0.10776561213679763,72.4589268453103,0.02886129840410051,6,1.174942503519878,30,47,13,5,19,556.4110350279593,2889.1760206258505,2,477.9546571715229,1.1627032108464315,0
140,0.23211424247203472,53.550561296994005,0.060416610016272326,13,8.621816027941517,22,13,1,0,14,180.53032837227073,1074.026737014617,0,129.33559706522846,8.42633538505734,1
247,0.12031472026806592,84.59801052610618,0.040839371701285425,4,4.5298377618244,73,56,6,2,21,393.5069485545124,2839.6779567392805,3,420.1198656310935,2.166828824643974,0
74,0.2709275613855251,24.2559491144262,0.12978591211923307,39,32.13681462613353,9,1,0,1,4,101.56920319015755,528.8679708176355,0,65.23227135604034,15.693107869871842,2
197,0.23696164577322618,52.418870373385104,0.08435672108876299,13,5.2034108188217765,26,16,1,4,11,161.99737241951323,1187.4812822934812,1,102.75335865687127,7.543642183769837,1
239,0.146072412319253,66.66923039973533,0.03795962952158351,8,1.7954251111011836,45,56,10,9,12,350.43543851978876,3321.720584036922,4,443.1677470320417,2.31277789983329,0
33,0.40388733232021923,16.242009699512778,0.29257583091868267,25,32.86729334786892,3,2,3,1,1,91.1732213644215,589.4699146718317,0,55.09269475256829,26.68899914695526,2
328,0.14353855944439825,94.42528071562936,0.0418719131145611,2,4.713270131394308,50,31,4,6,32,411.3508548058594,3754.5158950666464,5,265.9211918756292,1.7056850002038588,0
27,0.35938325855644426,34.10844420527514,0.19727760771375177,38,32.6352218493371,3,2,1,1,1,66.41744376165828,466.8780788588686,0,64.84069872623785,28.77200631589455,2
50,0.3328895870070959,27.671821138585962,0.29530837307787505,35,25.770434769678147,12,5,2,1,7,101.1545127512884,740.3711830354865,1,23.45785211342232,24.71894403446445,2
386,0.10878785816097583,94.44272079898886,0.01163016424369891,2,4.121599104589098,33,55,13,8,17,470.539469552382,4829.1856922209145,2,362.8166535182786,1.3654922167008192,0
363,0.08642593460694094,96.31464521850063,0.014378754402178156,3,3.897269878706645,69,57,11,8,31,412.6323329003738,4829.524468883855,6,373.630281280102,0.5095928637695022,0
303,0.11933066845006415,83.71851621035286,0.049605934910025885,9,3.9848290299273543,32,37,10,9,38,418.71238907213774,2029.0606482229032,6,343.48678361976687,1.3341522265842316,0
274,0.12256614946793196,77.48773585428974,0.019431683758368394,7,4.801251011722367,58,27,13,2,16,381.88499841944633,4269.00280874866,1,434.7728554982383,2.6124271341002534,0
92,0.30051221425390506,21.745214072072528,0.2627242453589966,49,18.799814036116935,2,5,1,0,7,32.85672519100116,596.0930024495526,1,27.081524205045405,21.05269163658388,2
347,0.12883673015878522,60.09357562503113,0.045348386786430106,3,1.2291210043104934,67,33,9,5,37,518.9135719492267,2276.2962625987693,5,497.97229898687294,0.5934924760219933,0
65,0.4398341010215261,22.33721784345872,0.12689534403113903,54,30.665627371910308,12,3,3,0,0,97.52424064452812,636.2559993827549,0,44.278736684124866,18.151966676643625,2
190,0.18430517325196505,56.49851785458523,0.10573999780599606,20,7.413497038374999,31,22,5,2,11,261.6074176842867,973.6527633638239,2,100.39482333693823,4.8284011989173905,1
167,0.2375685127586106,49.162954139695756,0.09592009482571764,23,12.800840237349647,22,22,6,4,18,250.72677109215562,1596.4453747115072,0,139.5045428497119,9.854833059260496,1
78,0.3600077481997208,26.709130664760828,0.2795855881908618,27,29.63711272927447,4,2,3,1,3,80.92057677555309,468.6825512484458,1,72.07067880990957,18.549877439886405,2
156,0.22495455642210851,40.25479921797116,0.08105520241590006,17,7.796738565464432,25,19,1,2,12,198.4468100045712,1189.1763966506967,0,207.34533258366434,9.869910052835646,1
221,0.08222632770396156,90.33569655782726,0.034221526305795315,4,4.148506410406416,71,50,5,6,38,489.67144526035827,3440.142131930257,7,434.35248607798655,1.5716106980213294,0
57,0.39632158887370483,25.318051298543924,0.2004448418142498,59,18.23452327668853,11,6,2,1,1,33.117875247093636,325.79146564328784,0,62.7727653399268,27.24610473153341,2
265,0.12940820387150861,96.73818899757205,0.02247807961980522,7,1.5009342817313085,64,59,3,8,11,453.8691166556428,4611.901644450471,2,270.60149296548707,1.216184344361459,0
257,0.10122858602712559,89.44988734793952,0.04322570071002499,8,4.3008030696622725,71,29,7,8,19,493.2770170952434,4044.0590397240467,6,337.46359604521365,2.398277137875513,0
118,0.21716602309978988,55.3753829169037,0.10581357639549738,18,10.867679078445912,34,12,2,1,12,208.2796722009063,1874.080067523457,0,210.3903087906168,8.029719226855722,1
261,0.12000311176435075,93.46259253169332,0.016433018763127603,3,4.913589115202384,47,45,5,6,11,456.0222183333451,4371.561530815021,5,496.6407785286026,1.7180300173047849,0
69,0.3913638890020288,19.248202382641466,0.27794625526358985,31,17.13667003718703,14,1,1,1,3,41.306685449700886,437.36099557490456,0,29.41412101162392,28.845223473171224,2
333,0.13869365346347895,83.1052781636619,0.04472491253962124,3,3.083072567336851,35,58,2,1,29,522.4807858355357,3658.2871041007493,1,467.82881181171336,2.8214922038265957,0
62,0.33004695072753093,28.117606878713953,0.24819451108557672,29,19.83446524697638,4,2,2,0,5,67.0612570970951,205.81337073175857,1,28.826781906016237,28.046159468841974,2
243,0.14243278361437436,91.2198283018435,0.031729312231598326,8,1.4432318487192282,37,24,8,9,38,349.5906858413884,4732.40801290944,5,274.3769231159688,2.2404811257527246,0
164,0.17542591609889305,42.422391856701076,0.11212091835267414,22,13.361186155450426,31,24,5,3,11,258.6633510403973,1954.1149740145624,2,244.92670372518052,8.747882731396258,1
79,0.3463078895393149,31.32863291396479,0.27932147776337624,42,29.41683294398003,9,9,0,0,6,70.54246628343645,380.1046877340916,0,66.60807494275996,16.815269786977744,2
166,0.17037554858499437,41.566743383262114,0.08640943934492794,18,14.377046153793676,20,21,2,1,19,233.0592347097542,997.6808106652688,1,125.27719651887763,9.357809882739463,1
135,0.24138762903217964,55.45363952819503,0.05983551121760153,15,7.412443360380278,30,18,1,3,18,220.67588390672128,1923.8787339896073,3,179.79824774061728,4.688447422396161,1
201,0.0922731188922537,78.07794405196157,0.04531625076549845,7,2.416944961779098,30,22,9,9,25,360.1658933535799,3501.4319476001547,7,406.7421086321791,0.6362798185945657,0
77,0.2820748470333344,17.389978124621962,0.18878067561171336,37,33.247890737814444,12,3,1,1,7,128.70432226961663,180.02617988338767,1,73.65756205656385,10.436135862487912,2
181,0.17533793988293345,40.93900036419424,0.0693868232687227,12,7.616713666375064,30,21,6,1,8,215.59224723669263,1804.6629715504382,2,177.10462292138044,4.588305370706658,1
322,0.09819649039979839,85.32963099643842,0.014968798669122374,6,2.5010396177706653,43,35,2,6,12,383.5412186782657,3807.409492110365,4,494.3974900862608,1.1383833755722537,0
383,0.08528041829628386,82.0689038103736,0.010734705477621601,2,1.4237228502339718,43,27,12,2,16,531.7548858238213,3303.0844944236533,4,483.12223089745044,2.5910389914496417,0
45,0.4498659842986171,29.076515094076047,0.2546661484385654,41,21.62728504818625,8,6,1,1,1,56.0109253586382,169.6231182165329,0,81.85109383082221,24.187814905022577,2
234,0.09670178018532381,64.08850656900799,0.03704209028747018,3,3.636142136814723,41,28,12,1,28,514.5559364340724,4573.865272745172,2,471.5720541139294,1.469237887097517,0
64,0.28118378718129117,20.445289572537504,0.24599817021938855,38,21.962061401069725,13,4,1,1,0,54.589923901919974,233.52378459406194,0,93.38895880522213,29.552307350475065,2
123,0.18902955472127705,59.301983386863924,0.05485131542131241,19,13.124136576239005,30,16,1,2,8,197.00541096455368,1353.1635106550475,2,212.38257476363475,9.011697402723998,1
88,0.2892574400286152,15.201238705627503,0.1749738955748727,58,32.87504922244221,5,8,3,0,7,32.316530006144,534.6119312897608,0,76.53501667684348,18.011787146396223,2
320,0.11371668915748807,72.39747705074444,0.017418354987066176,3,4.969661601957881,65,47,9,4,37,568.1955615140882,4928.098095800611,1,271.0638443544928,2.2794448624773738,0
307,0.1478675806979911,68.06921849320943,0.02040933471806109,5,4.405794550205061,37,46,8,7,24,505.6186030338017,2864.0160377721236,5,436.1841819573025,2.313217710886388,0
335,0.1232777719036525,84.1583148829005,0.014633754271210307,5,1.5325800167123877,49,57,11,5,20,406.10900597422017,2391.503792351553,5,254.73635084358864,2.154259613703367,0
25,0.4277492809503284,24.04203473411526,0.12662000269195617,55,21.814857159499635,12,7,3,0,4,52.19344046540784,720.8526774220204,1,41.25427724022698,21.067848804595275,2
103,0.24503070137361813,37.656647619809895,0.06537774933630784,10,5.18358383999224,31,19,7,3,12,168.95552129205078,1039.8475695793325,3,169.72747055560782,3.4538395315033386,1
138,0.1723612619792665,53.119674373959654,0.07062223330583192,20,9.58253314765048,17,15,2,0,12,159.67360206837694,1002.8692989604469,0,184.08090286251564,6.509775350167271,1
57,0.27134277199875373,25.89053411830012,0.1548088787097885,34,16.435879854873594,12,1,1,0,7,44.488602325078375,781.365437042582,0,47.39999944065099,20.93003427795766,2
74,0.39833216189526366,27.2368474851691,0.18300700224947153,25,18.959325513230006,5,6,3,0,2,132.15466071570177,630.5564177243161,0,57.89046043876876,27.946779311375373,2
132,0.23583304317809248,52.53408900776104,0.08558488412952145,21,5.387994547288875,25,18,7,1,9,214.20290286594656,1319.5676598076475,1,245.08198102124027,4.548936137463288,1
116,0.15216455613469834,40.42758073674726,0.09308159942690841,11,8.032081937596748,27,12,3,2,13,198.8255007189203,1688.935840592807,1,186.99517303047145,4.918953170343569,1
391,0.13872534514485543,68.20310240597837,0.012599456379315761,3,4.593046509170824,32,34,10,9,19,333.01898526033455,2132.121138165393,6,432.7199058305519,1.9109884508474742,0
122,0.24404971985130108,53.24808798214553,0.07823550135184473,19,12.704378027923369,29,16,2,4,13,234.83362248395804,1136.1609425304557,2,129.62294224780484,5.785671393409334,1
165,0.23685528307858378,47.47771645269016,0.11388195419139732,10,6.3107986170470305,20,12,4,1,12,258.73062803698207,1533.1358308431838,2,233.69239972416258,5.995086603970938,1
116,0.18433777895745726,44.71577364017757,0.09098929054482127,11,8.549951158139418,20,14,4,4,13,277.97594679700836,1624.1213547166035,0,135.1042262960312,7.436453276802753,1
53,0.37860259603695323,25.99826718626312,0.25825331744591157,30,20.30403157327573,2,3,0,1,0,95.46892160945343,722.3673699013677,1,94.64752584878835,11.094792718198738,2
205,0.12810158537823318,86.00669401772913,0.02016898319589973,5,1.764762805859156,70,53,12,8,38,559.039719102439,4021.1052006264695,7,253.59530899603826,1.1063606914574269,0
78,0.3021034890871938,18.750174107767,0.1399721269861806,36,24.98488370108877,2,4,2,1,5,126.56059414266701,188.56883983435296,1,82.46185879097516,10.432786498903274,2
28,0.31339273073960033,27.70028327178224,0.14881730477834001,36,23.271672426143205,7,3,2,0,6,63.598505934491676,416.49733858571324,1,47.390541280735064,20.2910618266756,2
217,0.10485730122955134,78.47771402302351,0.04914525149602122,2,3.195354626880235,42,29,9,6,15,596.8295297338894,2200.0816442163464,6,279.555603018115,1.9632420708357783,0
109,0.20721719617837697,57.47559956623709,0.11685160437281679,18,11.01686608620465,25,10,3,2,14,211.81404144488087,1823.1993837220648,0,138.25054787516137,3.264231218772034,1
238,0.08527513422467237,76.10200174387921,0.011746466308294448,6,3.893619062449145,41,54,5,1,20,425.57468565944674,3234.123714237768,6,415.1996324227276,2.620453745699868,0
151,0.22505441637537377,39.76440116292984,0.07716409319826699,19,5.945563447743883,34,10,3,4,6,260.44198481751323,1766.6969917294805,1,116.44422916051596,5.56377104198932,1
20,0.3099947816309065,17.05915168880143,0.17989869828885244,33,17.146056940514555,4,3,3,0,7,89.0328459131228,236.52116225240803,1,31.20313850114817,27.328302590496484,2
165,0.21215187240340486,41.72142282260429,0.07898920602053688,22,8.997195509744277,26,24,7,2,13,211.913748041609,1456.5531710826808,1,124.28434150785377,6.221446327096308,1
350,0.09710472088252582,83.23028828909311,0.0430735553484751,4,2.1623502392254204,77,49,8,9,25,346.8107434019931,2407.064953376838,2,278.9557705591986,1.84038846563184,0
194,0.21437198063249457,47.50726296695449,0.056334741776710676,15,12.203732127322029,22,22,4,3,9,186.86254682788316,1581.4372545144156,1,176.71546094523808,6.6469397205455,1
389,0.09632596506971694,68.50723137364905,0.013646579616247666,6,2.5039715597652457,33,55,11,8,12,421.96703514243126,3039.6762794496426,6,263.44307791549585,1.8305571871404847,0
252,0.12052054268552911,88.91584386487102,0.04929322060320327,7,4.730922961905019,69,38,14,2,31,581.9795375909467,4784.305506529359,4,392.94732898399513,2.2220262589749677,0
59,0.39886736856434,16.14595844201294,0.19142271866381755,34,26.058110084155253,3,8,0,0,7,71.77146570094489,638.5654025242209,1,90.49513895154472,21.303950423555023,2
45,0.32878885293811694,29.652516165191777,0.18103334672671972,55,30.61832129739036,12,2,1,1,4,130.78314872088504,108.84982098001295,1,57.431402250562,26.65995484478836,2
100,0.16654201521284093,55.457512735984544,0.060165751394067435,17,9.080404616028165,27,18,3,4,16,222.1179252269591,1519.1522795725746,1,119.62635420232297,5.138021848781226,1
310,0.12599779299501168,91.2605792700566,0.03940850618093811,7,3.472206697148744,36,43,10,6,24,574.7016696784949,2944.4774880549467,6,265.22548327487334,0.7023843402892203,0
358,0.10644953844930505,92.90335503646696,0.026130454444953273,2,1.0917312450721681,77,49,12,2,28,357.69296881008825,4018.541400465634,7,369.6762144913806,0.7832490109956692,0
45,0.39988935758677313,16.682377051912614,0.1857006292050693,27,24.625384283890426,13,2,0,0,2,122.0037388600179,162.31128731372735,0,54.72611153575357,21.883187157593028,2
311,0.14147544672354345,79.89859575919562,0.04843122205947908,8,4.927876761784582,38,22,9,9,39,573.8793014324069,4417.936702602751,5,455.5570281442526,1.0507977465549188,0
45,0.27351992331974034,15.636434668441467,0.22689692504095027,29,37.67435732671197,3,9,3,1,4,141.0395684249518,714.5590947997242,0,78.88432115862317,25.146111906697506,2
323,0.1324731362406011,82.42708776014055,0.023706139524836613,5,2.234794973492781,53,55,10,9,26,561.9326528292684,2922.589386471369,4,495.1984513536462,2.810773917631395,0
66,0.32127648609575477,10.96083482003409,0.26958711487928305,30,16.945586615929148,8,3,0,0,1,34.197824821938426,699.6091109592203,0,28.30255425413375,11.64808869168089,2
27,0.2505925441120794,32.92187072309548,0.20255894778683778,25,32.49265889374797,8,8,3,1,7,76.95322264883347,622.3862429325436,0,71.1574751593683,13.81351893509583,2
31,0.3838662357405478,18.14575049843486,0.21181245401112742,33,25.220347251835257,14,1,1,1,6,111.48829187723622,504.93127570132003,1,81.86824907867437,10.662669243864219,2
105,0.21111415232112463,55.23423861092364,0.10456381118191699,20,13.688010958178204,31,21,2,4,9,174.6277446084538,1049.6294752798985,1,249.92577845627747,4.629111693090374,1
78,0.3945294404122137,14.050560409110993,0.24816981606442087,46,22.225158368361587,3,9,1,0,6,104.23163538013218,158.87706951678,0,26.152851098826773,14.566403475938854,2
158,0.22156207169717856,46.8636087539639,0.09227443105635591,16,6.310146186504656,31,17,4,4,14,293.67529566727546,1002.9246805047818,2,133.24709719263387,8.56907285579598,1
74,0.3815767870673063,10.202116913250272,0.2804272768047717,28,27.081217351115612,11,3,0,1,2,39.571611054128525,788.2803276730989,0,91.12336941521289,21.953740598870013,2
48,0.3810344286355839,16.77875902943049,0.2231388559404467,29,36.61032477667321,12,9,2,1,4,101.96235770736713,690.7194759659426,0,63.56576731910674,26.840775672110425,2
159,0.235820679097703,38.35062235797479,0.07178363164628064,17,9.133424598711922,30,14,5,0,12,224.696445388109,1271.282137069073,0,105.88795796064998,4.609729907807239,1
374,0.14297531780015085,61.503870928250436,0.034024381701849446,8,2.8406490579537587,74,23,8,7,12,315.53576661984505,4931.095029635528,6,424.899133255882,1.667195247807761,0
149,0.15955591039583353,49.29197195874346,0.07633605648528338,13,10.049328040894,23,12,6,3,10,155.1263383561631,1665.8141358121084,3,154.81772269799103,9.478705251528265,1
70,0.3633891714959309,21.568998522349325,0.24499151894638438,26,32.04682358741917,8,4,1,0,5,44.31594967221749,356.21077131431315,0,73.42048201588284,19.33185746871239,2
34,0.3013795612089126,15.639498604027377,0.25212078310792885,33,27.77522089206532,6,8,3,1,6,48.33669711819399,397.10372220030536,0,21.615593846746634,13.152720716659612,2
298,0.09275987149331706,92.1590791760359,0.016495275786492836,3,1.3553609803502575,68,56,3,5,31,309.53354530719736,2846.7874112387985,3,398.0553498328601,2.6639280502369114,0
143,0.2121106324910203,44.55134706277642,0.07395304840310601,21,11.381399025162693,17,20,4,3,11,174.16500348846333,1590.7313527216913,1,128.5685495545069,4.821479575550275,1
333,0.08120127712822252,88.55129819421305,0.030643160817744666,5,3.10201848787456,37,22,3,1,24,364.8681027383339,3301.3116980540526,6,452.0987205760057,1.2851095172960811,0
79,0.34807160703303747,20.436863901954155,0.12550230612257338,56,35.04144407020159,10,9,1,0,7,116.87944609736856,377.5774592951389,0,36.177206996717864,24.938073107110466,2
29,0.42949657695908494,32.972569108642205,0.27534979076087085,53,39.3320037908352,11,4,2,1,0,133.39591274946568,420.3386428126087,1,80.86648240155604,11.5320723262742,2
120,0.21669359852039066,40.3258829960816,0.09081473790955005,18,5.785362427927987,26,10,3,2,19,225.48288107744432,1773.4766700816294,0,167.63554796397221,6.583314848887368,1
75,0.29101101868376716,18.09627216392508,0.2452444166686404,56,32.26346395288914,9,8,0,0,4,145.84664443961157,778.4694913206266,0,35.42016083301698,19.656349887008222,2
195,0.18356824006428418,53.215925557922475,0.08759584189130724,12,6.621833724078774,22,20,3,3,6,160.8522575754086,1119.6531697160285,2,129.7615151790344,4.822781511215501,1
362,0.09824861697651321,60.48812289272178,0.010737108749528698,6,2.1174708557388655,58,43,8,1,37,322.94398664979394,3021.6345064396905,3,264.2792908426108,1.4512047137325896,0
183,0.15387569355541825,52.87246095193221,0.09795042606642251,18,14.47623658520667,18,14,3,3,11,153.06024160323096,1421.1667228273213,0,157.9665026396226,8.152575010359598,1
123,0.19578049325592067,42.04493375991231,0.0525176029349389,15,11.925728000775818,33,10,3,2,10,156.07637594119828,1750.2878461066844,0,247.95732574433382,3.1992017429074573,1
185,0.16966672323903073,40.85925226694689,0.08917317989513067,10,6.224814168502972,15,23,1,1,15,210.29278869228293,1930.389736260646,0,224.24103472239824,5.31849670236185,1
389,0.12310958150729397,87.74870429613354,0.014233363753143359,9,3.5171952240429447,75,23,12,1,26,424.8654176536048,4461.2804607770595,1,430.76790901241725,1.28047970946597,0
26,0.3387430538240479,23.50735606680916,0.12598582929826946,38,15.99965321994602,4,2,3,1,6,94.73212265855233,461.28720894174074,0,23.81666731630976,16.478782403214318,2
157,0.15570943379079435,48.41314020983621,0.08841459014841081,18,13.65645036372732,32,13,7,3,6,225.66315595728196,1149.5524966466064,0,125.89136693534118,4.558225455788664,1
58,0.3321618524748683,25.524127406929807,0.14326458491806068,27,28.676530369965654,11,2,1,0,2,146.49491886828355,290.18623131848153,1,82.7129904469787,22.884109636813847,2
74,0.4214655647067106,34.57701114882501,0.21016896451498102,55,28.51323127722339,11,7,2,0,1,88.4328855887098,652.4007659050384,0,26.66420664894371,13.915502228262724,2
77,0.34620375596009234,10.477441390080111,0.12338117869569272,49,25.023468399908985,14,6,0,0,0,105.88810741622358,466.8507125546931,1,61.83898465533677,11.649161559679078,2
287,0.12395260904640452,99.89022139073577,0.014378703947164607,6,4.27494001629708,50,21,3,3,11,485.55811761545567,3805.0464920548884,1,392.13806390115303,2.810182472114208,0
393,0.1148773388494258,70.86747884276016,0.03667886067963629,7,4.147880539670665,62,28,11,6,14,550.3772857785816,4680.905760038401,4,426.48905914500176,2.2934068825909173,0
198,0.2189791247312866,57.940017406547504,0.06048439921766319,24,14.639160120731884,21,24,7,2,19,227.92527821474715,1796.300231337662,1,185.60344923652718,9.214274565897904,1
161,0.2119747854491566,43.46528072781581,0.06612765500601951,19,11.231724245321873,19,21,5,4,10,228.47372247264624,1723.0038434283051,1,245.62812968015504,6.320278993852037,1
254,0.13002165729259663,87.38286191519333,0.030609916972589038,3,1.0013300244819576,53,21,5,7,31,307.48986663601715,3668.984021771238,3,353.1007651169665,1.4009851001352782,0
261,0.13858747119661616,96.50997851516516,0.039833480481238574,9,2.9440620119101597,76,38,7,5,31,591.070603324463,3453.173556802548,5,386.48088332725,2.5913272269022585,0
152,0.19386490184359845,50.77792569730587,0.05590596275069536,18,6.2875443736805545,21,13,2,0,18,277.26265896457664,1166.691751193391,0,211.2404529605813,3.057561919722241,1
172,0.2274572083174365,37.05026853020469,0.10247299990714415,16,6.271026137707404,20,14,4,1,17,248.8283106340263,1611.3701463217485,0,240.6830464142325,5.631719367484646,1
328,0.13249375246289802,76.86815738213127,0.036130520769493205,9,3.811773763914707,75,42,14,6,26,388.1327718523172,3868.1968468785,6,461.4133805693356,1.0036598026338324,0
84,0.2790632912673252,33.724391624122525,0.260957761725027,56,20.347393409369793,14,8,0,0,0,60.42074267100176,414.6214352286188,0,53.58710258840613,20.728607935789842,2
136,0.19991864509333304,45.31695620947873,0.11100419792301719,12,5.4696442240766725,17,17,2,1,16,211.3874360678096,1799.9291660345093,0,199.7211637870367,9.265743580110644,1
169,0.173679758545618,59.996231112160004,0.09313684545314285,17,9.066365268849705,15,17,3,2,19,236.78780228894246,1761.7001730903526,1,201.9727187829955,5.513495453302058,1
162,0.19407390410842634,49.53302549312633,0.0935663152031222,16,10.2023048910309,15,15,1,1,15,179.4723978604378,1396.584579059446,0,115.97226449270596,4.681590164768817,1
71,0.40454882890928245,28.95183753551998,0.2945804415387174,55,31.238153218734226,2,9,1,1,2,97.80213226873326,793.6422323561586,0,63.43599503584902,14.03054005836485,2
104,0.19577438171662134,57.06022966109471,0.05420057348123083,23,9.864050355361782,24,19,2,3,9,216.43711470629455,1931.4952536701078,1,184.86273463368735,5.623117157750319,1
133,0.2178887337188785,39.97528236037971,0.09865838711620371,18,7.527658599511641,27,24,4,2,16,198.31208629743986,1850.8604438707273,2,207.66408172243462,9.118726572463476,1
96,0.3005617822596631,19.586570863692312,0.1594678262866644,45,23.32683240132354,11,5,1,0,5,79.77968062667448,787.7131499329522,1,98.78927522758742,23.116978971477483,2
81,0.2592090320089797,18.097632914080044,0.21481418924488915,41,38.54687625368132,10,7,0,0,4,129.25802346046524,588.2493252259662,1,80.62770343459769,14.800768375282995,2
56,0.3315480493859439,34.19923613800637,0.13523289519361625,48,25.080763198687194,4,2,0,0,1,43.2601621473228,541.4259301554266,0,31.765592364027473,13.72264308736199,2
63,0.3822000597641706,10.929518373531621,0.21311161819822677,59,21.760852999554697,8,5,0,0,7,102.32757606091222,630.0166377887638,0,79.5388206749791,25.562513225730434,2
347,0.10750926142852013,99.41469248966939,0.02917115714305149,4,1.116285521375815,51,32,8,1,36,578.2065541758891,2637.001922860674,3,473.76415099995825,1.510604105267598,0
386,0.13752534457911145,80.85202669654278,0.02010111128301677,5,1.1451504904540086,56,27,2,6,36,584.9699004738228,4966.506594167493,4,359.6618750615137,1.7202938585843373,0
351,0.0835537971727578,60.212000255904215,0.041919572885735334,5,1.894457737985245,43,55,13,8,27,448.2443011913648,3962.480462858295,6,498.5204136613939,2.81577069230299,0
88,0.3186030953001193,31.049375635156782,0.16986820733101604,37,30.622906554651983,8,9,2,1,5,31.10468008687716,313.2059629610743,0,75.62635251620536,26.59915837910637,2
220,0.12093362741644076,63.03733641478488,0.019481114284333446,8,4.120852253720409,37,39,10,2,24,332.1171535662558,3663.070043649107,2,476.03383814454764,1.4553322720649695,0
175,0.21136831877287435,49.581904928477414,0.11462180982279255,18,9.10023786741743,19,22,5,4,5,248.19317902731945,828.1508260653853,2,243.56606440000772,9.344479477669523,1
84,0.3908568539758551,31.711564473686764,0.18914068402387846,42,38.86624489971838,5,4,0,0,3,33.456164468320026,466.58603257128175,1,41.33277267105609,11.749592115018562,2
189,0.21187469824576063,52.946764513798215,0.06984836076367534,20,7.9757071644081545,32,14,5,4,14,296.656921923825,1352.679209074707,0,242.00618725508323,7.533963523531608,1
328,0.14406780391683743,82.26886339133465,0.045301339432784006,7,4.2470088674628395,32,22,7,7,38,512.4365504701876,2836.8142282204303,6,284.81171114852737,1.3115229212754038,0
291,0.14162519780468918,78.35955952068052,0.031214175749130248,2,1.654735205861206,67,53,12,9,17,472.9842021389153,2513.884873465011,1,310.892781466158,2.479728309489323,0
356,0.13744476330207686,65.72511942193879,0.04634805237077472,8,1.5087990507497984,67,54,13,9,26,334.32945558370756,3292.951705762466,2,323.3836981146651,2.362062688824783,0
120,0.22207251120266788,57.938622364908625,0.09107236832771401,13,10.376921285909715,22,22,4,0,12,203.3952586248355,1651.7656559268462,0,127.92475536191054,7.205178421152754,1
237,0.0908529131709421,79.06477936505648,0.04956739639253436,4,3.4254837777335023,31,52,5,3,39,408.7293967847487,3536.9010406612415,1,338.5942957465338,2.919357062084289,0
346,0.14903798971067705,89.24094685833126,0.014132358284960626,5,1.5119528341343456,37,27,2,2,38,329.62116206479976,4215.517635531556,4,292.96912803398106,2.072182242470439,0
158,0.23910216829672115,38.97897709984574,0.0819489407798697,16,13.533957335369417,32,19,4,3,19,219.35421708716086,1608.8016452838242,3,240.78783936677578,3.885811210993857,1
88,0.2562123312846067,17.271598378242466,0.22268242475181496,45,28.690766284504438,7,1,2,1,4,122.9005800027515,228.69200882250846,0,33.539807795431564,27.47814477570334,2
95,0.3760916594484849,20.655786456619104,0.23412547066890604,50,31.67462153673865,9,6,3,0,0,65.53853619166296,513.6906794776944,0,37.12929947303485,12.224331500044308,2
148,0.16902279308201376,38.18062217342527,0.056361357685875385,13,8.245066491689474,32,13,7,4,12,236.55800125703166,1815.8651869584833,1,154.66147989931048,6.79316121293354,1
35,0.4438510927439362,22.57235194851048,0.2649446556534189,38,27.669584539557853,14,8,3,1,7,119.73183325680385,127.95253248592648,0,84.59989853253286,27.071004559166333,2
237,0.11740964526127662,90.36143382155399,0.031340477011987826,7,2.484828375559993,58,53,4,6,17,417.0360704065018,2243.1158313951705,4,459.9994401510859,1.0378890540601389,0
117,0.17203273934375826,40.51747686963338,0.07950578277572033,10,13.824951050681364,33,23,4,1,7,240.97683379848286,1682.8615841337319,3,165.66659078343534,6.93898080339542,1
57,0.37896771920403927,25.378164563757792,0.25609288983991707,59,22.597521924311707,3,5,1,0,2,92.87690432228567,558.6627392034409,1,89.50806014409312,24.01315657775708,2
312,0.10061457627876008,80.22031516424136,0.023840662705793582,3,3.3086911331502002,52,52,11,2,26,528.1272935047415,3996.095625256713,5,367.19747012669774,2.630530978004185,0
312,0.11698590849080465,73.37451245241928,0.048987994074827595,3,1.4317748585858574,65,46,3,6,25,466.30124230210345,2090.0639964472157,5,272.0380395341611,1.4638839110032846,0
95,0.2899297283912046,17.459512839036726,0.17068337145399542,50,21.493773402564393,11,5,3,1,0,61.02075025773743,308.70007980369815,1,99.23773378778053,10.268096285039821,2
76,0.38500932445798397,18.701759271528502,0.24210481616092233,55,28.455009785245508,5,7,1,1,5,120.04667125088419,136.436678857115,1,40.08632192234763,23.68898096926394,2
252,0.12454825182122078,89.65843644556182,0.0484526115273963,3,2.485634270600563,50,39,13,8,26,582.715036200683,3858.030362410734,2,253.6522492772207,2.9644206239643527,0
61,0.2587531694396637,21.5350297706394,0.2741597480361774,47,36.97002395214816,9,6,3,1,2,64.06153780153639,551.5578843767504,0,81.52185910261183,15.034889285650607,2
280,0.1039315766701481,85.35034254880709,0.04848487890368199,6,4.392063540997606,72,28,6,5,22,505.03613322225266,2024.1773100263595,2,318.8841417852128,0.7872658584047758,0
46,0.383294039210741,17.1480110409908,0.17280409439891775,25,38.78659199364549,9,4,3,0,3,95.42828619906892,594.5707426122337,0,59.43939432836254,22.48800974944326,2
339,0.11333474877523099,89.28738313836249,0.030193795275720713,5,3.9420224259501504,53,57,12,2,12,430.693437136953,4519.461056610466,1,426.3906779124228,1.8320675935034856,0
114,0.15617623862901997,58.87657967815591,0.11313367002242221,18,10.09113385187522,21,21,5,1,9,263.3155908773372,1406.198853827279,0,183.75767163553328,9.985405940886015,1
294,0.1453405415655638,81.71397242453637,0.016416004213202884,5,1.7587793926987088,61,53,7,1,16,567.5679309769688,2973.037423085167,6,397.41337378788694,2.7930514795621573,0
135,0.1988542466440257,55.01340262816869,0.0790103832877832,16,9.737732925144229,31,18,2,1,7,213.75036211847964,1179.5508184707492,1,175.15710666916272,3.9853932043984934,1
166,0.19868282119412367,44.293174615411516,0.0767739122407816,20,8.62583212594677,16,18,1,2,13,215.40724469588815,1161.1028877985025,0,191.0900005152232,4.3696640693773965,1
350,0.11875921366420605,75.17222793542196,0.019202147321257357,9,1.9113696701724399,73,20,8,8,24,335.1035174573839,2952.6637396085052,2,448.7645044015328,1.0174840031126453,0
253,0.13343550961027376,95.98669781168692,0.046260548777783204,6,2.9265393861394493,66,47,7,6,22,507.3635428159621,2748.509239048225,1,402.9116048474981,1.7479973671033295,0
92,0.2685110891722057,16.347021153100798,0.28074539245547425,32,37.26484400304773,8,7,2,0,5,33.78415537574689,403.60951802718444,0,67.75711725731543,22.182412444265935,2
113,0.19835745857038675,41.952804188845086,0.07840684645401902,10,5.436609287130086,20,17,4,1,9,259.83568711384316,800.0633923187562,1,131.67370561478904,9.122913890286984,1
154,0.19448393593405294,56.45347312566636,0.06877752512456176,10,11.421102350255211,25,17,2,1,9,237.5787400962023,1178.0099302277288,1,133.73301703382975,5.868933711828451,1
185,0.15925285543667192,58.166638847171754,0.0680874853509259,16,14.460756180688314,33,11,2,2,19,259.84358511385443,1117.8395093762856,1,149.22207707726028,9.834892556688393,1
302,0.09741069081012016,91.99128088297078,0.033933090604897076,3,4.517074639991353,68,39,13,6,35,471.9669583348774,2935.7357166101156,5,485.8935360087943,0.8102684192844435,0
350,0.13299568414297191,87.32735425781925,0.013261059582097067,4,3.408582576209924,34,23,2,6,21,496.01504954360416,4332.366401547157,3,392.69037023976836,1.5478404361051374,0
237,0.08226211657767553,93.92512381867533,0.033791065495077446,2,3.096636682904649,65,21,12,6,35,578.5150516908923,2183.021429016185,7,498.86853808670355,1.4449850965653828,0
161,0.1775170112488068,43.54186434546135,0.07987532605357435,18,8.506426914571469,28,13,6,2,13,227.84060463971355,1415.8639709933825,3,164.03579809544556,8.79538443504345,1
21,0.337994753408476,32.2296424960219,0.2729394079744629,53,36.06737360556904,3,3,2,1,7,142.6897565864424,291.24245423516277,0,50.06359218304458,21.30770320198392,2
168,0.18285706327322943,58.363506140546505,0.1118235137046526,21,10.739751750317419,20,20,7,0,13,268.79415217000735,1824.7381556174523,1,195.1082584016475,5.929127528013596,1
204,0.10438356231172381,88.64716298931809,0.025686048457807864,3,4.124681695147677,79,23,2,4,33,329.5748781067237,2478.8747042965015,1,475.80590683617686,1.489444199151077,0
137,0.19309837288482032,48.321178307081496,0.09363882119353853,11,7.703485904955843,24,19,1,3,9,152.85651139114378,1391.02622482461,0,117.30997874212423,4.8669240144604995,1
36,0.42316845774991635,23.059582635668377,0.2917435085503636,34,24.640514934652295,12,9,1,0,3,127.59147616207851,637.5562861326079,0,59.05754873593908,15.291820695374582,2
126,0.22173727740629734,43.193680647403205,0.07861206339659695,12,8.862363952990897,30,15,1,2,7,277.7226673970991,995.1826618278808,0,213.50573651672045,5.638649801803904,1
146,0.1637227146616871,53.375653727627466,0.07177049025696211,15,6.522282139168668,33,24,1,0,14,224.35755151174132,1834.5835499517461,3,207.76902674847503,8.279976331246512,1
133,0.15546931745762677,50.95875162826827,0.11075766494014919,21,12.699736182066008,30,15,4,3,7,236.02493774028238,1201.682391895135,1,228.84795865481752,6.822691656023036,1
179,0.23689591050208963,48.386623741423854,0.09772073952886395,23,7.7470503280714365,17,24,4,3,7,201.05772565163238,1082.488698609832,3,170.66655324966308,7.524812156660598,1
98,0.3093434903158082,27.221296557516624,0.193323866093301,42,26.445881563951716,2,1,3,1,2,55.77112799549665,388.3288083269556,1,29.532563643237182,24.45299404721713,2
90,0.2828295481118004,16.842515737214896,0.2229388658878998,55,16.22645918521608,11,1,0,1,2,100.97399177316298,206.68484402651694,1,54.61639317012399,19.76311912174618,2
350,0.1312153428709748,96.47409635371858,0.03834288018410518,6,1.4227739196250964,38,56,5,7,28,300.94227181443665,2833.157262052531,7,482.9244934202922,1.7774268576126553,0
322,0.12850232510843576,82.62033389291895,0.04360486010964875,4,2.012233731203138,67,30,10,4,33,381.4097890617032,2157.173886784584,6,250.23235421749027,1.828392079381738,0
194,0.2039191079513633,39.57232632671672,0.10026712165692157,21,14.469028994605168,27,20,7,2,17,151.38623826082716,1205.5639750885746,1,176.2467541415042,7.119034894914973,1
134,0.15288011805465188,53.230273712521324,0.09882134797150142,23,5.438810883687436,19,20,7,1,15,289.6211508517143,1836.6839795529359,0,140.46940868385462,9.491959855379335,1
65,0.2662979954618553,13.266220792416208,0.21335070569436013,33,26.348319557589043,8,8,1,0,3,55.2774717162644,250.4098216943942,0,95.61291657423175,26.728917925192256,2
252,0.09280061979751152,75.16914339855202,0.04408774133388031,3,4.130784162976597,49,40,13,5,28,478.2248341709137,3138.8502933550108,7,329.6724009976309,2.2867391880893355,0
134,0.23787465236769298,47.980174365086505,0.07007368142905185,24,14.074631763464255,27,22,5,1,15,180.46058893800932,1890.7012929457449,2,116.96586347525798,9.83188183574715,1
144,0.24044528115624939,37.12859091390205,0.06454533252933277,23,13.87751524671688,19,21,7,0,19,221.48519153700278,1672.3758456149785,0,222.8106985681978,6.8175399649354915,1
36,0.31054951409424647,17.664976913121887,0.15025630536353554,57,16.063115837977314,7,8,3,1,0,53.00391253939613,447.63666984421997,1,55.63243428622678,16.228315077623172,2
165,0.15783016704795574,51.64126251564899,0.06982533586667672,14,12.497257467835432,16,24,7,2,5,242.343659502469,1559.9401787995946,2,220.90247569046036,9.596341464545258,1
77,0.2868498948988867,10.259093058679428,0.20353265137762258,25,15.368097296533287,7,5,1,1,5,54.02651229463993,124.94085677309752,1,79.28856333037446,14.010190471017749,2
73,0.3853999210731572,34.06888368560815,0.2147517832557492,56,21.514947159294405,6,1,0,0,6,77.86039378077069,641.3745572401406,1,74.63692748336518,20.58965764758788,2
208,0.09502123837958619,81.4592540593838,0.013363928978719386,5,4.438260926587783,62,27,12,6,24,306.15624441879754,3490.686555500147,1,451.9294549953699,1.6605098723803167,0
135,0.16027682426497816,37.80029282670514,0.05429407121387077,14,14.623653164545283,32,22,2,4,18,186.28915921788547,1638.3627073183472,1,144.10595650599987,6.328685651383354,1
236,0.08213305069135159,79.24247535376345,0.031289799553051965,3,4.7881439509548915,66,37,10,5,12,536.8476895272157,3476.1634681472015,7,401.48154885356183,1.0759665984647235,0
210,0.143921602658035,65.29104844501322,0.023292585014204358,6,1.2112158418741124,79,28,12,6,35,312.44975015492383,4420.272691367378,5,314.90082092711964,1.1630213424920728,0
175,0.1717748704834022,59.890476490567664,0.050112083128432024,13,8.783475816826469,27,21,1,1,7,279.15132319620204,1624.8678952228574,0,239.99146185686,7.683560118035983,1
334,0.13208298500993806,64.66784256566726,0.028535229928624797,4,2.5458433646365886,66,35,7,3,39,505.7101628800932,2660.2660306141597,6,360.1347899682487,1.017642708457582,0
296,0.11581599094830829,61.76661750840401,0.01491883234118507,9,2.383681790006777,49,37,5,1,38,509.9069727176125,3429.3838137181983,6,320.90198085428403,1.0087199863882814,0
183,0.2238930455349472,54.37704500847798,0.09252302277359985,24,12.223735076327985,32,22,3,2,19,263.2308793362841,814.2456160032311,1,153.08585008177255,8.520072355759297,1
250,0.13370363971760002,71.76178716883886,0.023037018558082996,6,3.2312529020442797,35,25,9,4,26,476.6799224836692,3636.7463653761993,6,270.49143366091556,1.1220475675498296,0
264,0.12560393403004516,79.75925948523451,0.040265432151397385,9,3.6068425916438733,34,30,13,9,36,362.1818937203003,2197.0763494689777,7,389.35124107854676,0.6562673537760271,0
306,0.11869739838355353,63.51550498160576,0.021880115058195287,2,3.1589304750397713,49,46,2,4,25,502.8376192764871,4344.516943226547,4,295.3063902624274,2.071416001618208,0
117,0.20132605045704421,37.75184400452643,0.08301891368238466,16,13.66855213027066,18,18,4,1,11,247.54454611102614,1283.1337260081953,0,171.35561172835844,7.947533530777701,1
95,0.35712295637486635,28.28034549990703,0.23737077767903245,45,23.167730374509567,7,9,2,0,1,68.94622872389996,734.1686468245678,1,69.41924004999984,22.59767407342399,2
288,0.08407355168559105,89.83898102194873,0.028297283910948295,9,3.4779910056303507,77,54,7,4,18,550.1375852756482,2787.028900342837,6,329.76126858306,2.530815450617654,0
327,0.08095703753788981,87.95383412643618,0.02734621335825556,8,3.040438849995301,59,55,7,3,21,384.8403392011499,3782.4255882693724,3,482.70601874752856,1.7930235692338234,0
35,0.4284060230819562,24.863752528626122,0.2591955606355675,28,31.488257975749516,7,6,3,1,3,72.29553412790878,388.0581220294473,1,82.88923582425059,19.063468237877647,2
133,0.18157434024840372,42.48644309835637,0.11077421530452852,17,10.313399532366091,15,22,3,3,15,179.5430445313082,1782.9287914132253,3,143.09954998414742,8.669391842142634,1
37,0.3489236030220064,30.85694747638639,0.1411449492491146,30,25.493674372955148,6,2,1,0,1,139.35237467802133,480.97773654560405,0,48.40758130905519,18.762446941617263,2
196,0.19415039232811748,46.111023941787465,0.08707008764988725,23,11.39386421454098,31,19,6,4,5,238.15417042969682,1458.9728182897416,3,222.37312765379428,9.252653030469627,1
35,0.4042859977985873,15.263478670946073,0.25035776954640476,45,31.036521308305492,9,4,0,1,3,47.18370046562905,507.65939421084397,1,62.808542400048275,27.85022838188303,2
144,0.15839625634467266,35.05460357143122,0.08380149738810905,20,8.831644685591257,27,14,6,2,17,161.2640468707971,1932.1137287183424,1,224.63837362327757,3.3184057903059223,1
365,0.13084779228551596,97.97227188231062,0.03530162132905224,5,1.6611764438806982,67,48,6,3,13,356.8180253654538,2383.3239583699715,1,443.29587531468957,1.2450171429843886,0
308,0.10491940389903903,88.96413317092555,0.041271613193801175,6,2.7155475154441544,74,37,4,8,22,406.53949432614377,4489.168598964873,4,334.83070891392777,2.068669746915182,0
48,0.3253711965968218,18.79087433344622,0.1777586518265958,32,36.61784907188256,10,3,0,1,7,55.305340872882255,761.5554384654823,1,47.604069545764546,10.067576936168246,2
309,0.13894639905130968,93.85631397258229,0.03317659597374003,9,1.9021653197029305,41,38,7,3,21,582.4598730853323,4772.7628238093475,6,445.62503609507337,1.1313259740911112,0
295,0.11451179604402634,73.28585650619756,0.043036830631995864,6,1.3304706538370747,77,40,3,6,17,496.8165065927112,2279.588358688084,7,380.85179626686795,1.3145614600486217,0
232,0.11979641986249709,71.51718465902904,0.016655103477290892,7,2.8024786269190316,73,56,12,1,28,391.0871814431521,2793.5474119665146,3,378.0536769192629,2.2016809330643428,0
33,0.36427279393383144,20.90624779274541,0.2387541033131938,33,37.230664841585536,5,4,3,1,2,98.13913096795008,328.96976578005547,0,85.54550098775718,21.92655210007724,2
187,0.17099180457480515,56.93274340482589,0.09354064321662864,21,14.232237469852286,15,17,6,3,8,278.683377786936,1289.4619122204308,2,158.91784694930573,6.293505033627776,1
177,0.22343500353352957,50.273159687086945,0.08124482056009481,12,6.4745391742613485,15,14,7,4,19,241.00793696733479,1697.6416872099064,0,237.60233522601231,4.810089550869417,1
154,0.19740762641078577,40.11798634874997,0.05816823839551299,18,9.095609272625094,34,22,1,3,17,170.09623001246717,1426.261354312974,2,177.52551516017488,6.026337299150658,1
217,0.10998201324580754,64.26797000453745,0.0457968576491136,2,2.9384063480754588,76,36,13,6,20,564.4846919633993,2953.0840926414867,1,423.50435352643547,1.4931786821011492,0
190,0.20822374488025863,43.873280024200405,0.10203061326568535,19,10.319329775527915,15,20,1,2,19,250.14025703748524,1659.7715151706002,1,100.46824770346144,7.857944758724929,1
174,0.2398667701552664,35.54250238188854,0.05027398740147735,13,5.392919451506924,18,16,1,0,15,195.1738529678168,1078.7280377486009,3,104.81643707230874,4.884892970136454,1
396,0.14078107749249108,78.92840472325334,0.0189880470789072,2,1.9471372372455416,78,36,12,5,29,324.8202118871012,3776.904113186287,5,260.68490151548787,1.3470325540121204,0
32,0.39865983446139586,29.588900416060653,0.16949448596153083,34,22.172588722802555,11,8,3,0,4,41.71995817513475,183.88846307884273,0,91.41249562683844,12.169966901408769,2
336,0.08374397077231582,93.61758527921691,0.010041179193825337,7,4.135370707070695,64,53,5,3,39,337.90694439435316,2185.657105041426,4,341.7403517518001,2.841811389633725,0
157,0.21809532914035762,59.20522102157264,0.0924470281888137,19,9.707059473159374,21,23,1,4,12,256.48996101513694,1715.9422282437909,1,110.3126428133016,6.09507879650608,1
124,0.19483464705246337,40.071829397855865,0.06996482212573324,20,9.830141128439504,32,18,1,0,19,225.86134475331664,1344.5045123004243,2,227.35517699252097,7.770682209206552,1
329,0.08052740541938523,73.45481855313687,0.016371497809712206,7,4.912247271894114,68,38,6,7,19,469.7064516423017,4989.696968866947,4,377.03542966629857,1.2373645601058552,0
81,0.29338864508146717,24.37715903462788,0.14491967420379726,31,23.050805149387177,3,1,0,1,6,42.18679241150146,715.4908488280365,1,34.94675250356664,18.567005676263015,2
98,0.3845835648573953,18.453588455604905,0.2844833266967932,47,19.46382148212291,6,7,0,1,5,61.85678699971787,529.1364181086351,0,89.387640376169,23.839850441134885,2
360,0.12057549541302168,76.51174202427009,0.01036121616518201,6,3.5246825838268254,63,29,14,1,15,407.0306134869818,2896.348613162755,7,331.4703356539476,2.5965222188349055,0
201,0.11069318861126609,92.8344589261341,0.04536795912526012,7,3.3006534019864997,57,47,3,8,10,451.2011290788978,4534.586982468898,6,358.5130440202392,1.8798409026511662,0
167,0.16773513616597427,44.002490769552836,0.10033136102140237,15,6.35516873560754,32,18,3,0,19,274.7677950277739,1458.6101067121685,3,112.64058387711484,3.0505396290260243,1
214,0.1389416152508387,72.82568768638058,0.042030787485195,7,4.106894521886771,72,28,14,9,19,361.2499677504729,3332.3457394889965,3,456.87468540891837,1.5327684943178606,0
57,0.30229858074552385,30.307401385587028,0.22193609187343882,38,22.69481888869812,10,6,1,0,1,127.63534562675761,554.8535092588372,1,32.8412332224553,19.57665631663363,2
119,0.24727937016564439,49.62327234946804,0.07896130283062308,18,14.59592147609234,17,16,7,0,11,249.61886089250254,1448.0350307128251,1,138.66328234421644,7.930965350342406,1
23,0.39492183871766345,20.83862807893399,0.20349018173100938,53,39.72948083169583,10,5,2,1,0,91.8883426048854,433.0577704962207,1,77.23873438195115,23.076767796332526,2
56,0.4010161324243359,13.168041773816928,0.25662936181207946,33,26.75050523931742,13,1,0,0,7,64.67493829688607,519.7481008482764,0,80.93450847842547,14.874342643350523,2
154,0.20539794872200806,46.70751478640963,0.10940245863291459,18,11.155526231931791,24,20,4,4,19,184.95797819772878,1104.1485556076195,1,247.40323593869886,6.522465917260801,1
55,0.40042456764972545,15.111384535484923,0.13315055628590067,46,39.546932408815145,4,5,3,1,1,96.35362722934708,646.1588416325262,0,26.038233153922317,16.516711896899977,2
186,0.1609490972554462,45.44709991544024,0.09955586410179963,19,9.9044909673595,17,22,6,1,5,227.48197655838933,1680.7044443452405,0,139.8054599680516,7.374457288519194,1
151,0.20251538941116284,46.82476484245382,0.07513005376554846,15,13.750086997439702,20,15,6,3,11,249.22864862192625,1406.1968219519777,3,184.81845491111625,5.661688164893731,1
38,0.3692770836806458,21.127775868003205,0.22572739202264558,51,34.98225014760537,4,7,1,0,2,106.36177503204678,347.5465041980773,1,99.95672537491217,23.414514801574462,2
47,0.394449715616852,20.68557005923591,0.1917133827895258,27,38.86151068846584,4,2,0,1,5,92.44905176191185,645.7440492934354,1,68.22757974290806,18.03290354424084,2
374,0.12896585475370356,78.17071888876399,0.030730414667055686,6,4.745796695534642,40,22,10,5,23,435.87332108028323,3613.3488042241297,2,260.828818313578,0.6806923689329415,0
229,0.1159328318084675,68.80388856324389,0.018148049971050968,7,1.3800467959692186,32,56,10,6,28,447.22950201370816,4201.716131005608,6,332.04001808840195,0.7317870270256748,0
323,0.12068138348265783,74.52236848780362,0.029375937902961627,4,4.367881485986835,64,59,4,3,19,356.7417300068954,2016.2147710180095,2,258.3169927923396,2.8594452784209228,0
55,0.34641870375894285,21.174657253535447,0.18351194130723,37,23.47457723345427,5,8,1,1,2,31.61328527800995,701.8960303409642,0,26.027529405852057,27.813571912109417,2
26,0.26841948555810463,17.4236273988393,0.2940512506200926,40,25.279024146158726,13,5,2,1,6,41.109128046251854,143.3797048855872,1,62.33520789972536,14.388312771138077,2
54,0.3511931126040006,30.870066698862498,0.24009934990682258,34,22.56169567462115,9,9,0,0,1,120.79229979526255,279.90436255570256,1,60.314320617939536,16.977334435903547,2
139,0.1790999389564663,37.56240822973032,0.07081753324433929,18,9.303164280423909,28,16,2,2,5,180.55760899165,1998.3407829972616,0,148.76993926003968,6.791807768236099,1
45,0.3538886035108864,25.530003615104555,0.19465758462831584,34,36.90082178803163,10,3,3,1,2,129.39875623702113,652.3034191924862,1,86.5810308776119,12.192499726600046,2
142,0.24314789925966807,57.579767268069645,0.10090879293167038,18,10.335544335535793,28,24,3,1,17,294.43057410027143,1146.7244199890993,1,134.64124968981167,7.123831151861656,1
342,0.09489095265169603,89.76998607373156,0.015253405056375123,2,4.90396339839517,40,47,13,7,34,539.9153740856159,2778.165202229589,2,330.9327064026059,2.628514369728685,0
158,0.20105202612988446,46.78304485262671,0.11793882695099471,22,13.22760243032332,26,12,2,1,9,259.8681943700594,1897.8633801458047,3,161.0213937035274,9.768895126196263,1
119,0.17393322865473587,36.541864590523936,0.06329529363612514,19,10.014414736979107,15,23,3,1,19,202.5354921490615,1147.0139046277318,2,126.18759770145404,6.159357076078681,1
46,0.3385018962658458,14.36748378552246,0.17500135098385738,49,17.590096739238803,14,1,3,1,5,72.97023622720539,196.65855962140634,1,30.164260019040317,11.152853911947869,2
359,0.13714700146491438,79.77095400553085,0.03352233512360317,4,1.2501689075894737,37,59,12,7,10,342.6765719330446,4589.027138201681,5,268.25089822490685,0.5263778061254747,0
138,0.2044982278100018,37.87889468507176,0.05560127888303756,23,12.746729371817983,16,12,5,0,13,258.0624103638514,1913.5210414844257,3,124.3850602995218,9.023580406112115,1
53,0.4277768548167665,19.19757313215689,0.25271674928635746,48,18.766493455191714,14,2,3,1,2,52.44682032316564,229.90222192153345,1,52.56679782523079,16.102183804241644,2
170,0.15070429146241418,37.245553235640116,0.07008907596300804,24,10.183996266330652,18,21,4,4,18,297.0706196674607,1445.9916464118946,2,221.7792549748876,5.216174438888527,1
33,0.2537116673047051,29.590957553695915,0.24612682371372627,52,37.90372991117643,4,6,3,0,4,137.8431664562593,354.7162755388183,0,44.050554286534044,22.443952925602662,2
124,0.17999384897980636,54.460710169535,0.08143583748732794,22,11.539942214202483,28,20,4,0,9,296.05382022752985,1078.231536659418,2,180.62846503045728,8.338567911292987,1
26,0.29489457388572055,31.214310239551153,0.24626831079528536,49,31.07210037478132,11,7,1,0,2,114.17974806789402,722.4498093969336,0,89.26731803359537,18.561857532498877,2
198,0.2313608813367356,43.85385491898737,0.09267823428746977,13,14.143404426664835,31,15,3,4,6,208.50990986214424,1449.8075385469856,3,108.08474355906831,6.959514176693521,1
170,0.17177248987989022,52.45844928198507,0.0837603926797347,12,5.312135603387476,24,19,7,3,18,289.7916209481558,827.0836358881312,1,132.57106060565079,6.4426792562571915,1
349,0.08193317403115934,79.62995117035138,0.03354216915892982,6,3.2921657157233972,70,56,10,4,31,438.350070376173,2996.3293499243737,1,432.54336332766917,2.5620173699495767,0
261,0.08893828105957259,65.56464776572247,0.028942955537403545,8,4.953101084000526,50,54,14,4,31,352.27302049361384,2107.790546557919,4,405.09281303093024,1.5719107277867088,0
232,0.1176084391699849,83.93144233072618,0.0339485592040043,8,4.615653321041499,70,55,11,5,30,388.5217047792928,2040.9020717174644,3,280.4698754453459,1.294761684433209,0
394,0.10637172789565585,64.56951703681587,0.03373114593240715,5,1.0075195340996426,70,34,3,9,17,556.9480208287721,2753.240310995503,3,352.67731134791654,2.712019867576627,0
89,0.41920068467947935,32.0386112601483,0.1338657599971405,38,32.52424136445301,13,1,3,1,3,128.3325698151922,765.7634756969534,1,41.79076634106316,16.442251919382763,2
53,0.31373503074657316,18.88168045143334,0.2923170332322994,59,38.10541905608865,10,8,3,1,1,65.74200135433233,574.6507586253417,0,82.63906858125887,17.905849959013434,2
399,0.110411629114179,78.72927313765517,0.01990159822413501,9,3.1760663167310064,64,25,12,7,36,596.556494398634,2333.4114419960374,2,322.3602237420521,2.302830893392059,0
232,0.11472262180053844,83.93770804820909,0.02728963135570049,7,4.721275539351295,38,22,6,3,18,596.0187304502547,4414.891191197763,3,284.4074335995903,0.7653139637274887,0
90,0.2619421809752781,21.465121991808545,0.2672177948198562,47,16.738038506329886,13,2,0,1,2,41.67050590266389,252.90677149207625,1,22.655010418000117,10.520590996342698,2
75,0.30092186585906117,30.871547951659892,0.18520110550895882,46,18.702773122225576,10,4,0,0,7,116.72727336535526,423.9814600391654,1,82.08932787308004,10.212148467406388,2
182,0.1705621487699341,38.09227126534402,0.07442092916237034,13,13.794626935118924,15,18,1,4,17,201.93990761818958,1282.8446474496493,2,216.59532222158776,6.992711277572715,1
389,0.09656796355774551,82.29221475560192,0.010714475699132775,3,2.095165230056426,44,30,14,3,36,467.6297833873193,4482.069664478437,6,326.51179155719285,2.52893001087887,0
312,0.12456510251355978,96.62054709167657,0.04104000828141718,7,1.8117454702996088,51,42,13,7,30,402.4275808812895,2245.0018275802886,2,421.62848576081313,1.6908058805172608,0
100,0.21995342576155236,43.08607137750492,0.1143123113362976,16,6.915213220501482,31,13,5,1,18,185.58815454857057,1659.3974458131333,3,220.0081611927057,5.364291909925604,1
229,0.1281449301967258,86.79669858200157,0.049467719214286464,5,3.247971389867227,74,45,14,9,31,456.94290620914956,2960.081949687176,2,429.48317273502545,1.1056428939619185,0
57,0.3289575018341428,19.02166504950344,0.13339157238695074,43,22.42487227848541,6,1,3,1,6,52.42914417924928,172.4046166541336,0,92.26728109654357,27.879567837662165,2
82,0.43588514900530284,34.691778180837304,0.13256144112008364,31,39.251613425504104,3,6,3,1,4,148.1622664698287,639.0213280910615,0,55.070471771274526,20.959355935878563,2
139,0.18452645520570532,39.688180572804164,0.10070704491986313,10,6.9041349602491024,32,13,4,3,9,273.6141735726561,1217.2854026711786,1,200.90704172506543,7.824608154540663,1
78,0.35956231694496055,34.69982481116542,0.2795601020515063,32,16.971225764265636,2,8,2,0,0,30.206978653180883,559.1640975868744,0,86.3934424789567,27.67554916417173,2
196,0.1833902471526554,41.51687894351484,0.06885925225307002,23,9.457298209028693,17,24,3,2,17,279.8590855660191,1271.5409179896237,1,120.7413291516713,3.510778330479814,1
245,0.10780146827528578,77.64128646992646,0.015741694481575714,5,1.0881406411900167,46,38,2,9,36,373.87324829118006,2678.0995903659564,7,488.1291974211497,2.1593568465634676,0
250,0.11034645163065195,60.10843597657319,0.045897445921848155,6,2.459192876578118,65,22,13,4,24,436.46173284086046,2468.8511286493285,6,282.62613990935995,1.8637258512370893,0
139,0.22517945873672562,59.12321503754565,0.05375879550195148,16,5.833790537687595,16,21,7,4,19,240.9324963331149,1705.9282401899948,2,222.98022212905073,6.479165534440447,1
235,0.08794252214122136,84.14886126920555,0.01125209254990065,3,2.021653938740878,56,32,11,3,24,424.843610292182,2579.7482457025044,5,414.4290368189884,2.2009610344063053,0
49,0.33231114930900546,11.628362536099026,0.2936117200784979,25,21.814328397842036,10,4,2,1,2,72.74979037051006,246.06733715811427,0,68.76162490479393,26.96189327602243,2
227,0.09558034922997213,61.3551664098638,0.032510011453735305,4,1.6265537478952332,49,27,11,1,36,339.4960766379775,2625.7651032231524,1,318.42461441959273,1.2656697175115368,0
330,0.1420632004265462,99.0026865178057,0.020359306064072547,3,4.829291551578349,56,37,8,8,39,558.3135898509936,3857.7170961607453,6,252.76963814857743,2.047920110607646,0
117,0.2072760532955087,40.163360099300164,0.05879309292093651,21,8.834811225750425,15,12,3,2,13,282.5024551533156,1925.317471181869,3,125.45578587328674,3.6594725452874566,1
272,0.0929033572031959,84.24407524223355,0.03991486416368914,6,1.7671298223674423,37,59,13,6,33,491.7096476744763,4130.344299011838,6,477.98989604990834,1.0789975619097474,0
354,0.0977577521711197,84.9990394820421,0.03233650690332792,9,3.5442830549193003,42,36,2,7,39,307.57120375447926,3944.31510360237,4,445.8038636641697,0.9594616627697529,0
141,0.233839963809219,39.791782970756856,0.0701715166018766,10,12.785158800616635,18,11,1,0,18,176.03582162271596,1395.2905742006374,2,215.27016934962006,3.3718443693930076,1
192,0.19461492564571695,51.73164489609144,0.10146758514147554,11,10.857782709310477,25,23,1,1,5,183.00993821770376,1588.9331926129578,0,207.1130534027526,9.234666731243351,1
94,0.4084338272455929,28.113516851524533,0.22025210337493237,36,28.993962323232267,2,4,3,0,6,56.81985052255732,360.65640876002186,0,57.74137209198589,13.883241548290194,2
58,0.3364894719210427,16.27230940884628,0.15883949935968408,26,15.03286583576566,6,4,2,0,3,55.04910401140678,539.7956213456495,0,87.90019733350746,25.05897199326221,2
24,0.3069742413670953,15.989872074134784,0.2569908691141457,40,37.21966916790544,14,2,3,0,3,75.23918824399618,557.4956068767715,0,84.71418457742331,11.521787426991526,2
40,0.2807237107008702,21.835872580842338,0.1660589194880595,41,38.1649970192892,13,6,3,1,3,122.45872302015556,778.3090744520999,1,21.34902960656835,13.391159887402711,2
118,0.1564238575857126,48.41175977971183,0.09519171109248661,19,14.115768872630525,15,22,5,1,19,163.04093410383814,1975.8973193388565,1,144.7063784187034,5.9172434243683725,1
97,0.2764286756339721,20.76902895904338,0.28242229015696557,50,28.258318901740857,6,3,1,0,2,107.12605856946696,697.0470507249148,0,52.09718621690631,14.201058403586105,2
247,0.11487156306521251,70.65993573483529,0.04070895552267121,3,1.4895070293007118,63,38,2,9,15,404.0657929093157,3640.0889848890192,3,307.9603229286816,2.358587934890486,0
36,0.4391662342231739,10.471806364765131,0.28845683255360244,45,26.705439902199227,2,7,2,1,0,97.53240849618379,719.6979803678303,1,25.595520811090502,25.317046080740187,2
171,0.24348930465545085,35.44284626523473,0.07131662324059683,13,5.664053534604974,19,20,2,3,10,244.50518663136575,1000.5611778431686,2,171.49362407629434,9.810841662942135,1
84,0.41335351462591663,24.844936485385638,0.127847085922667,31,36.32879524922518,13,9,1,1,3,143.3119391586661,613.8748866167887,1,60.9215645970299,13.029642260599164,2
329,0.1076165259025691,99.54915127821772,0.024312054037130854,8,2.1116083889954713,38,50,14,9,37,528.8680006663092,3809.5764968440026,7,331.5269631281434,0.9489994536002397,0
220,0.09751759523611048,88.43809915346993,0.04351302941132982,6,2.270125791506948,73,21,7,7,23,489.4930545248675,3944.707692146291,3,397.2550227452279,1.9662794525936218,0
328,0.08155293194212111,70.54735210538466,0.039414011946630106,5,2.4938503845766937,46,53,5,9,12,462.9064292600292,3088.260801197456,5,430.6961501553803,2.7655837985878464,0
89,0.40901749213205196,15.574362200249553,0.1633917594598182,41,26.975593290229348,2,9,3,0,2,92.12887885253548,332.93460073497556,1,31.80854553260709,22.174609651696972,2
151,0.17671440698706492,36.038996206806466,0.09653725935013896,14,13.193982309664928,30,11,1,1,16,230.42884189233064,1347.35265073596,3,156.4581306601713,8.348651001490872,1
23,0.3441183631603567,29.97183277960062,0.13157826550199142,54,21.023991557032012,6,6,2,0,4,121.04086616241372,650.8930583693776,1,32.468829406966165,14.980399242135416,2
245,0.09034173643343588,80.89738304284676,0.04892390992281386,6,1.5798602895192682,71,28,8,1,24,509.91156182984287,2277.5013138168915,5,459.1052307464099,1.7230681368747982,0
397,0.12527938531681065,97.77638902309093,0.03772775763290724,9,2.2437157200302167,36,48,9,4,38,501.00976134227005,3476.696945547225,3,308.26820297270876,2.457500578368005,0
389,0.1087947733539675,74.76921926039584,0.01865296092146214,2,3.377163002247099,34,47,3,6,20,473.9178471291674,3594.983071293449,1,368.2568758357552,1.5309162181867026,0
100,0.18495228011693982,41.98348713191399,0.08166471269351014,16,10.925681827648269,15,12,4,3,6,164.2326345221362,1148.3404127777123,2,108.7251638081387,7.366195718496789,1
112,0.1692346363153915,42.179119128263935,0.08066152574452305,18,6.914896149081194,30,13,5,2,6,246.73594857973757,1802.5833867719555,2,211.27097128692583,8.503278684387492,1
68,0.33197682617505414,12.73153891477143,0.29919865355188546,53,27.63138475627276,11,4,3,0,1,143.97592241544038,579.1811031219268,0,34.46207638725815,29.663245798228168,2
294,0.13161836442656732,82.89711037733863,0.03931595673365367,8,2.6719597354819373,50,31,7,7,28,538.0711963616404,3570.6907385895674,7,361.36323243357197,2.88486303123444,0
168,0.15917776064711758,48.550676741659494,0.06348837662850776,10,9.294478970787026,33,22,2,3,12,171.5531437776319,1741.0246150784956,2,242.20799227793356,4.418598453933018,1
38,0.31019045528231765,12.997334678621835,0.14313071613021772,39,34.58194203205924,12,1,0,1,1,72.08622113451011,690.2393991365796,1,51.07145443071096,16.38190679745976,2
99,0.3768154122417131,33.7233968750376,0.25148966629816527,36,21.1836167785836,9,9,3,0,2,48.20003524291444,252.00873344374548,1,84.0126589331837,14.896234625682713,2
140,0.1576795684286734,37.31291552957736,0.07493749262226461,20,14.339874185126172,31,23,5,0,16,151.45505323845634,1938.445901887017,0,209.4409973853014,6.388272581594939,1
258,0.09900800410738193,63.49160718358702,0.011469277497064546,2,3.0244302193870034,52,29,5,5,13,524.3383049278117,3314.5301499990655,7,328.75262679585614,1.681288607048963,0
51,0.2612160338527342,21.57795084876126,0.16940136903686615,32,36.00021247309997,6,1,1,1,5,63.792073228230166,684.6520824261382,0,30.819186238777803,11.545434525343541,2
67,0.2643892718478881,34.93870554203103,0.23935134884325454,36,16.52807188314417,6,6,3,1,7,87.597967863479,359.77816464361166,0,35.73491473014891,25.483809834286497,2
364,0.13186817026374678,83.49814416936297,0.036060778672090586,4,3.99276762391599,62,51,7,8,39,456.58590104356915,2423.322782064053,4,399.45999671142124,0.561912193940378,0
91,0.2881897717750886,18.24923284861734,0.2616529308573736,46,36.04896136045871,11,3,1,1,3,135.02246561504748,423.7737897648103,0,81.97788746436481,14.127734844963616,2
69,0.2637974616517361,32.51814525309959,0.16700283252506204,57,27.2411052954754,14,7,0,0,5,80.40752034953366,613.7047887957874,1,98.33225918011908,23.135880092600637,2
67,0.3007458398914235,34.52108420559746,0.1611185332796175,56,31.636824128432487,4,4,2,0,5,71.93101352325456,330.3439718306367,1,76.85337967542681,18.31577803154506,2
155,0.16396923726029386,51.076524838500745,0.08658966178473207,11,10.506905446947947,18,23,6,1,19,270.89551930064306,1931.9580766947831,0,128.20616388831786,4.840164913925282,1
64,0.33033811371232286,22.55031560999376,0.26804119637461193,53,33.44775134162472,10,4,0,1,1,52.721726835583034,161.20288824554973,0,38.997512577819656,15.826056174103007,2
31,0.3576388743368806,10.972395306170654,0.2972041271566709,47,34.780106339701774,6,8,0,0,5,100.64300644360854,779.9073591999819,0,91.22473582196514,20.01739906764331,2
66,0.25482236786527956,22.211020167837503,0.1609526933534361,25,25.033700105962954,7,8,0,0,3,39.83625331121886,788.9748365439033,0,71.33896358512186,17.527412545965355,2
31,0.32905081995378355,30.569098386684253,0.19813174701557323,50,31.671665903013977,8,9,0,0,3,89.56372469595684,415.85071929487736,0,43.88710050306341,15.344145535131382,2
62,0.28310815896461744,26.03993323362162,0.18060129016566465,38,30.44836138778234,9,6,3,1,4,71.51669853684311,442.312166242616,1,94.48178232567952,23.011495822186923,2
123,0.15480789684864502,43.21900318886125,0.07518525893673507,10,13.355717050906486,33,24,7,4,12,224.37292089728086,1674.1651346703104,1,113.38098382254458,8.943925735919574,1
270,0.14971518694212305,94.54072562451827,0.04429440368369995,5,4.839306072303716,49,55,8,3,34,566.9651179420459,2861.9801495267056,4,446.9925333977329,2.3496695665010088,0
173,0.16739608876962256,37.75355707297416,0.11116562832939164,12,12.661571015827779,18,21,5,1,11,254.71753861252853,1784.3515527310128,1,220.58270631028802,3.6906016371296633,1
93,0.3792505035314381,30.100569737978276,0.15182429996353158,57,31.495333007201495,7,3,0,1,3,53.152132355135436,219.5281856973375,0,50.01411186504819,28.221702631480973,2
285,0.13159248897537063,78.62800489275253,0.04040376313752389,7,4.583258389487527,63,54,9,2,22,453.04451413689696,2995.9948827132957,3,316.85381961802693,0.7977663396917907,0
54,0.4163776127513459,13.999072936691356,0.12774038978002294,57,38.859115388787615,7,9,2,0,7,145.57375912618556,450.8629086748856,1,20.61842138722792,22.509936742334084,2
173,0.1918929223937419,42.88883686107777,0.1129720416334265,22,6.315653066393546,34,20,5,2,15,280.8694222625511,1649.9888588935644,1,114.54281853984816,9.674050773304845,1
41,0.33416867767733366,18.495675616836223,0.2827503389185908,25,29.258735700219027,2,3,1,0,1,84.59220861569335,383.6580480505338,0,28.01146301906809,26.301479813652197,2
73,0.4394338383411519,29.034716627623684,0.12986170444648448,33,27.417653242419064,2,9,2,0,7,145.58431691657,166.01885602392332,0,67.30740718389134,17.626716342445686,2
67,0.2769440890181327,20.678942017526094,0.2674434398809802,39,29.19841317176826,6,4,1,0,4,121.84223927035846,632.3514030920678,1,36.67955799634085,23.58717579843293,2
22,0.4043928868699767,26.773972526088805,0.27047720083682547,42,39.01844597248679,5,2,0,0,0,39.29847481628994,105.98833908271914,0,95.13747959021481,12.991953122951168,2
29,0.2569500163468092,27.813550228324925,0.1384320629632802,31,33.03012812404859,14,7,0,1,0,54.46637705526286,125.69558796323987,1,58.88027585905814,26.261739282276395,2
331,0.12217086481307832,84.31577575177035,0.04091291120067218,8,4.129939698255752,34,23,13,5,21,497.4247754247571,2665.3459345769556,7,456.30284281490776,1.9597982231528384,0
92,0.3489514479171609,26.128428098393016,0.23900122692219442,48,23.95748533798956,2,7,0,1,4,131.66513850880662,360.10117596134006,0,79.50897159087987,19.54133499134545,2
60,0.41100225981634475,29.153043783628256,0.22113311754815373,50,34.886372765552046,5,6,0,1,2,97.55778054183189,248.99553967193964,0,51.43555514986879,13.662707431435397,2
104,0.22368264557515039,50.557574476850654,0.06436540611058503,10,5.400690863482667,27,16,4,2,12,228.81479974644634,1523.3690387201113,3,132.26278431776393,3.717741766788508,1
280,0.10697776346758955,79.45429927982431,0.042747176819993675,8,4.771324565653047,34,23,3,1,25,351.03462519278446,4391.633217736288,2,283.2320106769956,1.99108488656415,0
252,0.08747292461551191,84.12789608707918,0.022883788088773414,4,1.7758154690710994,57,35,4,6,18,313.6357501307388,3570.801641457835,1,267.7289898719948,1.203376554634604,0
28,0.336721206681907,28.417146896734135,0.12286081076520064,26,31.086798306143205,7,7,2,1,4,91.71917746918305,270.3467458235191,1,27.366439449889583,17.377692447480115,2
46,0.41127105615871795,17.001330140413913,0.29062872234833725,26,31.36580064792738,8,7,0,0,2,129.7883398037834,307.7964239959896,0,30.207299142990173,29.524625134019487,2
288,0.09446790519137217,90.18541167440466,0.02034753322791632,8,4.2427437119450655,54,57,11,9,38,489.1742824749277,4661.357951671095,6,426.7538235681477,1.4686661595543917,0
115,0.23067735696487673,59.11220562559636,0.07984084021823981,19,9.979485925822638,34,18,1,3,11,192.51917238961187,1996.3886033750614,1,107.13747888191686,7.577308024584801,1
122,0.22647762421250892,42.66105841375607,0.07519946931453406,11,8.172591743568676,25,24,1,1,8,191.55381733044365,1477.1612776037964,1,189.30335837654678,9.3856073539972,1
117,0.23400188319206985,53.18841068075356,0.10148244700183781,19,6.3257407748448236,20,16,3,0,17,211.60506008798146,947.0997878086196,1,234.31190667913285,5.314205669790013,1
111,0.22537201765621295,51.60082582778294,0.06145729646108095,19,11.134018465221711,30,13,6,0,6,257.4947905053047,1771.7462344257256,0,139.68194293390627,9.220498685540687,1
73,0.4312194899287566,17.833095089419793,0.2517777065680845,32,36.23510637418017,14,8,2,0,4,37.26627074895127,267.6253456741267,0,41.89564127730791,23.078873443598525,2
81,0.2694329363931931,15.704442928229277,0.12435204787575063,38,33.42719226260881,8,2,3,0,2,139.88296200619652,748.6989917154414,1,34.2238670852199,17.301013082110615,2
194,0.21805606661388377,57.13898608964078,0.11823388903942891,22,11.050712534377437,28,10,6,4,12,182.1450108484318,895.7469483608004,3,183.22101374109218,6.012953356615768,1
227,0.08274304286729524,93.07195311236313,0.04014795336202077,6,2.981808413843927,48,46,11,1,38,512.00266010331,2230.422323207844,4,302.3639423773778,2.5140055469255955,0
259,0.14406496093385363,76.34073171743668,0.025646790643215192,2,2.1894201929473556,75,20,7,9,24,492.7732830970902,2939.1504351894405,6,353.87851576551645,1.3570974120136268,0
295,0.08641929030809367,69.0958248350845,0.04359788658689888,8,4.595603296024942,46,58,14,9,15,506.11174517474416,2490.0099442671717,1,453.01940275216975,1.8887432004240785,0
185,0.16246133856783274,46.46762789168846,0.08527391177664201,11,14.344107945712148,26,11,5,1,12,212.71973996904342,1143.9926975444275,2,204.95696157315058,9.202517769668676,1
97,0.33468504632936696,19.923296559608715,0.2308397366455774,46,17.687465927735726,11,4,0,0,6,55.13140633667203,476.93318366389417,0,43.83659431666872,26.351890939030923,2
211,0.11892035270498091,95.89721639275537,0.04810594552154868,5,2.9535765202597584,59,46,10,2,18,584.5508829654584,2507.1853353191486,3,409.0118355847817,2.512792128290444,0
67,0.27163015120473316,13.56500134574226,0.23276088628106004,42,17.512368980993852,3,2,3,1,2,145.04919562901247,688.9158460497913,1,62.840671117159815,24.713950106125075,2
121,0.15983449215902132,58.07934971548162,0.09155540095751526,18,9.760567021510617,30,16,4,4,13,254.28444836216033,853.7017207114858,0,100.7538255047968,3.293809083704542,1
46,0.38316987292002563,16.420337025430978,0.22559399633514293,43,27.593318632705856,12,9,0,1,7,127.96772716338847,696.6488222712396,1,44.41266644298317,13.917443701582748,2
382,0.09861565474749673,72.95960244427198,0.03681541833417649,2,3.4599129613645294,48,29,12,5,25,337.0202445616789,4342.758069158272,7,465.87115209227886,2.6141683727469287,0
302,0.12280595976059763,62.065419114980514,0.021090625827870944,6,3.885688269314927,51,39,13,7,32,560.5232363824146,4037.5974536035083,5,364.91114934643434,2.3642941655119682,0
359,0.14819737459740873,76.5801833681451,0.046380980437912736,5,1.2770172251434397,62,30,10,7,29,570.9894043127132,3879.3710590307815,6,256.3924497724337,2.5691879869531795,0
389,0.09360660237964111,83.75532390231595,0.035191116919846124,8,1.48814020849758,48,58,14,6,37,312.70268363171516,4250.085236426574,7,313.6351357304153,0.9983637236779579,0
168,0.19539261364217958,38.04013148370143,0.0812748573555748,11,9.70816419365898,23,19,3,0,10,282.06328543104075,1041.4075605366809,2,222.58889034812842,5.217019854176512,1
183,0.2357096939609916,47.633841705945656,0.06810935492270007,20,7.624160816962144,16,17,3,1,13,236.14403095628603,1729.8300826183472,0,149.81108362357307,9.113689150597333,1
346,0.11362590573064482,98.9818906079548,0.027544288659581535,8,1.5512915966369416,37,56,6,4,36,363.23443480640645,3983.4220352860893,7,382.51561376293307,1.3754967025580476,0
363,0.08637014637359312,84.4161866803183,0.03407421534648034,8,4.918586860135534,50,46,12,6,24,573.9698041264369,2977.470382311454,6,469.3630316507922,1.5059326268061692,0
38,0.3315982966939174,12.548345134565213,0.13260623225372062,50,19.133110849513546,4,8,2,1,5,137.48030551654716,466.2246068876505,0,33.02772602232758,19.750551408099994,2
77,0.4345362868013224,13.380696273879096,0.1232882366897418,27,35.71249280360673,11,9,2,1,0,117.5082611362033,343.417847607148,1,41.86636664997303,12.60878909066693,2
52,0.2627822641898282,20.937236021578325,0.23445741491958128,29,34.755394038798606,3,6,2,0,2,78.23042243912118,330.1831328168332,1,86.862994916176,28.54024225850161,2
129,0.1931989371463441,46.18376372514064,0.08829440936429095,14,8.0984711675328,28,21,6,1,18,265.93109045727795,1475.7519126704562,0,159.8663949336139,7.386505783182308,1
191,0.22336428403644484,50.07115950989091,0.10108393581015768,20,14.457764972463472,19,15,5,1,16,201.45660086895154,1371.130661057269,1,161.4017381323589,6.588136476871075,1
82,0.36040647516797,20.040755208319215,0.24894642992052785,49,29.12806677457626,11,4,0,1,0,148.36782917823598,342.4795238339966,0,95.11066520564536,26.85176758867335,2
71,0.4351481264882838,13.182981556382284,0.27617592592415996,57,21.262836829097285,14,5,1,1,3,59.92227730880423,353.11318649421673,0,53.52840690293653,17.58278631545185,2
63,0.32147528068959247,30.748937728904558,0.2017937552306635,53,33.07426311107437,10,6,3,1,6,82.98080919470053,358.53111817375134,1,99.41796956749023,26.110062225197264,2
367,0.08936964831604433,89.66747776914661,0.04487331115892485,9,4.497049882440951,77,20,11,4,19,326.2645992083342,2550.357203450688,7,261.51576592049435,1.2115009557617025,0
184,0.2183975129915141,35.86626774535043,0.05213204656493478,10,7.781436404489108,27,11,5,4,10,203.58629522552042,1892.9539166119387,2,169.05792635125607,5.205395476253196,1
360,0.14322057410736383,90.83943702141914,0.025353886074711854,6,4.964505727285214,70,53,11,2,16,349.46543296954155,3843.457332534894,1,406.16599357092923,2.298086047610367,0
58,0.3739932582925668,30.957352925019084,0.16837094450366236,57,23.717495228479628,6,2,1,0,1,145.69749550386695,318.3800797026945,0,22.32319217673755,27.965181673496488,2
157,0.23997430784088716,56.37913362428682,0.08933636769952674,22,5.935201235979095,24,10,1,4,17,176.99994249160304,1845.8548168497516,0,110.7254536497453,3.1996401738705376,1
251,0.08582990878366818,72.45777056182564,0.021934977239599703,8,3.0586303462940463,51,30,13,3,31,467.8736563396026,3231.4873821816636,5,480.37834797685446,0.9793405434756661,0
64,0.39539077374662,28.977659957477314,0.2791464983374299,56,31.641843405732278,2,2,1,1,2,72.0842792916873,570.3692983464384,1,26.69793064871279,14.317327953189771,2
161,0.20142270112659777,58.52190668736772,0.08680392356782579,18,5.310681302444563,33,11,3,4,18,171.57517064854665,1045.405206431355,2,149.33796673160867,9.849461252702536,1
57,0.3310204254094241,16.115316751738128,0.22416924190624282,33,31.295002584526678,12,3,3,0,0,41.95933832774983,161.7947350778866,1,49.30425162098712,15.708955743997311,2
38,0.3087845457943009,11.464067763011958,0.2209895111142982,52,25.8020928213017,2,3,1,1,0,120.65445711903094,789.8061690587622,0,28.00144720194578,26.56250383713802,2
152,0.15557279857009845,55.096497156220565,0.11130337772014087,15,14.78265463529474,32,22,5,2,15,254.47607752153337,1851.9177426020224,1,183.73476254194915,4.359068876329843,1
172,0.19247833415241863,53.50945742352549,0.07354756063820365,14,9.618064815620187,24,19,3,4,11,248.57964924600935,1340.3182321959657,3,155.14870690886625,8.511280862201767,1
44,0.28448821585864614,14.352731188330875,0.1434591056261446,46,36.5574804243531,10,6,2,0,4,143.86579498793566,202.1224725383011,1,34.607770486967944,20.88499428991277,2
62,0.3101612322170868,26.125783363798753,0.25078885758797925,53,33.02552598256879,2,2,1,1,7,88.62220247169915,444.9242272905364,0,52.52306511096105,18.70582662990664,2
116,0.21894171338713247,48.23168620358975,0.05229996884182775,24,9.97566083388726,15,20,4,2,14,199.1349440883189,1525.9400157772452,1,248.75095792475173,4.622531943316058,1
108,0.16405919181733655,59.52744061283774,0.08912672681892639,24,10.183239230398234,15,16,2,2,10,289.96698317529797,1387.0358215767387,3,227.19575399688856,4.120518738407114,1
64,0.34206744632054703,30.52680557642547,0.21692939713411075,54,24.80997755602786,6,1,3,1,6,60.5208105093125,527.3543218292734,0,98.75050500948826,27.659049116949944,2
82,0.3398591641792509,10.027175495123313,0.25717952400553873,48,19.67180536008639,9,9,1,1,4,139.95250048122375,120.3271478618421,0,37.546254722473535,15.011425828442956,2
192,0.1897960346380757,58.83290930502402,0.09541145972130138,14,8.768106277742124,29,20,3,2,14,240.8639234038458,1846.5272764958972,3,182.80272584434766,5.679769455744527,1
54,0.381294303506033,25.50079019195587,0.17428738934026622,56,27.403042353536122,13,8,0,0,7,101.60866353358895,669.5452166612814,1,62.99070739514945,28.007520446951983,2
147,0.1554348098348657,41.088208472488404,0.05399663323569188,21,6.100177211275436,18,10,3,0,8,274.37726699248765,1243.8663507777499,2,131.80417757533434,4.564460199790879,1
58,0.2781169662497794,25.737758053816243,0.2149324116906105,27,34.62730509812476,2,5,2,0,1,102.81977146964799,473.3287899270555,1,68.03782906002192,27.935027292261296,2
378,0.12737389330970122,67.45283517976483,0.04416839097846264,3,1.274851330073071,40,51,14,2,25,456.82804246856097,3539.5492512703363,5,349.5701372722636,2.6052671562087792,0
323,0.14697606195885193,66.6208204146916,0.01408774478774876,5,4.322137825619359,47,53,10,7,28,304.74695159904627,2395.8959588718853,2,409.0171050880564,0.7703875364333919,0
81,0.4485726867207105,27.424830851770018,0.24453858831307493,49,16.19207860624408,8,6,2,1,6,132.67532178422806,479.687090074816,1,61.36117791093728,14.740830178373601,2
79,0.2968897697616079,11.1849644482791,0.13766139730209223,26,21.63068738446553,7,2,3,1,7,46.184981568965725,338.222183008734,0,53.187837584785846,10.458431462992738,2
226,0.10251079352760203,85.86659676468653,0.032325609983754514,9,4.412358493614602,43,34,11,3,17,474.4251316746062,2197.4352820717295,1,418.5043837209918,1.0889705706116937,0
166,0.24296496077013283,58.24838985185214,0.08959224694236304,15,9.119465486122635,23,13,2,0,10,281.6233862597232,1495.4436429799773,0,210.58415158747403,8.316405984318148,1
44,0.40270041694407327,19.149910207248396,0.1503337065858767,51,18.0099991670322,2,3,0,0,4,90.0835953354372,664.2782723608834,1,60.31726238603148,16.355708171737277,2
94,0.2662855377413871,11.728333395437234,0.13445696063014412,57,16.57541947188427,14,4,2,0,1,127.77554071919712,728.1076119733062,0,95.80183844409903,29.582243394896047,2
43,0.4034991667018615,30.659079621411614,0.288348629264748,54,29.3937409800962,11,2,0,0,0,136.59909776431465,277.48484315233645,1,61.7461979491076,29.332299845284282,2
130,0.19492745469566497,35.39629605579691,0.09255039768566864,11,14.916861403927356,33,23,5,3,9,212.69988253805275,1155.7288697352767,1,164.17351849573748,6.297579954931592,1
184,0.24981999076656175,51.80870669107162,0.10605618815849671,22,6.941287704459722,27,16,1,1,19,292.0755925265091,1863.9075154027357,1,168.29776150928927,9.554399273787595,1
315,0.10645913130855782,75.89272461830392,0.028483891630626423,2,3.685819739578573,41,24,9,1,29,401.24409770246945,3034.452823238509,3,420.66315126104973,2.7458881879191632,0
119,0.17230863345289749,53.36898222123446,0.06446502294241938,11,9.81994917732867,17,11,1,2,9,256.3971442205225,1195.2999888493314,0,204.5193270946512,8.488432458799352,1
214,0.14709790478182388,96.42744793022852,0.016357531331070263,4,2.4193654410275616,63,41,9,9,34,468.76656038191425,3606.1038235449537,6,286.80676860262923,1.7891913776926827,0
105,0.2164339366605682,37.890140265287805,0.08002432716455972,22,9.848587397161037,29,15,6,0,7,241.37930870899893,1825.2151793392586,2,200.03580800263154,3.7025724656653773,1
22,0.37951711776036146,33.625144575217035,0.22699368908563314,41,36.77845375405388,4,2,1,1,5,78.7215043425863,618.2133535291872,0,38.906081408756634,23.59108238214578,2
351,0.13209481598603084,81.10590920579143,0.027329869958866222,3,1.2154328279921045,52,57,13,2,37,487.0433491557889,2135.8839308392326,3,406.24493709400883,1.1990907962330155,0
53,0.3578758636056286,32.787883204179614,0.1357921069072858,58,25.792436141023323,9,4,1,1,2,62.80607017365343,766.4408928080475,1,60.25637360599711,27.742839973882877,2
259,0.132989939252056,88.80810326529183,0.026636294645877634,5,1.8393679794256377,38,33,14,3,15,401.93107268965315,3776.0505283671882,3,438.21216397055156,1.7882629699859418,0
347,0.10943750450655526,74.15485506244998,0.03620037355328434,3,3.550213057880919,41,21,7,9,23,595.4537231901281,4983.24580267662,6,277.0072393728948,2.5050956757071714,0
75,0.34326059799637954,26.886390450581263,0.2205251024909043,37,37.4969880142788,13,1,3,0,0,86.72482783635469,204.36282413777343,1,32.71720752181045,14.66508643645097,2
129,0.19492681584656368,46.412721383538326,0.09418316546420498,20,14.108342269897538,16,10,2,3,15,187.4801197886894,1493.8757434034164,0,174.02637739909,7.5070754928858845,1
211,0.11835803182736611,69.09403932119949,0.04083416434163959,6,1.9078587774614566,31,34,10,3,25,443.54883487678853,4844.754613370238,3,477.9314692281939,1.8390862514689361,0
379,0.0858023925185348,64.11925917325262,0.02582180335519875,8,3.9117887069229726,43,34,2,2,24,379.6110334805926,4969.2692402280045,6,304.4281282445379,2.436048736515758,0
48,0.43690739632824066,24.486210481217242,0.18073070962477794,53,36.430008358113355,10,7,0,1,1,99.62627564286485,557.652755585706,0,79.16409189879943,13.245616486280474,2
386,0.14434235862848915,61.36912443282117,0.036432804731970025,3,2.8812762164071426,70,26,13,9,38,576.7102454010309,2004.0388128696911,5,280.4720206330676,1.127225791335262,0
92,0.38023846163017216,33.2852581948265,0.2979615977662429,41,35.660373221222045,13,4,1,1,7,39.65318402512011,276.4103135753368,1,88.856162603372,20.92619142758598,2
224,0.12541759882041031,99.61365253367109,0.02497187068559171,2,3.451600643447797,75,42,4,3,23,472.33102676166175,2144.276931236106,5,350.3744026412191,1.1410325692473546,0
65,0.34876718813038465,18.13512405823968,0.20919443219613204,28,18.214670323281833,11,9,2,1,6,137.30736512882964,192.5985956067238,0,60.20253474056601,28.745240895556808,2
329,0.12878475391046704,73.57084983584764,0.047649500169295464,8,2.735202049019087,77,27,6,6,14,511.22498139640174,3934.5836684449396,2,480.5479820128211,0.6241537286492972,0
171,0.18417488423259273,37.95015066548437,0.08633151855049889,21,8.144341058114055,23,12,3,1,14,215.8543865970672,1039.2569828127523,1,188.6643070803421,9.889154716382505,1
379,0.1394068856447272,74.6142727869623,0.03929087228738581,7,2.5641710522326977,61,24,13,7,23,320.7984991163294,2418.7966020794,2,343.03005381042465,1.6943553159988398,0
335,0.12771295682809528,76.35820708341973,0.015137948723727656,5,4.235533846545312,64,24,6,7,34,569.4714191859705,4172.697642835848,4,409.62219619978384,1.7117237923407687,0
169,0.20217334188532457,35.03170192288726,0.08854833440294527,24,11.116556756460142,26,14,6,1,18,244.0175725577767,966.7518862986994,1,158.72195955010235,8.069434389658591,1
46,0.41670792630875475,11.105268598392515,0.1408524874675209,34,36.46938213071162,2,6,0,0,5,37.72498602180475,482.61598444807123,1,59.00018228962239,27.289538072356564,2
87,0.2944706038420629,11.333724863746518,0.2812537662615354,57,30.874741539911255,2,8,0,1,3,129.89873693033383,384.96436931061385,1,74.44438781155854,26.09474129533881,2
143,0.22422987567339442,37.59091816201989,0.10640347428053318,15,12.026295764379158,31,22,5,1,16,257.79056110352934,1943.749535009558,3,188.47515916596336,8.300054062152075,1
137,0.21241134200456543,46.251604260393954,0.10731227672689342,23,7.336247636485665,21,15,2,4,16,287.56477577576914,1171.718376971484,3,142.90900774889283,5.689359294481842,1
39,0.32365406508902417,22.680938880188926,0.17725993363349704,38,36.58258787112811,7,8,0,1,4,72.97762396820318,654.213025099757,0,80.18487765387647,26.38692297443542,2
362,0.12345639790954638,78.96949234801478,0.022485922267857884,5,2.740721597021427,73,36,14,9,10,374.8374612879697,4682.795354769241,7,316.76875186408313,2.8802391291323093,0
129,0.2387042744446962,51.816108588169755,0.07221022886431337,24,5.5196609813118025,32,19,6,0,19,168.65179761636162,1192.6654197937446,1,172.20740676226413,3.0823556605689837,1
192,0.16377340988878086,52.31285031902982,0.09238111397137397,18,13.59324951070476,30,16,6,3,9,227.11210434289097,1766.0212318815534,0,118.37787138056407,6.345139539859114,1
76,0.2763965996024814,17.7198007450149,0.15234475703723455,42,26.526224180470887,5,4,1,1,0,32.31589586723817,769.5486873439689,1,59.65290752280707,17.178259819960612,2
192,0.17368494705965462,51.674142587179546,0.11008585847037608,15,14.335931437012515,18,22,5,2,6,291.5347825735465,1681.3844483868843,0,117.82788677143557,8.59705050871402,1
194,0.17183031118115122,50.51392117558646,0.11477017363552086,19,11.178131945892865,34,22,5,1,17,157.37377854321414,1627.957228551635,2,221.6523062398104,4.922006208857151,1
20,0.36770513627867274,22.242634854949948,0.2065117320509959,54,36.3827092046003,9,8,2,1,1,81.04263291944204,675.6544596687014,0,83.93816850332215,13.90387628551851,2
76,0.25313447477774514,30.204206179719396,0.2031251761235316,37,37.67240979084569,4,5,1,1,5,71.66002076091512,393.25858945608934,0,61.1085887415298,21.018252798957715,2
133,0.19631994363089206,52.5539191299226,0.0927030341820426,23,8.032810260654452,23,17,4,2,16,258.73654077541266,1471.8717218431393,0,126.42308687542901,4.11196884360769,1
104,0.21856517492651995,45.09064738174743,0.06684771128081197,14,11.292191930082922,24,12,2,1,15,154.3495116503922,1098.2428927125115,1,108.36032897521032,3.283414770298131,1
33,0.4216618881014096,24.757800262269043,0.2700104365388287,39,23.08568388305538,9,9,1,1,1,94.94647536394727,329.8160972505384,1,47.41923308710767,23.742450407196113,2
199,0.15774115519847506,36.385824723530845,0.09796410176389062,16,5.744284184385156,25,17,2,1,17,284.7958392451655,1242.2749628332567,2,242.12158515934368,5.741665800151662,1
178,0.15461964832016287,44.73790064863522,0.08512742628783576,22,14.324439783773508,34,15,2,0,8,196.645953207455,1284.9318172915487,1,127.606155223217,7.333651666897838,1
167,0.17177288996829335,42.46232745187408,0.10092941248025405,22,8.567231693089063,31,17,5,4,12,234.96655276299398,1642.5166260553892,0,181.35384257384823,7.480341578510394,1
166,0.2131880159246885,46.187572242487704,0.07710722337424325,24,8.94807282878256,18,21,5,4,11,261.4999370348485,1695.3571738863707,2,212.22426985430442,4.626348821468127,1
97,0.3879777464476807,18.74431142237696,0.1370433674510261,49,28.426988519939748,7,6,0,0,4,67.8336615724707,528.0721162303417,0,22.198815586349674,15.686878196395867,2
165,0.2041362638396132,46.282129429441,0.09597706617619142,24,7.469654124670625,17,21,2,3,16,165.57590791663912,1288.59715816055,2,146.01914246651518,6.6349605767668995,1
177,0.24590842422824033,57.29682825021025,0.06386021212152874,22,5.792496061299288,21,24,4,3,14,198.40255606167304,1745.7427279342628,1,152.42111792989382,3.506439569282399,1
41,0.26883393964944746,25.870903899480435,0.2531465642006072,32,32.10963561480183,9,1,2,1,6,85.06998291584824,787.7841330777195,0,53.89521429283977,14.157761105262889,2
112,0.196362207434345,35.35932379444444,0.11942822547245412,24,6.8677252823112935,15,24,4,2,17,248.7425675139236,885.2294811791919,3,165.79830720255617,4.129918913813018,1
353,0.12740178396680873,99.90770463695372,0.045162859209125265,4,3.584360493850032,42,48,7,6,30,431.53701457517343,4340.567805448985,1,401.20985734064527,2.0034601767214086,0
67,0.4151516915233937,12.885689017606694,0.14920906306063345,31,35.53323625875609,7,2,3,0,4,146.95310530358898,411.7063406626473,1,64.72490302122013,10.529090109608482,2
180,0.15707914360111744,50.11435275645606,0.10963784774890892,16,8.356092442409013,17,11,6,1,17,188.20807506863233,1125.0910678962455,0,214.90388492789447,6.63222672155757,1
155,0.17771443518733598,45.37889190143276,0.0848270521219217,21,9.44479977977791,33,21,7,4,6,236.54387251814688,1827.5421536561148,1,166.02226708361988,6.413189066346927,1
93,0.42255770913427815,27.14257628472343,0.21459894062704132,45,23.749938071440457,13,3,1,0,6,48.08788887557644,327.2050614156954,1,58.82983161353554,24.118133386533167,2
73,0.28118024870798936,11.312304598825747,0.1752600329127001,44,34.12505809979308,13,7,1,1,4,121.46790744530314,773.4527646260561,1,52.90581574586157,10.080505577079414,2
70,0.4352316661051736,28.81180037634346,0.23509643523178275,46,34.573944149182,7,6,1,0,1,68.81608016765959,219.0748174084532,0,86.17493713962574,11.73018537879495,2
251,0.14845304681279897,70.89207418881197,0.040282370704448935,4,4.860518968507986,48,33,5,5,17,371.12541255520205,2351.840443401335,4,419.16115870496185,2.37488420450602,0
231,0.10362127837103427,63.54173642454472,0.04674711187974017,3,4.447947633617089,37,36,13,1,35,347.4911700316843,2461.758529348715,7,433.6771425662564,2.642088374307941,0
109,0.23317246313050896,51.801313512634046,0.07512080836957011,24,10.265949425897894,30,22,1,4,12,228.8040722729247,1152.8040663139436,0,149.9368144347105,4.950996005988043,1
96,0.3842916062600723,24.226091249891656,0.16784389594716106,32,15.141575013144918,10,8,3,0,3,81.28981442252513,396.46686461071585,0,55.29148794952612,21.28435954066731,2
326,0.10312439368966397,75.93149535902542,0.03308740946846993,4,1.4477437080861213,74,40,9,9,30,407.5003970015021,2223.9152932382863,7,375.92215233205974,1.608908363746257,0
166,0.18829030140372457,57.48781912740775,0.10548848009945644,18,11.225493962131138,22,19,7,0,7,161.94676935521488,1848.36058716164,1,109.06548174108461,6.253489441562506,1
55,0.2567942642665902,11.990406283185944,0.26507153430794694,47,17.467022937096935,3,1,3,1,2,68.32609402004222,789.8783364718274,1,46.14048377944247,19.26657803092546,2
21,0.25652484428127603,26.340888067943222,0.22495805123354393,30,20.620964367949362,5,7,2,1,3,65.60475470038796,427.8866815170511,0,90.62445433507878,26.886670983986754,2
150,0.1683423643497956,53.91347918065602,0.11854843039831614,17,10.809685866315924,17,14,4,4,14,156.7321524709077,1169.1861048276037,0,175.5660165586951,3.139310386180545,1
100,0.20208857827006793,57.86736400842643,0.10982725289689844,13,14.451224487448869,21,24,6,2,17,201.33983891846194,952.9996720063829,2,152.95071264577544,3.6387138891297877,1
49,0.40118358292502754,11.335344081238715,0.14131143145697772,29,39.48375060809732,3,9,2,0,0,79.08092840835279,409.47262234544525,1,57.7474379870091,10.699976825279713,2
108,0.16278118443603826,36.76013406006285,0.07419598548793015,17,6.197599664321972,32,20,4,3,15,175.69868166815624,1329.441322655519,2,134.11723810971995,3.6230222458787575,1
116,0.24126050268831103,35.39239763990699,0.07377848329357109,10,8.690177324111728,33,16,7,1,8,190.8700776049644,1414.4280669305112,3,207.5571908060657,6.656612847767607,1
240,0.1367842923715202,91.14287756203004,0.01914500646099694,6,1.5969511118007045,57,47,8,7,39,349.80654709285824,3378.952458978717,6,327.2005688374038,0.6026704319760136,0
66,0.3605660712184799,20.262916009063765,0.1560120127711619,59,33.21605809292251,14,7,0,0,1,85.94282761866407,545.5811420037069,0,36.02129237743969,26.960558053145625,2
175,0.19461704378126965,36.27006474222355,0.09207638171774118,10,10.65888605101759,33,14,6,3,12,165.9138074921928,862.7316467266469,0,115.65571871242435,5.32859619874624,1
179,0.1511917982978242,37.09477431370654,0.09622350813598893,16,12.476518245649778,25,14,4,2,5,258.53710506599714,1660.8842664862523,0,183.23647507381133,4.173350946884091,1
71,0.4005885775367275,28.325605371591454,0.1322266465859349,52,15.490806784691333,11,5,0,1,2,46.88920360693839,496.6672176251152,0,95.06920121522074,10.446898675325825,2
98,0.3622239483575487,19.514679872444177,0.29555292925740834,25,25.091982064662854,13,6,0,0,1,86.06089600229359,441.57034785352414,0,22.31941959991839,11.864898384427168,2
75,0.30742182218551395,32.51641376920999,0.19727781004878694,25,29.41409908556517,3,7,3,1,6,76.6040253205857,128.35048053734366,1,40.62914029158759,24.677619465474837,2
111,0.24117278483416327,47.72213137935614,0.10266419917723692,10,6.585202340274094,21,13,7,2,9,206.40626866637348,1894.9820650764423,0,148.7198373070541,3.9131894558597575,1
359,0.10801560250104174,79.88047795284996,0.028583943865432407,5,2.0773251932081003,75,43,3,8,38,412.9590863367895,2246.0710556344125,2,464.9198962700832,2.5328691379199624,0
300,0.13179361323131622,91.60338548496347,0.0359029457360763,7,1.4214701358112238,59,32,2,8,11,409.14289234228005,4840.26810552111,1,287.9715430841576,2.3454206763421093,0
64,0.42676586469509714,32.07438749577243,0.12764617799372416,34,20.893829500119587,5,8,3,1,6,108.82718815856215,678.4514471225029,0,88.64109260546614,20.548721698584558,2
250,0.08929217955700788,81.95687919555908,0.031001260034410727,2,2.1110104949970445,39,25,9,8,32,318.18147231447296,2650.868737591639,6,332.6402505765727,2.63413637235278,0
65,0.4431988989114925,27.97542886279837,0.175890495458907,56,37.91565704944948,14,7,0,1,0,113.3529133952074,600.9716437987377,1,67.42816039137773,17.8007655530861,2
359,0.10717878687929105,65.64327395110854,0.04285762912039466,4,3.9693922022900368,43,41,13,3,35,440.49905578014403,2585.0269413158476,7,423.7968665525164,2.3753830735787815,0
390,0.08624430300984394,89.51423067626101,0.016246553791686956,2,4.922067288004424,42,45,10,7,37,343.29276021648093,4314.536185995463,7,361.8002580541095,0.54165117811054,0
208,0.1477581635807876,82.93177512717602,0.011175777830260292,9,4.2054676632780765,74,36,5,1,39,393.94896054893314,2452.0624610025015,5,436.0071450869192,1.4852253819362577,0
178,0.1999548335204671,45.74611674357888,0.09954272453237786,15,9.751708660226281,34,22,7,2,17,240.6733473387689,1258.3496228543227,2,149.54412632022013,4.0650352084366155,1
313,0.10651408381659025,62.107353439089145,0.04182041486785613,5,1.390250040957199,37,30,14,7,20,538.1788157579895,3958.848974413527,6,492.40398472608445,1.7862240057800969,0
198,0.1993406700413395,57.926919486745334,0.08105910129207675,24,9.159136542975094,24,13,5,4,5,221.49306844658105,1484.6736855495278,3,239.55267656996017,4.63936097931769,1
83,0.4254317208532279,12.487273341559316,0.25616018574615573,49,34.60714429351172,12,6,2,0,5,38.349814025229485,679.3697948984359,1,59.455641583034335,14.274259497051581,2
191,0.16318068298966792,39.372098404871565,0.10251902806302401,12,12.11121817015286,30,22,1,0,9,222.2755880364387,1724.9774259971855,1,229.45431688754272,9.546524671196124,1
141,0.15249840822818495,59.077353272445066,0.07354420087009074,23,9.486325916177343,24,14,1,0,19,182.2116753612536,1521.2991984718587,3,130.67251917937352,8.927481190181805,1
371,0.08334012893841541,91.98148523678063,0.010203285592721038,3,1.930582154250724,74,40,7,8,38,507.203931344402,3194.683381874035,7,340.4117737102611,1.2536576486470017,0
303,0.10777486790497219,96.69582452342127,0.048256627902377,4,1.6151645986721244,57,52,10,3,21,432.91780869912634,2749.3164873395594,5,442.2300111427921,2.178515181609342,0
74,0.4102744499750919,18.906326072470033,0.1961465122347933,30,30.41845201437257,13,9,0,0,1,114.62267747008256,518.7357149625254,1,98.52875418656114,15.999829411074222,2
109,0.24810448622544656,51.68329624169233,0.08100657075235529,18,7.082318086082145,33,20,7,2,5,236.01024388465558,1253.8356194338628,2,221.35518253605125,4.17698760126323,1
359,0.11747348948108664,80.80672439514927,0.019382451733393147,6,1.9096379834455157,40,48,14,1,25,334.71039545409064,3955.7025966873816,5,457.45531617932124,1.3473619383711217,0
202,0.1293559055007662,77.07155621346998,0.010049273406657035,6,2.2676899093797798,46,36,5,4,20,518.8391309494991,3011.932862453683,6,308.9057127979121,1.9567153663864572,0
189,0.23779783824996592,36.271335590895525,0.055099170828163985,19,10.703125078265039,31,18,1,3,9,167.4668286127067,1736.9425800385716,3,109.9941997615562,5.555177128271762,1
386,0.09517663746105438,67.84452398773811,0.018413983196754746,5,1.3750276825822265,67,36,14,3,29,484.5760959847242,3856.3162311230153,2,350.5559337117781,1.2899928528130684,0
110,0.1581679764866354,59.81563871132175,0.06987147271134993,13,12.892906546771048,27,11,1,0,11,166.1886832447491,1386.0018956052015,1,159.62319886339418,6.518478634828747,1
37,0.35930449156648353,20.614302546008926,0.17000750904696849,46,39.79285571968592,4,8,1,1,5,50.34241923953549,695.5462678414774,0,36.87754317693595,11.254431818027768,2
22,0.36904003618108755,34.699383024434255,0.24659495523540806,31,24.839445503643947,13,4,1,1,7,114.87248711333461,399.6896354970992,1,77.25113888535674,25.303804059620596,2
318,0.10433334501378785,98.32683172015722,0.02517434359689695,5,2.1024493547157816,48,31,5,4,17,520.1649392407624,3169.6992388732415,3,451.9664114209953,0.7480739902366169,0
151,0.15631830968602264,45.160463525053444,0.09563076655533241,17,11.13170360743117,23,20,1,4,11,239.04158166696214,1706.0818449579501,1,166.7528025588033,5.898474780374714,1
253,0.12475529498819696,67.37483682715853,0.0213541811443458,7,1.7130098676185663,76,32,10,2,36,435.84411426327506,2923.659146048748,1,437.56519852182885,1.843351242107953,0
75,0.31475379513359325,22.750484493200794,0.22649845179426065,25,30.526852211760843,9,3,2,0,0,146.26820605368454,150.32959306024725,0,52.01163738276473,18.148713055322876,2
190,0.2432348141633711,50.59359315218989,0.11437444356196519,19,5.606830689506824,30,22,4,1,8,155.34182254092622,1729.8601187035385,3,139.38253450300004,7.082366133181322,1
42,0.3722634774106163,13.038769018272763,0.20136514322364335,34,37.230953438170644,13,6,0,0,1,65.06121640584539,252.0726007366163,1,27.4287578354817,23.952696456653285,2
384,0.12096046726278303,96.02289204945544,0.0316991454287747,2,2.9463906489750125,50,53,14,1,11,491.1284102473328,4526.0469845202315,5,250.4109392781124,0.9243980034820662,0
69,0.44419543831782937,31.515043746507263,0.2555867169472473,42,36.479309039248335,4,2,1,1,2,71.68768341004066,160.6749928055815,0,69.15370385784236,22.274129636991535,2
295,0.11344004236161594,90.61425124264963,0.03721826505437301,5,3.1582248819820204,67,42,11,1,33,369.61672191034677,2104.8177392179655,4,489.86804573885297,1.143697440359312,0
386,0.08391098082741451,96.9184092719394,0.04858081889080834,5,2.913021178303695,45,36,6,3,26,545.3568916965089,2839.237903307213,6,475.81202627378264,2.4725571113703353,0
120,0.2134929730117744,35.09899857530357,0.08845284556302105,18,11.685466951139853,20,10,7,4,13,163.20090412671783,1559.2124418096319,2,170.91900179523745,4.750397309571072,1
135,0.1796444887744153,38.73590646295736,0.06145315421197886,18,11.153478406285743,15,18,7,2,8,246.03763724284144,1397.7556090207763,3,130.8052277034978,8.340642149580928,1
102,0.17606616548329365,54.18197943789075,0.0832304788989749,13,14.122545611011557,16,23,3,3,14,297.96210277243335,1221.6271215859122,0,104.56353094811284,5.166371054364069,1
21,0.36909580133313463,26.202896107117386,0.2622440056622065,25,29.9708503662646,2,6,0,1,6,84.96175491791351,645.2248515718002,1,83.64506900018156,25.67833857693097,2
135,0.2309194803656741,48.93602417909,0.06829781215922764,19,9.327670817081938,34,15,6,4,16,233.43545910386592,838.2617542503106,3,126.34396983520034,6.5919905105929395,1
89,0.32032954682278086,20.94826909618427,0.28065762525574106,46,27.7951599359656,12,9,1,1,2,112.66397813106673,342.2016890805935,0,73.55988612405557,11.161266777821826,2
90,0.3021111931972898,14.631700553814689,0.1266031209710176,34,31.689600544964016,14,2,1,1,0,64.84931065706958,134.83703761200286,0,34.912433125448885,17.287365882001602,2
20,0.3478580315007525,21.224494351595993,0.15582318456269767,30,24.53276599880195,6,3,0,0,6,67.82247481847565,129.72963734188795,0,34.0686305052954,17.96512818314023,2
385,0.13614764743187138,90.12984882989804,0.036279354302579725,3,1.3674835508401788,64,36,5,9,13,388.18473030506925,3513.8570738230865,1,455.1380348139297,2.640002687232882,0
387,0.112008561312961,97.28057369027736,0.043048227831758636,7,1.3198615774372078,79,37,8,9,18,424.14823959623874,4886.78433982747,4,267.28839192962533,1.7932337053806329,0
112,0.204123821443383,50.169822395533416,0.11121325722985496,12,6.061300193090195,23,15,1,1,15,245.6168068076853,1493.6900590217979,2,146.80019591626754,4.779524803466817,1
127,0.23693523009923473,37.986222099107145,0.0645794372607482,10,9.933415880523805,18,13,6,2,12,276.783833724111,1370.7860371099005,0,174.82765356164114,4.201857951899438,1
69,0.4295527155038376,22.56959276929929,0.13834031628061128,25,32.971601822095266,5,3,1,0,7,81.7938620846819,689.1726464900421,0,73.51613134085,16.021743609304274,2
281,0.1460976117987617,95.14516461493753,0.017568861591400236,7,1.2584667193763446,30,20,5,8,16,442.48528957912447,2397.213840489364,5,428.7248835228284,2.4907516585378304,0
70,0.2713512660988826,22.339319831724527,0.2624128801300082,27,38.384898854592514,6,6,1,0,7,124.7654411052659,746.9663905698931,1,23.387979798113143,10.8103905087934,2
138,0.21603882523958254,48.19405163341119,0.07496262390120703,22,12.651065916331309,15,24,3,3,15,189.48692622458165,1826.4897945251455,3,150.82017548906694,3.9794328405889585,1
140,0.15529074332706644,56.23674753959156,0.053040335006494625,21,9.927813458649556,23,11,2,1,17,233.01415511806022,1251.126050483952,1,236.47354612480905,9.03458860088162,1
397,0.08932295876566249,96.42496014161216,0.04789401850524155,4,3.998181937875553,62,54,13,4,31,400.8021176970326,2455.3262295533063,6,381.890912249855,1.562383797656076,0
299,0.08496586418999494,83.03993671222639,0.014977502291874254,2,1.091575299904481,51,49,13,1,15,440.7855681977371,2935.406410867306,1,408.20065266537677,1.9046594745237961,0
393,0.0846365184496306,66.18688563532945,0.013810460318185051,5,2.8469312544495287,32,41,12,9,37,438.7173530737622,3496.913350741298,4,349.66062355326596,2.6181735249068097,0
127,0.233303426394107,39.72464149927938,0.1088775116257209,14,5.658298433631538,31,15,2,1,14,265.1791384688783,1624.3429296625259,1,193.78173007862728,4.170370981830878,1
266,0.1315775732776439,75.35855559678903,0.04323508765366822,5,2.714522187881903,69,32,13,6,26,569.3230699529176,3569.6391649126244,1,296.4903768893544,2.4934858947694467,0
244,0.12816210071225273,61.31386680973753,0.03897690690456468,5,1.4558265388572686,57,43,13,1,22,420.83274996986995,4182.587690675286,6,371.4117163335693,2.370040191748506,0
58,0.3791580715590146,24.50830475644773,0.18186727658441124,51,26.510670559165035,11,6,2,1,0,118.3793050460135,134.18913632452075,0,49.10288412792457,14.66294607236173,2
287,0.12704182947066395,88.73829083346214,0.034031937857687926,5,2.917417760551407,55,59,6,8,39,584.7602079542673,2671.9476375952436,4,281.8925436428427,1.1045954885383829,0
113,0.1726277334143807,59.83945432048047,0.10205217622924323,11,11.993129211553038,33,22,4,2,8,253.4731606993143,1164.9863053825582,2,186.09422762524446,5.820227052696415,1
27,0.26223435103318876,12.87909779761314,0.14155804774395928,40,29.06988838020628,8,1,2,0,2,114.58762907457553,645.4421957355755,1,69.57313212957669,19.29443912397499,2
99,0.3066622670747697,28.922090191325886,0.1807781103841691,27,31.737018659648285,11,6,2,0,6,132.73562644236551,243.11245694596408,1,22.61240276753621,27.007255753157008,2
170,0.22768937482048726,57.70868025607524,0.09916274855937948,11,12.382955104783075,29,19,7,1,8,175.52289617167753,1142.7519196202925,3,127.06357331220556,6.2034231218162255,1
22,0.44159641072181993,34.12851751844215,0.2028949196045477,46,21.117546128741463,11,8,2,0,7,120.3883697170513,530.4370600613586,1,40.8664864020007,26.412511861343894,2
161,0.23054960460322443,41.42075094312963,0.06749213245016301,22,6.126092293492206,22,16,2,3,11,224.07705221123422,1478.0885497761265,2,207.83604169071856,7.740335065708588,1
22,0.33103124141723295,32.315019743188515,0.25474518246063593,46,22.95743464583339,7,6,1,0,1,98.92436690868168,743.6007203908853,1,68.72653240168108,18.90639236447504,2
397,0.1031176770313369,73.97547996197332,0.03429225793050685,9,2.0337264811672724,38,31,12,7,20,401.2947905997704,2366.334547772864,7,467.81290684966314,0.8035372637624303,0
57,0.38359461216443697,12.910007945759396,0.20426023028188683,59,29.188394661408005,6,3,3,0,1,110.71784873188453,431.2505209426735,0,26.719160111132716,29.77313109828025,2
149,0.1713203931389135,57.350179947920154,0.11611245815174265,19,10.657473065511459,25,24,3,1,14,245.70048528243723,1102.8965755718723,3,226.74255659089062,9.356244134350051,1
120,0.20010402369846034,58.36050542106284,0.06326633302661638,12,14.843219788140413,26,13,7,4,19,253.72583187203918,1983.1898866047911,0,140.77910900888736,7.288149657931135,1
99,0.3851783777416587,32.24909262843119,0.24878225196476697,37,33.89818362493093,6,3,1,1,4,31.849795013808922,129.12226334872494,0,46.67656164253178,28.154506862586853,2
151,0.17550934328323795,49.18608020058074,0.0907017763550037,12,7.4071258566350675,22,20,7,1,7,271.2235573536319,1363.81452198041,3,103.59631710647975,6.898664641649226,1
98,0.3463511659457963,25.84538515574862,0.12419167429966474,41,19.455860581733056,2,5,1,0,6,147.6386487273391,268.35842968387584,0,47.02046091948682,23.983863959627527,2
145,0.23819755551406074,48.920967367256026,0.08016589355628288,20,13.058911691968543,32,11,6,0,16,200.8805146907877,893.8905182960273,3,124.93008052131182,6.048535192172815,1
363,0.13443215986146578,68.78042100323835,0.01655997923957989,4,1.8688363907648422,57,44,12,6,17,495.4547049986677,2971.458724707294,7,467.29371435077184,2.134466877811154,0
357,0.10297068672323123,81.40146928179642,0.04614895868701082,7,2.254910764776384,78,39,14,4,26,549.8495705607227,2717.4276363035697,3,352.271287158719,1.5649937986710702,0
107,0.19640004281964263,38.48255846769786,0.11342133497310541,14,12.486721752509908,26,16,4,2,9,256.05467539843266,1104.0777290712472,3,107.12766358106656,7.768464804750842,1
343,0.09923122579181362,62.6870159966284,0.04361809625107734,7,3.781662593312213,73,54,3,9,39,451.89909280628035,4416.577740728171,4,378.24483745522684,0.6596994185772571,0
83,0.3371680737745452,13.68411005387278,0.2796576725141976,50,25.609094717033674,7,5,2,0,1,136.58134924540593,114.75646229997587,1,23.30157978996975,21.910052011456155,2
253,0.11357074712279752,60.009500943035384,0.010700639634482489,4,1.904588206359763,74,40,6,3,33,341.3655808068031,2886.9951178148576,4,448.28213449076407,2.834944935361298,0
39,0.25500303037817085,31.653218807307905,0.13714544188277852,49,31.142758618640933,4,4,1,1,1,108.55017602297524,582.5380809428232,0,66.33769516568854,28.406005411454963,2
381,0.08901238788097507,99.22307200719953,0.027854745860503426,5,2.0725560803820535,64,30,8,1,27,365.37261247560406,3214.175191488976,4,498.445993844543,2.9937953279316876,0
157,0.1940180328697193,51.610594664816944,0.11113176112804098,12,10.448816860293935,23,20,4,4,7,199.31189825244098,1634.3827395492615,1,172.8017345701627,4.248787763500067,1
371,0.14069816250468054,89.04382344249603,0.04409658636794591,9,1.1520873929498197,51,23,4,6,23,595.2703497703302,3260.012222244215,7,346.4848777342319,1.3949029863319116,0
56,0.300486238820408,28.48775582892662,0.14719638856896944,45,16.294586098576687,10,9,0,1,5,93.88784246722955,230.43343344108513,1,56.16748179123073,14.553732518591968,2
98,0.2836770596606109,19.83076744932194,0.28644761856820267,31,26.693695835004092,2,6,1,0,7,86.18716849111588,209.14837652168205,1,70.95191777323842,16.82618480979787,2
214,0.11775642138800438,73.31263143649937,0.0195476012520407,8,2.294001579645895,41,56,9,3,14,465.5631409263557,2632.6586830423644,4,457.8851965844164,1.2480800107526515,0
394,0.1412022323398092,72.58386227237644,0.036775616058374455,8,4.690492232351159,47,41,4,4,25,546.7483947870682,4696.3636692120435,2,296.2300743667861,2.052965805485208,0
148,0.19078959373715468,40.390244131076116,0.05420759892548771,20,13.34956775052117,17,24,5,3,9,182.12643791093802,1420.5804347406527,1,123.98698675361914,5.126046675138321,1
271,0.14773063860641733,73.70097028714173,0.016950139012302672,9,2.8004977296790385,40,25,5,4,31,346.79425910967996,4490.452948993754,5,339.14283148770477,2.9052552604125688,0
32,0.2780994629721603,15.474505747288937,0.21257776783036403,52,26.612971620292967,5,6,1,0,1,74.54731773089166,759.3373813960359,0,22.85395330884259,29.794457809326126,2
73,0.26010404533446696,29.0633778013505,0.19743345602013235,27,22.772800721554457,12,6,1,0,6,110.75404802956425,472.6457885619973,1,79.94322884394002,27.56671211775174,2
96,0.3398686105003643,19.107268866839476,0.19331968617256662,54,38.39502440136552,5,2,2,1,0,133.76133031027803,541.7460447173873,1,81.08834873303962,23.717449104628802,2
70,0.37651865366099946,15.940355004866063,0.16396142106172515,29,32.31953766070859,2,5,1,0,6,121.60575117402752,791.3170421592966,0,87.11048644040969,15.367567305542956,2
29,0.357869640968176,16.938666482450607,0.21574037237863797,33,18.163908574855956,13,4,2,0,3,127.43307015621663,290.2169615391372,1,35.35804046873903,26.023111946023146,2
